{
    "Nota Máxima": 20.0,
    "Nota Média": 15.5,
    "Menor Nota": 11.5,
    "Pergunta": "A percepção de que a África poderia representar uma dimensão privilegiada para a política externa brasileira emerge de forma emblemática na década de 1960 [...]. RIBEIRO, Claudio Oliveira. As relações Brasil-África entre os governos Collor e Itamar Franco. In: Revista Brasileira de Ciência Política, 2009, pp. 289-329. Tendo em vista a política externa brasileira em relação aos países do continente africano e considerando que o excerto apresentado tem caráter meramente motivador, redija um texto dissertativo abordando, necessariamente, os seguintes tópicos:o papel das relações com a África na construção do paradigma universalista da atuação internacional do Brasil a partir dos anos de 1960; os objetivos do Brasil nas relações com os países do continente africano; quatro formas de cooperação em defesa presentes no Acordo de Cooperação entre a República Federativa do Brasil e a República de Angola, no Domínio da Defesa, de junho de 2010; e como as relações com a África estão manifestadas na Política Nacional de Defesa e na Estratégia Nacional de Defesa de 2012.",
    "Padrão de Resposta": "Espera-se que o candidato redija o texto considerando os aspectos a seguir. Q1 e Q2. As relações com países da África, a partir dos anos de 1960, foram relevantes para a construção do paradigma universalista da política externa brasileira, contribuindo para a diversificação e a ampliação do alcance da inserção internacional do País. Também, para o desenvolvimento de uma matriz de política externa embasada na ideia de parcerias não excludentes com vistas à promoção da própria autonomia. A cooperação com países que apresentam problemas e vulnerabilidades relativamente similares contribuiu para ampliação da capacidade de ação do Brasil, no sistema internacional, em conjunto com desdobramentos do contexto internacional da segunda metade do século 20. As relações com os países do continente africano representavam também um esforço no sentido de diversificar as parcerias comerciais do País e de autonomia no sistema internacional, dimensões igualmente constitutivas do universalismo. Esses objetivos passaram a integrar a atuação internacional do Brasil, ainda que com variações, e assumindo formas específicas de acordo com políticas e orientações de governos. Q3. Com a Política Externa Independente, o Brasil buscou ampliar a sua base de relacionamentos para além de seus eixos “tradicionais” (América do Sul, Europa Ocidental e Estados Unidos da América). O País passou a abrir novas frentes de atuação internacional, na África, na Ásia e no Oriente Médio – regiões em que, naquele momento, muitos países acabavam de conquistar ou estavam em processo de conquista de sua independência formal na esteira do processo de descolonização. Q4 e Q5. Além dos aspectos mencionados, entre os objetivos do Brasil nas relações com os países do continente africano estão: internacionalização de empresas brasileiras, ampliação de exportações, estreitamento de laços políticos, econômicos e culturais, fornceimento de assistência de cooperação técnica, para o desenvolvimento, apoio para projetos de política externa e para candidaturas em organismos internacionais, assim como cooperação em defesa. Q6 e Q7. As formas de cooperação em defesa presentes no Acordo de Cooperação entre a República Federativa do Brasil e a República de Angola, no Domínio da Defesa, são: a) visitas mútuas, entre as Partes, de delegações de alto nível, à entidades civis e militares; b) reuniões entre instituições de defesa equivalentes; e) formação de quadros e pessoal técnico-militar, nos estabelecimentos de ensino das Partes; d) intercâmbio de instrutores e de estudantes de instituições militares; e) promoção de ações conjuntas de treino e instrução militar, exercícios militares conjuntos, bem como a correspondente troca de informação; f) participação em cursos teóricos e práticos, estágios, conferências, seminários, debates e simpósios de interesse da defesa; g) consultoria no domínio da potenciação, emprego do armamento e de técnica militar, como também outras áreas de interesse militar e técnico-militar; h) implementação e desenvolvimento de programas e projetos de aplicação de tecnologia de defesa, com a possibilidade da participação de entidades militares e civis de nível estratégico; i) fornecimento, manutenção, reparação e modernização de armamento e técnica militar; j) realização de pesquisas científicas e trabalhos de construção experimental para a criação, 9produção de armamento e técnica militar; k) facilitação de iniciativas comerciais relativas a materiais e serviços relacionados à área da defesa; 1) participação como observadores, em manobras e outros exercícios militares nacionais; m) visitas de navios de guerra e aeronaves militares; n ) intercâmbio de delegações e troca de experiências; o ) organização e participação em eventos culturais e desportivos. Q8. A Política Nacional de Defesa (PND) fixa os objetivos da Defesa Nacional e orienta o Estado quanto ao que fazer para alcançá-los. A Estratégia Nacional de Defesa (END) dispõe a respeito de como fazer o que foi estabelecido pela Política. A PND é o documento condicionante do planejamento de ações destinadas à defesa nacional. Os termos do modelo de defesa propostos nos documentos consideram a intensificação da projeção do Brasil no concerto das nações e sua maior inserção em processos decisórios internacionais. A edição de 2012 da PND e da END foi realizada de maneira conjunta. Q9 e Q10. A Política Nacional de Defesa e a Estratégia Nacional de Defesa, ambas de 2012, indicam que o País visualiza um entorno estratégico que extrapola a Região Sul-Americana e inclui o Atlântico Sul e os países lindeiros da África. Aponta que entre os fatores que contribuem para reduzir a possibilidade de conflitos no entorno estratégico e de incremento à participação brasileira no cenário internacional estão: a intensificação da cooperação e do comércio com países da África, a consolidação da Zona de Paz e de Cooperação do Atlântico Sul (ZOPACAS), o diálogo continuado nas mesas de interação inter-regionais em instâncias como a Cúpula América do Sul-África (ASA), no Fórum de Diálogo Índia-Brasil-África do Sul (IBAS) e a Comunidade de Países de Língua Portuguesa (CPLP). O documento aponta que o Brasil atribui prioridade, entre outros, aos países da África, em especial aos da África Ocidental e aos de língua portuguesa, buscando aprofundar seus laços com esses países. Será avaliada a capacidade do candidato de estabelecer uma tese e sustentá-la coerentemente. A avaliação seguirá o critério comparativo (i.e.). A avaliação individual será feita de acordo com a comparação do nível de outros exercícios. Nesse sentido, embora o candidato possa ter respondido de forma correta, abrangendo os requisitos anteriormente indicados, sua nota poderá ser menor do que a atribuída a outros que fizerem o exercício com maior qualidade intelectual, acadêmica e formal.",
    "Candidatos": [
        {
            "Nome": "Ana Cecília",
            "Inicio_candidato": 7835,
            "Inicio_redação": 7909,
            "Nota": 18.5,
            "Redação": "Até 1960, as relações do Brasil com a África eram difusas e de baixo perfil. O paradigma africanista da PEB tem início com a Política Externa Independente (PEI) e, desde então, apesar de breves interrupções, a importância das relações com a África tem se mantido constante na diplomacia brasileira. A PEI inaugura a “natural vocação africana” do Brasil e busca implementar relações mais robustas com os países africanos, fundamental para a concretização de uma diplomacia mais autônoma e universalista, que o Brasil buscava adotar a partir de então. Data do período a primeira visita de um chanceler brasileiro, Afonso Arinos, ao continente, a criação da Divisão da África no MRE e a nomeação de Raimundo de Souza Dantas, o primeiro embaixador negro, para chefiar a embaixada em Gana, além de aberturas de embaixadas em países como Senegal, Etiópia e Nigéria. Apesar do abandono da política africanista pelo governo Castello Branco (“passo fora da cadência”), e da visão da África como relevante apenas na proteção do “hemiciclo interior” do Brasil, ainda no final dos anos 1960, no governo Costa e Silva, são retomadas algumas medidas de aproximação do continente, que passam a reafirmar que o paradigma universalista da PEB tornar-se-ia política de Estado. Como exemplos dessa aproximação, pode- se citar abertura de embaixada no Quênia, consultas junto à Comissão Econômica para a África na ONU, a fim de aumentar os investimentos brasileiros na região, e o aumento das rotas marítimas e aéreas com a África do Sul. É na década de 1970, no entanto, que o paradigma africanista do Brasil realmente se fortalece. No governo Médici, o Brasil cria comissão de comércio com a África do Sul, o périplo africano do chanceler Mario Gibson Barboza entabula diversos acordos de cooperação técnica e cultural com os países visitados, e empresas brasileiras começam a internacionalizar-se em Angola. O governo Geisel representa a retomada definitiva do universalismo da PEB e, nesse contexto, a África assume relevância fulcral. O Brasil abandona de vez a posição “zigue- zague” com relação ao colonialismo português na ONU e a condenação do apartheid, e se aproxima com maior intensidade da África negra. Ao dotar postura pró-Palestina em momentos como a votação da Resolução 3379, aproxima-se, também, dos países árabes, e o comércio com a África atinge novos patamares. Cabe notar ainda que, desde 1960, a concertação com os países africanos em prol do desenvolvimento sempre aproximou o Brasil da África, realidade que se estende até os dias atuais. O universalismo da PEB se manteve no governo Figueiredo, mas, autores como Amado Cervo caracterizam os anos 1990 como anos de “afropressimismo”, tendo em vista a relativa perda de importância africana na balança comercial do Brasil. Os anos 2000, por sua vez, retomam a importância do continente para a PEB, como revela a abertura de inúmeras embaixadas, diversas visitas de alto nível ao continente, o crescimento do comércio e a formação de inúmeras coalizões de geometria variável, a exemplo do IBAS. O paradigma universalista, e o papel da África nisso, nunca mais foi posto de lado.1Sombra Saraiva caracteriza as relações do Brasil com o continente como “atlantismo brasileiro”, fazendo referência à forma diferenciada do país de manter relação com os africanos, com base na cooperação, nas trocas comerciais, na horizontalidade e na concertação política. Assim, dentre os objetivos do Brasil na sua relação com os países africanos estão a promoção ao desenvolvimento, o combate à fome (por meio de programas como o Fundo IBAS), a concertação em órgãos multilaterais, a cooperação Sul-Sul, a expansão do comércio (por meio da assinatura de acordos de investimento, de maior integração entre o Mercosul e os blocos africanos e da atuação do setor privado nacional), e a consecução de projetos de defesa no entorno estratégico brasileiro, em especial, no Atlântico Sul. Quanto ao tema de defesa, cabe destaque o Acordo de Cooperação na matéria com Angola, de 2010. O Acordo prevê diversas formas de cooperação, dentre as quais, o combate a crimes no Atlântico do Sul, como tráfico de drogas e pirataria, exercícios militares conjuntos, intercâmbios entre oficiais da Marinha dos dois países nas respectivas escolas navais (à semelhança da formação de mais de mil militares da Namíbia na escola naval brasileira), compartilhamento de informações e ajuda mútua para o levantamento das plataformas continentais. Nesse contexto, cabe destaque o acesso gratuito outorgado pelo Brasil das imagens dos satélites CBERS a países africanos, que pode em muito contribuir para o compartilhamento de informações e combate ao crime. As relações com a África assumem, assim, importância fundamental na estratégia de defesa do Brasil, tal como manifestado na Política Nacional de Defesa e na Estratégia Nacional de Defesa, de 2012. O Atlântico Sul e os países atlânticos fazem parte do entorno estratégico brasileiro, e qualquer política de defesa do território não pode desconsiderar a proteção da imensa costa brasileira e da Amazônia Azul. Assim, as relações com a África devem servir ao propósito também de proteger a fronteira marítima do Brasil, e a produção de mísseis A-Darter, em conjunto com a África do Sul, e exercícios militares conjuntos, no âmbito do IBSAMAR, buscam servir a esse propósito. O fato de a ZOPACAS ter criado na região uma zona livre de armas nucleares e de o Brasil “construir cada vez mais pontes sobre o Atlântico”, tornando-o gradualmente “mais Mediterrâneo” concretiza a ideia da Política Nacional de Defesa em prol de um Atlântico Sul seguro e sem ameaças, como as existentes atualmente no Golfo da Guiné."
        },
        {
            "Nome": "André Delgado",
            "Inicio_candidato": 21306,
            "Inicio_redação": 21375,
            "Nota": 15.5,
            "Redação": "A política externa brasileira esteve, por muito tempo, afastada da África, mantida sob o jugo da colonização europeia até meados do século XX. O continente africano, todavia, representa hoje uma dimensão privilegiada de nossa diplomacia, tendo em vista os laços históricos, culturais e humanos que unem os dois lados do Atlântico. No contexto dos processos de descolonização afro-asiáticos nos anos 190 e 1960, abriram-se novas rentes de atuação para a política externa do Brasil. As relações com a África tiveram papel crucial na construção do paradigma universalista da atuação internacional brasileira. A Política Externa Independente propugnada por Jânio Quadros e levada a cabo pelos chanceleres Afonso Arinos Melo Franco, San Tiago Dantas e Araújo Castro foi árdua defensora da autodeterminação dos povos africanos, explicitando essa posição na Assembleia Geral da ONU. Durante a PEI, houve troca de visitas oficiais entre o Brasil e líderes africanos coo Leopold Senghor do Senegal. A curta duração da PEI e as turbulências políticas no Brasil atrasaram a consolidação de uma política africanista sólida. Foi somente nos anos 1970, com a atuação do chanceler Mario Gibson Barboza e, depois, de Azeredo da Silveira, que se afirmou em definitivo uma “virada africanista” em nossa política externa. Gibson realizou em 1972 um “périplo”, em que visitou nove capitais africanas, ainda que tenha evitado as colônias portuguesas para não melindrar o relacionamento com Lisboa. Sob Geisel e Silveira, já em 1974 o Brasil se livrou da hipoteca do colonialismo português e consolidou a virada africanista, sendo pioneiro no reconhecimento das independências da Guiné, de Angola e de Moçambique. No período, foram abertas diversas embaixadas em países africanos, abrindo as portas do continente para a política externa brasileira e firmando o paradigma universalista em nossa atuação internacional. Os governos seguintes mantiveram sempre a África entre as prioridades do Brasil no exterior. Hodiernamente, as relações do Brasil com os países africanos orientam-se por três eixos principais: promoção dos laços econômicos-comerciais, cooperação em múltiplas áreas e coordenação política. O primeiro eixo envolve a promoção do comércio bilateral e dos investimentos mútuos. Os mercados emergentes africanos têm grande potencial para a absorção de produtos brasileiros e várias empresas nacionais já possuem investimentos significativos em países de África. O Acordo de Comércio Preferencial MERCOSUL-SACU converge com esse objetivo, bem como aquele de livre comércio com o Egito firmado pelo bloco sul-americano. Em termos de cooperação, o Brasil é importante fornecedor de cooperação técnica para países da África, com exemplos no campo da agricultura, da saúde, educação e muitos outros coordenados pela ABC, em formato bi ou trilateral. Vale lembrar o fornecimento recente de imagens satelitais à Moçambique em auxílio à resposta às enchentes ocorridas naquele país, os projetos de cotonicultura em países do Sahel ou a produção de medicamentos pela Fiocruz também em Moçambique. 6Na área da administração pública, o Brasil é referência para muitos países africanos. Dentro da coordenação política, o Brasil visa promover a democracia e o Estado de Direito, bem como o respeito aos direitos humanos na África. A participação brasileira em missões de observação eleitoral atesta essa atuação. A coordenação militar expressa-se, por exemplo, na construção da marinha da Namíbia com apoio do Brasil ou no desenvolvimento dos mísseis A-Darter em conjunto com a África do Sul. A CPLP é instrumento primordial de coordenação com os seis países de língua portuguesa no continente e a dimensão da defesa está presente na participação plena do Brasil no Grupo G7++, voltando ao combate à pirataria no Golfo da Guiné, bem como no Acordo de Cooperação em Defesa com Angola, de 2010. O Acordo será revisado e aprofundado, ao que tudo indica, na próxima reunião de alto nível do mecanismo Brasil-Angola, a ocorrer em data próxima ainda em 2022. O Tratado prevê cooperação em defesa na forma de exercícios militares conjuntos, compartilhamento de informações de inteligência, inclusive via Centro de Análises Estratégicas da CPLP, intercâmbio de alunos em formação nas respectivas escolas militares e facilitação de serviços de parte a parte na área militar. As previsões do Acordo e a atuação da política externa brasileira em relação à África coadunam-se com os objetivos e conceitos estabelecidos na PND e na END de 2012. Os documentos estruturantes da Defesa no Brasil preveem a África e o Atlântico Sul como partes do entorno estratégico brasileiro, no qual a construção de laços de confiança e amizade contribui para a segurança nacional. O fortalecimento da ZOPACAS é mencionado, reforçando a importância da África para a defesa e para a política externa do país."
        },
        {
            "Nome": "Gabriela Barcelos",
            "Inicio_candidato": 13582,
            "Inicio_redação": 13661,
            "Nota": 18.5,
            "Redação": "De fato, como afirma Claudio Ribeiro, as relações entre Brasil e África ganham uma dimensão privilegiada na política externa brasileira a partir dos anos 1960. O Brasil, no contexto da política externa independente, buscava a diversificação de parcerias, aumentar o nível de autonomia nacional e, assim, tomar decisões mais independentes em termos de política externa. Aproveitou-se, no período, do lançamento do Movimento dos Países Não-Alinhados, e, embora o Brasil não fizesse parte, o movimento proporcionou certa margem de manobra ao país. Assim, há a visita a países africanos e a criação do Departamento de África no Itamaraty, durante o governo João Goulart. Tal postura vai ser aprofundada no período do Pragmatismo Responsável e Ecumênico, com votos a favor das independências de Angola e Guiné- Bissau – a despeito da postura portuguesa – e com o voto de condenação do apartheid e do sionismo, na ONU. Todas essas medidas colaboraram para o estreitamento de laços com países do continente africano e para a construção de confiança mútua entre os governos. Abria-se, com as relações africanas, uma frente não só de comércio internacional, mas também de apoio na defesa de posições conjuntas em foros internacionais. Desde então, as relações vêm se diversificando. Houve, nos anos 1980, o estabelecimento da ZOPACAS, por resolução da ONU, que estabelece a cooperação em defesa e ausência de conflitos na região do Atlântico Sul. Nos anos 1990, houve a criação da CPLP, junto a países de língua portuguesa e que, dessa forma, compartilham importante passado histórico com o Brasil. Nos anos 2000, houve a criação do IBAS, que reúne Índia, Brasil e África do Sul na coordenação de posições em defesa do meio ambiente. Mais recentemente, a África do Sul foi incorporada ao BRICS como representante do continente africano e importante potência emergência do continente. Dadas essas iniciativas, pode-se dizer que os objetivos do Brasil nas relações com a África são tão variados quanto são os países que compõem o continente. De forma geral, há a coordenação política e cultural, a intensificação do comércio, a cooperação técnica, a defesa do Atlântico Sul e o estreitamento de relações para a busca de posições comuns em foros internacionais, todos podem ser considerados objetivos do Brasil na relação com a África. A cooperação em defesa é uma das modalidades mais importantes nas relações Brasil-África, do que é exemplo a formação e estruturação da Marinha da Namíbia, realizada com o apoio da Marinha do Brasil. Outro importante exemplo de cooperação em defesa é aquela estabelecida entre Brasil e Angola, em 2010. O Acordo de Cooperação estabelece quatro formas de cooperação em defesa, quais sejam, a cooperação técnica na formação de oficiais e no estabelecimento de boas práticas, o treinamento conjunto de algumas tropas dadas as similaridades territoriais e geográficas entre os países, o reforço das estruturas de defesa do Atlântico Sul, notadamente, a ZOPACAS, e a coordenação de estratégias no tocante à região do Atlântico Sul. 3Dado o histórico de relações e a importância do continente africano para o entorno estratégico brasileiro, a África comparece de forma relevante na Política Nacional de Defesa e na Estratégia Nacional de Defesa de 2012. O primeiro, mais antigo, é documento amplo que traça as orientações, as grandes linhas, da política de defesa brasileira. O segundo, já revisado algumas vezes, detalha como os grandes objetivos serão atingidos, é documento mais técnico voltado propriamente à estratégia militar. Na Política Nacional de Defesa, a África, mais especialmente a costa atlântica africana, aparece como uma das regiões do entorno estratégico brasileiro, assim como o Atlântico Sul, que embora não se resuma à relação com a África, tem nela importante elemento. Na Estratégia Nacional de Defesa, são elencados os meios de garantir a defesa do entorno estratégico, o que, no caso da África, passa pelo estreitamento das relações e cooperação militar, missões de treino conjunto, reforço da ZOPACAS e cooperação técnica."
        },
        {
            "Nome": "Vinicius Henrique",
            "Inicio_candidato": 17728,
            "Inicio_redação": 17801,
            "Nota": 18.5,
            "Redação": "Até os anos 1960, o tratamento que a política externa brasileira dava aos países africanos era guiada pela percepção de uma mera convergência histórico- cultural e pelo lusotropicalismo (valorização da sociedade criada pelos portugueses nos trópicos) associados ao lobby português. Com a Política Externa Independente (PEI), idealizada no governo Jânio Quadros por Afonso Arinos, o Brasil passa a defender a independência de países africanos com o discurso de descolonização. O chanceler faz um périplo pelo continente africano e o primeiro embaixador negro é nomeado para um posto em Gana (Raimundo Dantas). A África passa a ser entendida como uma potencial aliada em questões multilaterais e como uma parceira comercial. Entretanto, a política universalista da PEI falha ao manter a defesa (ao menos tácita, por meio da abstenção) do colonialismo português. Essa mudança virá com o Pragmatismo Ecumênico e Responsável de Ernesto Geisel e Azeredo da Silveira, que irão reconhecer as independências de Angola e Moçambique, mesmo com governo comunistas e com o não reconhecimento português, já que as negociações ainda estavam em andamento. Também há uma nova condenação ao regime do apartheid na resolução 3379 da AGNU, a qual, por uma infelicidade histórica, também condenou o sionismo como forma de racismo, sendo revogada em 1991. O Brasil lutou contra o regime do 4apartheid apoiando outras resoluções e negando-se a elevar sua legação em Pretória ao status de embaixada. As aproximações com a África continuaram constantes ao longo dos últimos anos, embora o fluxo comercial tenha arrefecido na última década. O Brasil e seis países africanos fazem parte da CPLP (juntamente com Portugal e Timor-Leste), bem como há o arranjo de cúpulas entre países da América do Sul e África (AFRAS), em processo de reativação. Com a África do Sul, o Brasil articula-se dentro dos BRICS, como fórum de debates mais amplo, do IBAS (inclusive com o projeto IBAS Ocean, voltado à cooperação militar) e do BASIC (voltado a negociações climáticas). O continente africano é o maior destino de cooperação enviada pelo brasil por meio da ABC, como a fazenda experimental da Embrapa no Mali e intercâmbios técnicos como o Cotton-4. Com relação à área de defesa, o entorno brasileiro compreende também a costa oeste da África, como definido na Política Nacional de Defesa. Assim, é necessário securitizar a área, atuando contra ilícitos e valorizando o status de área livre de armas nucleares, reforçando a Zona de Paz do Atlântico Sul (ZOPACAS), criada por resolução da AGNU. Já a Estratégia Nacional de Defesa, que operacionaliza a PND, define três domínios estratégicos: nuclear (para fins pacíficos), espacial e cibernético. Além disso, prevê a realização de exercícios militares conjuntos com países africanos, além de oferecer treinamento a esses contingentes, já que esses países são vistos como parceiros no combate à ilícitos, como a pirataria no golfo da Guiné e outras áreas do Atlântico Sul.O Acordo de Cooperação em Defesa entre Angola e Brasil prevê uma série de formas de cooperação, dentre elas: fornecimento de material bélico, treinamento de tropas, exercícios conjuntos e troca de inteligência e informações. Em conclusão, os países do continente africano são fundamentais para os objetivos brasileiros de defesa, segurança, comércio e também construção de capital político, já que ocupam 54 assentos nas Nações Unidas e seriam fundamentais para garantir os dois terços necessários a uma reforma da Carta."
        },
        {
            "Nome": "Anônimo",
            "Inicio_candidato": 26230,
            "Inicio_redação": 26286,
            "Nota": 11.5,
            "Redação": "Sombra Saraiva descreve que as relações Brasil-África de 1950 a 1973 foram caracterizadas por “ziguezague”, haja vista o balanceamento [sic] de interesses com Portugal (salazarista) e a África do Sul e os demais países do continente. Durante a Política Externa Independente (PEI), de Jânio Quadros e Jango, houve a criação do Departamento de África, aprovação e voto favorável à Resolução 1514 na ONU em prol da descolonização, missão do navio Custódio de Melo, sob a lógica de afinidade histórico- cultural, mas abstenção de resoluções condenatórias específicas ao apartheid. Castelo Branco fortalece relações comerciais com o continente em envio de missão comercial. Sob lógica universalista, derivada também do discurso dos 3Ds, de Araújo Castro (1963), Costa e Silva engajou-se com africanos em foros multilaterais (UNCTAD), embora mantivesse o apoio ao colonialismo português veladamente. Em Médici, Gibson Barboza protagonizou o Périplo para a África, sem visitar PALOPs. A mudança estrutural ocorreu de fato com Geisel, no Pragmatismo Responsável e Ecumênico, após a Revolução dos Cravos (1974), ao ser o 1º país a reconhecer as independências de Guiné-Bissau, Moçambique e Angola (Missão Ítalo Zappa), fugindo da lógica bipolar e em busca de novos mercados e fontes de petróleo. Figueiredo refutou a hipótese de construir uma OTAS, enquanto Sarney adotou sanções ao regime do apartheid, propugnou pela criação da ZOPACAS e do IILP (1989). Lula teve postura de solidariedade ativa, perdoando dívidas externas de países africanos, e Dilma defendeu o RWP e o IBAS na atuação de missões de paz. Temer manteve a lógica universalista com ampliação de contatos para acesso a mercados da África do Sul, por exemplo. Atualmente, a política externa brasileira (PEB) pautada também pelo paradigma universalista busca o desenvolvimento inter-regional conjunto. Participa de iniciativas de defesa na lógica de paz positiva (IBSAMAR), desenvolvimento tecnológico (míssil DART com África do Sul), monitoramento de eleições (preside a configuração específica para Guiné-Bissau na CCP/ONU), além de iniciativas multilaterais de paz e segurança (monitorar o Golfo da Guiné). É o país com mais embaixadas africanas da América Latina (mais de 30) e conta com decidido apoio na CPLP para difusão e promoção da língua portuguesa, sendo Luanda escolhida para uma das sedes do Instituto Guimarães Rosa. Em termos comerciais, o Brasil busca diversificar suas fontes de suprimento de fertilizantes (Marrocos), além de reforçar parcerias tradicionais quanto à exportação de bens da indústria de transformação e importação de óleos combustíveis (Argélia). O continente é fonte estratégica de internacionalização de empresas brasileiras (Marcopolo e WEG, na África do Sul) e construção de infraestrutura (corredor de Nacala e aeroporto de Maputo, Moçambique). Além disso, em projeto de cooperação bilateral e trilateral constrói capacidades estatais em experiências autorreplicáveis, horizontais, demand-driven (exemplo do PROSAVANA com Moçambique e Japão). Além disso, está presente em 5 missões de paz no continente, com um force commander (MONUSCO), cooperando na Agenda Mulheres, Paz e Segurança, além de concertar 8esforços para a reforma do CSNU, ao apoiar a Declaração de Sirte, e fortalecer a UA (apoio à ZCLCA). Haja vista a cooperação militar tradicional brasileira com Angola, inclusive em missões de paz (UNAVEM-I e II), o Brasil coopera de diversas formas com o governo de Luanda. Primeiro, ele recebe oficiais angolanos para treinamento de operações de paz, no âmbito dos centros de treinamento do Exército e da Marinha. Segundo, atua no provimento de insumos para a formação de police troops. Terceiro, ajuda a fornecer insumos para o patrulhamento de águas angolanas em exercícios militares com a África do Sul (IBSAMAR). Quarto, busca fortalecer a fronteira nordeste angolana em vista da desestruturação fronteiriça do lado congolês. Quinto, apresenta na formação de staff doutrinas de engajamento em conflitos. Conforme a Política Nacional de Defesa (PND), a Estratégia Nacional de Defesa (END) e o Livro Branco de Defesa, o “entorno estratégico brasileiro” é composto para além das fronteiras terrestres, das fronteiras molhadas do Atlântico Sul (“um rio chamado Atlântico”) e da fronteira oriental (que é formada pela costa ocidental africana). Assim, é relevante que o Brasil auxilie os países da África Ocidental (Cedeao) e Austral (SACU, além de Angola), pois a desestabilização política nesses países pode levar a reflexos negativos para o Brasil. A pirataria no Golfo da Guiné, com desvio e roubo de cargas, aumenta os custos de frete internacional, reduzindo as perspectivas de fornecimento sustentado de petróleo para o Brasil. A atuação criminosa pode confluir para o embaraço de operações em plataformas de petróleo pós-sal e pré-sal africana (o ridge atlântico evidencia grandes reservas de hidratos de metano e hidrocarbonetos na costa da Namíbia até Benin). Além disso, a escalada de conflitos pode ocasionar aumento no número de refugiados, utilizando a rota atlântica, aumentando a necessidade de aquisição de informações. Ademais, rotas marítimas relevantes para o Brasil que margem a costa ocidental africana podem ser afetados em caso de distúrbios no patrulhamento da defesa desses países. Assim, a atuação do IBSAMAR (“a onça, o leão e o tigre”) serve como mecanismo dissuasório. Finalmente, o aumento da presença de grupos terroristas (Boko Haram e Estado Islâmico do Grande Saara) gera maciças violações de direitos humanos. Isso, aliado a redes de tráficos de pessoas, armas e animais, aumenta o poder de grupos paraestatais que podem prejudicar o funcionamento estatal eficiente. Assim, verifica-se a importância e prioridade atribuída pela diplomacia e órgãos de defesa, inclusive em composições 2+2, para instar projetos de cooperação técnica, humanitária e de defesa conjuntas (A4P+), tendo sido as forças do Exército e Marinha indicadas para nível 2 e 3 do sistema de prontidão CCP."
        }
    ]
}