{
    "Nota Máxima": 30.0,
    "Nota Média": 18.5,
    "Menor Nota": 8.5,
    "Pergunta": "Os líderes globais endossaram unanimemente a responsabilidade de proteger na Cúpula Mundial de 2005. Após [...] um tempo de divisões globais profundas, isto foi um avanço. O imperativo estava claro: fazer mais para proteger as pessoas, e fazê-lo como uma comunidade internacional unida. No entanto, hoje ainda há o receio de que o princípio possa ser usado para realizar ações coletivas voltadas a outros propósitos além daqueles acordados nessa cúpula. Há também preocupações acerca de possíveis padrões duplos e do uso seletivo do princípio no passado. É por isso que esses diálogos abertos e francos são necessários para dissipar equívocos e desconfianças. Temos que forjar um entendimento mútuo e estabelecer um apoio forte à responsabilidade de proteger como uma ferramenta de proteção e prevenção. [...] Neste momento de desafios extremos, não devemos abandonar tal responsabilidade e nem a deixar em estado de animação suspensa, finamente articulada em palavras, mas violada, por vezes, na prática. GUTERRES, António. Remarks to the General Assem- bly debate on the responsibility to protect. United Nations, Secretary-General, Jun. 25, 2018. Disponível em: <https://www.un.org/sg/en/content/sg/spee - ches/2018-06-25/responsibility-protect-remarks-gene - ral-assembly>. Acesso em: 28 abr. 2022 (tradução livre), com adaptações. Em 2018, a Assembleia Geral das Nações Unidas (AGNU) retomou o debate a respeito do princípio da responsabilidade de proteger (responsibility to protect – R2P). Nessa ocasião, o secretário-geral das Nações Unidas, António Guterres, se pronunciou para manifestar preocupações com relação ao emprego desse princípio e, ao mesmo tempo, para reforçá-lo. Se, por um lado, há desconfianças quanto à eficácia da responsabilidade de proteger, por outro, as alternativas a ele parecem ter perdido espaço na agenda onusiana. Considerando que o excerto apresentado tem caráter meramente motivador, redija um texto dissertativo acerca do princípio da responsabilidade de proteger. Aborde, necessariamente, os seguintes tópicos: o surgimento do princípio da responsabilidade de proteger no âmbito da construção do argumento humanitário a partir dos anos de 1980 até 2005; a contestação do princípio da responsabilidade de proteger na Cúpula Mundial de 2005; 7os pilares do princípio da responsabilidade de proteger; e a adoção do princípio da responsabilidade de proteger no caso da Líbia, em 2011, e suas implicações para situações posteriores.",
    "Padrão de Resposta": "Espera-se que o candidato redija o texto considerando os aspectos a seguir. No primeiro tópico, espera-se que o candidato demonstre conhecimento em relação à evolução histórica da construção do argumento humanitário em torno da responsabilidade internacional da proteção de civis, com ênfase no dilema entre, de um lado, a intervenção por razões humanitárias e o direito à assistência humanitária e, do outro, a soberania estatal. Inicialmente, nos anos de 1980, o dever de ingerência foi o termo que pautou a construção desse argumento. Q1. Esse termo dizia respeito à atuação de organizações não governamentais (ONGs), principalmente a dos Médicos sem Fronteiras, em emergências humanitárias e em conflitos armados –, com a finalidade de ajudar às populações carentes e de remediar o sofrimento delas, por meio de ações como assistência médica, tratamento de doentes ou feridos e outros. Em seguida, nos anos 1990, o argumento passou a se estruturar em torno da intervenção humanitária. (Q2 ) – Ao contrário do termo anterior, a intervenção humanitária pressupunha a atuação de governos nacionais em territórios estrangeiros com o propósito de proteger – se necessário, por meio do uso da força militar – as populações contra graves violações dos direitos humanos. Ainda nessa década, considerando a gravidade de tais violações em situações como na Somália, em Ruanda, na Bósnia, em Kosovo, entre outras, surgiram outros termos e iniciativas correlatos com a intervenção humanitária, como a segurança humana, a Doutrina Blair, a soberania como responsabilidade e a soberania individual. 8Os termos e as iniciativas mencionados, em particular a soberania como responsabilidade, foram examinados pelo relatório da Comissão Internacional sobre Intervenção e Soberania Estatal (ICISS, na sigla em inglês) intitulado “The Responsibility to Protect: Report of the International Commission on Intervention and State Sovereignty” e publicado em 2001. Uma das principais contribuições desse relatório, que passou a pautar o debate no início do século 21, foi propor a substituição do termo intervenção humanitária, ou direito de intervir, por responsabilidade de proteger (Q3 ), na tentativa de reconciliar as posições divergentes entre os países do Sul e do Norte a respeito da redefinição da soberania. Além disso, esse relatório também distinguiu três dimensões dessa responsabilidade – responsabilidade de prevenir, de agir e de reconstruir –, entre outras questões, que pautariam as discussões do termo na agenda onusiana. Na Cúpula Mundial de 2005, a Assembleia Geral das Nações Unidas (AGNU) adotou a resolução A/RES/60/1, por meio da qual a organização incorporou o conceito de responsabilidade de proteger (Q4). Nesse documento, reconheceu- se que, tanto os estados quanto a comunidade internacional, por meio da Organização das Nações Unidas, teriam a responsabilidade de proteger as populações contra o genocídio, crimes de guerra, limpeza étnica e crimes contra a humanidade. Com base nessas considerações, o candidato deve já tratar do segundo tópico solicitado na questão. Nesse tópico, é preciso demonstrar conhecimento acerca do debate em torno do princípio da responsabilidade de proteger no decorrer da cúpula. Primeiramente, faz-se necessária a identificação de países que se opuseram, total ou parcialmente a esse princípio, e as posições assumidas por eles. São exemplos desses países: China, Cuba, Egito, Irã, Paquistão, Rússia, Venezuela, Vietnã e Malásia. Na sequência, é preciso selecionar pelo dois desses países e apresentar a sua respectiva posição (Q5). Para exemplificar, China e Malásia rejeitaram parcialmente esse princípio por causa da importância de discutir mais a respeito dele, enquanto Cuba rejeitou totalmente por o considerar como um pretexto para a intervenção de superpotências em assuntos domésticos. Ainda nesse segundo tópico, é preciso conferir maior pontuação às respostas que, comparativamente, apresentem maior número de países e suas posições. No terceiro tópico, é desejável que o candidato mencione que os três pilares do princípio da responsabilidade de proteger foram estabelecidos no relatório do então secretário-geral das Nações Unidas, Ban Ki-moon, apresentado à AGNU em 2009 – documento este intitulado Implementing the Responsibility to Protect: Report of the Secretary-General (A/63/677). O primeiro pilar é que os Estados detêm a responsabilidade primária de proteger a própria população, nacionais ou não, contra o genocídio, crimes de guerra, limpeza étnica e crimes contra a humanidade, assim como qualquer incentivo a essas transgressões (Q6). O segundo pilar é que a comunidade internacional detém a responsabilidade de encorajar e auxiliar os Estados a cumprirem a sua responsabilidade primária, sobretudo, por meio da cooperação e da implementação de uma estratégia de prevenção (Q7). E, finalmente, o último pilar é que essa comunidade deve estar preparada para agir coletivamente, de acordo com a Carta das Nações Unidas – em particular com os Capítulos VI, VII e VIII –, quando um Estado falhar em proteger a própria população contra as transgressões citadas anteriormente (Q8). 9Finalmente, no último tópico, o candidato deve demonstrar capacidade de análise da adoção controversa do princípio de responsabilidade de proteger quando se deu a intervenção na Líbia em 2011 e argumentar que essa adoção, por um lado, trouxe novamente à tona as preocupações demonstradas por países na Cúpula Mundial de 2005 e, por outro, inviabilizou que esse princípio fosse utilizado em situações posteriores, como na guerra civil na Síria. As Resoluções de 1970 e de 1973 do Conselho de Segurança das Nações Unidas (CSNU), adotadas no início de 2011, foram as primeiras a fazer referência a esse princípio, e a segunda autorizou, pela primeira vez, o uso da força para fins de proteção humanitária contra um Estado em pleno funcionamento. A comunidade internacional, por meio do CSNU e sob a liderança da Organização do Tratado do Atlântico Norte (Otan), decidiu intervir na Líbia diante da resposta do governo de Muammar Kadafi à revolta popular que ocorreu no contexto da Primavera Árabe. A intervenção se deu sob os auspícios da Resolução de 1973, a qual determinou que fossem tomadas as medidas necessárias para proteger civis ameaçados em território líbio e, entre essas medidas, se estabeleceu a ambígua zona de exclusão aérea. Essa medida possibilitou o uso de uma força militar robusta sob a retórica humanitária, porém a implementação dessa medida acabou favorecendo os rebeldes e levou à mudança de regime, com a queda e morte de Kadafi (Q9). Países que se abstiveram na votação da Resolução de 1973, como a Índia, questionaram o fato de que o uso do princípio da responsabilidade de proteger não foi condizente com o mandato conferido pelo documento. Além disso, a experiência negativa do caso líbio elucida as preocupações já apresentadas por países, como Cuba, na Cúpula Mundial de 2005 e por António Guterres, especificamente a possibilidade de o princípio ter padrões duplos e ser usado seletivamente: a responsabilidade de proteger poderia legitimar intervenções de grandes potências e da OTAN, mesmo que sob a retórica humanitária, para atender os próprios interesses, a exemplo da mudança de regime na Líbia. Dessa forma, diversos países, como China e Brasil, mostraram-se céticos em adotar esse princípio para pautar a atuação da comunidade internacional na Síria e no Sudão do Sul, por exemplo, com o receio de que os resultados malsucedidos ocorressem novamente (Q10 ). Será avaliada a capacidade do candidato de estabelecer uma tese e sustentá-la coerentemente. A avaliação seguirá o critério comparativo (i.e.). A avaliação individual será feita de acordo com a comparação do nível de outros exercícios. Nesse sentido, embora o candidato possa ter respondido de forma correta, abrangendo os requisitos anteriormente indicados, sua nota poderá ser menor do que a atribuída a outros que fizerem o exercício com maior qualidade intelectual, acadêmica e formal.",
    "Candidatos": [
        {
            "Nome": "André Novo",
            "Inicio_candidato": 12089,
            "Inicio_redação": 12155,
            "Nota": 27.0,
            "Redação": "O princípio da responsabilidade de proteger (R2P) foi resultado de uma elaboração da comunidade internacional a partir dos anos 1980. Nessa época, com a aproximação do fim da Guerra Fria, os conflitos violentos passam por uma mudança de natureza em âmbito geral, no sentido em que passam a predominar aqueles de natureza interestatal em detrimento dos interestatais, embora estes continuem a ocorrer. Nesse contexto, constrói-se um argumento humanitário a partir do descongelamento da bipolaridade no final dos anos 1980. Operações de paz mais robustas, a partir de então, passam a ser aprovadas pelo CSNU, muito embora ainda sob o capítulo VI da Carta da ONU, como aquelas em Angola (UNAVEM) e Moçambique (ONUMOZ), em que há maior componente médico e policial, com fins humanitários. Na concepção do Conselho, era preciso proteger e auxiliar a população civil de países que passavam por conflitos domésticos, com base na promoção da dignidade humana e nos direitos internacionais dos indivíduos. É nesse período também que se começa a elaborar a noção de “dever de proteger”, em um sentido mesmo de ingerência da comunidade internacional, como elaborado no seio do Médicos sem Fronteiras na época, em consonância com concepções, então em voga, de shared commons. Nos anos 1990, a nova espécie de conflitos se intensifica, com a propagação da violência étnica no interior dos Estados, muitas vezes associada à dissolução URSS, como no leste europeu e nos Balcãs, mas também em outras regiões, como na África.  Ao mesmo tempo, o fim da Guerra Fria permite um “descongelamento” do CSNU, que passa a aprovar mais resoluções, e coloca em voga o tema dos direitos humanos, de que é ilustração a Conferência de Viena de 1993, mas não só. A ONU envia, assim, missões a Somália, Ruanda, Iugoslávia e outros países. Contudo, sua atuação sob o Capítulo VI da Carta e a demora em tomar ações mais efetivas não são capazes de impedir os massacres na Bósnia e em Ruando, gerando críticas internacionais à sua inação em proteger os civis de genocídios e crimes contra a humanidade perpetrados com fins de limpeza étnica nesses países. Essas críticas, somadas à experiência fracassada dos EUA na Somália, onde foi derrubado helicóptero norte-americano em missão de paz, acarretam uma retração relativa nas operações com fins de proteger civis. Nesse contexto, Boutros-Ghali elabora a Agenda para a Paz, em 1993, e seu suplemento, em 1995, onde constam, entre os tipos de operação de paz, aquelas de pacificação por meio de imposição da paz (peace enforcement). Relativiza-se, assim, o princípio do consenso dos Estados, acrescentando- lhe o princípio de uso da força não só em legítima defesa, mas também em proteção do mandato da missão, incluindo a proteção a civis. Desse modo, no final dos anos 1990, o argumento humanitário passa a informar as operações de paz da ONU, como aquelas no Kosovo (UNMIK) e no Timor Leste (UNTAET e sucessoras), em que se instalam, nos países, administrações de território pelas Nações Unidas, e, no início dos anos 2000, missões robustas com autorização de uso da força, como a MINUSTAH, sendo que algumas delas com atuação ativa de forças militares, como a MONUSCO. 1Nesse contexto, e com uma intensificação de conflitos em áreas geopoliticamente estratégicas no período, algumas vezes associados pelas principais potências ao terrorismo internacional após os ataques de 11 de setembro aos EUA pela Al-Qaeda, a Cúpula Mundial da ONU de 2005 endossa unanimemente o princípio da responsabilidade de proteger. Contudo, diversos países, entre eles o Brasil, fazem ressalvas quanto aos limites e ao modo de aplicação desse princípio. Em primeiro lugar, não deveria ele ser usado com fins políticos (por exemplo, para destituir governos), em violação ao princípio de não intervenção consagrado no artigo 2(7) da Carta da ONU e no costume internacional. Em segundo lugar, não deveria obedecer a padrões duplos, aplicando-se seletivamente a uns países e não a outros. Desse modo, estabeleceram-se os pilares do princípio da responsabilidade de proteger para que fosse aplicado conformemente ao Direito Internacional e respeitando- se a soberania, a independência, a integridade territorial e a igualdade jurídica entre os Estados. O primeiro pilar é que ele deveria ser aplicado apenas em casos de genocídio, crimes contra a humanidade e limpeza étnica, limitando-se assim a arbitrariedade em seu uso. O segundo pilar é que a responsabilidade primária de proteger a população cabe ao Estado com jurisdição territorial sobre ela. O terceiro pilar consiste em que a comunidade internacional (ou seja, o Conselho de Segurança, e não estados particulares ou alianças militares não mandatadas) deve antes buscar cooperar com o Estado para tentar pôr fim às violações, devendo agir somente após demonstrada a incapacidade do Estado em fazê-lo ou sua não vontade ou mesmo sua colaboração. Assim, em 2011, pela Res. CSNU 1973, o princípio da responsabilidade de proteger foi aplicado no caso das violações cometidas pelo governo de Muammar Gaddafi, na Líbia, contra os direitos humanos de sua população. Na ocasião, alguns países, entre eles, fizeram ressalvas quanto ao modo de aplicação do princípio. Com efeito, a atuação das forças militares da OTAN, mandatadas pelo CSNU, foram utilizadas, sob o pretexto de proteger os civis, para a destituição de Gaddafi, cujo governo não agradava aos EUA e seus aliados. Nesse contexto, o Brasil propôs o conceito de responsabilidade ao proteger (RWP). De acordo com ele, os mandatos do CSNU deveriam ser suficientemente claros, de modo a limitar na prática as possibilidades de usos políticos do conceito. Ademais, a atuação das forças militares no terreno deveria ser objeto de constante e estrito monitoramento pela comunidade internacional, de modo a verificar se não estariam extrapolando seu mandato. Ainda, dever-se-ia dar mais ênfase à prevenção de conflitos, por meio de mais intensa atividade diplomática e cooperação internacional. A implementação equivocada do R2P na Líbia, porém, não deixou de ter implicações para conflitos posteriores. No mesmo ano de 2011, Rússia e China vetam a resolução do CSNU que autorizaria o uso da força na Síria, por temer que o R2P seria utilizado politicamente no caso para derrubar o governo de Bashar al-Assad. Na ocasião, o Brasil novamente fez ressalvas ao projeto de resolução. A China acabaria por elaborar conceito semelhante ao RWP, mas, assim como este, sem maiores implicações de longo prazo até o momento. No conflito no leste da Ucrânia tampouco foi aplicado o R2P, nem em outros conflitos que envolveram interesses estratégicos de membros do CSNU. Por outro 2lado, vemos sua aplicação na constituição de missões de paz na RDC (MONUSCO), na RCA (MINUSCA), no Sudão do Sul (UNMISS) e em outros países da África, o que, de um lado, demonstra as possibilidades de proteção dos direitos humanos, mas de outro revela a seletividade no uso da R2P."
        },
        {
            "Nome": "Felipe Pereira",
            "Inicio_candidato": 35030,
            "Inicio_redação": 35094,
            "Nota": 18.5,
            "Redação": "Durante a Guerra Fria, o conflito geopolítico, ideológico e bipolar impedia uma atuação mais ampla da Organização das Nações Unidas (ONU) e do Conselho de Segurança (CSNU) em missões de paz. Com o ocaso da União Soviética (1991), observou-se a abertura de possibilidade de atuação na criação de missões de operações de paz. Assim, no início da década de 1990, verificou-se consenso para criar missões de paz (“Capítulo Seis e Meio”), em Angola (UNAVEM-I e II) e em outros países, de modo a preservar o engajamento solicitado por esses países, de forma neutra e uso da força somente em legítima defesa das tropas. Essas missões de 1ª geração foram contrapostas com o relatório “Uma Agenda para a Paz” (1992) de Boutros Gali, identificando novas possibilidades de atuação (peaceenforcing e peacebuilding), de modo que o consentimento para operação de missões de paz, passou a ser flexibilizado. Nesse contexto, surgem as operações de paz de 2ª geração, sendo o momento mais notório o da Somália, em que se observou desestruturação política intensa e fracionamento de poderio e diálogo em inúmeros clãs. A falha da operação levou a desengajamento posterior dos EUA em outros conflitos no exterior. Nesse contexto, observou- se o conflito genocida (hutus v. tutsis), cuja mortandade exagerada levou à percepção de que a comunidade internacional não poderia se abster de situações de graves violações de direitos humanos, como em Ruanda. Mesmo com o Relatório Brahimi 8(2000), apregoando o reengajamento de operações de paz, houve a necessidade de concertação política mais multilateral para observar os limites da atuação internacional. Na Cúpula Mundial de 2005, foram estabelecidas diversas iniciativas em prol de paz e segurança internacional. Houve a abertura de negociações intergovernamentais para a expansão do número de membros permanentes do CSNU (gestação do G4) em reformas abrangentes da ONU, bem como a criação da Comissão de Consolidação da Paz (CCP). Além disso, houve a formulação dos princípios da responsabilidade de proteger (R2P). Nele, elencava-se que os Estados eram os principais responsáveis pela manutenção da ordem em suas fronteiras, porém, caso falhassem em sua atuação de forma omissa, a comunidade internacional como um todo teria a competência por atuar em contraposição a tais ameaças à paz, segurança e estabilidade internacionais. Embora não seja um costume, tratado ou princípios de jus cogens, ele balizaria as decisões futuras do CSNU. A responsabilidade seria atribuída em casos de omissão estatal deliberada no cometimento de crimes de genocídio, lesa- humanidade, de guerra e de limpeza étnica (de agressão não). Não obstante, o R2P foi criticado por países em desenvolvimento que viam a possibilidade de atuação de potências ocidentais contra sua soberania, independência política e integridade territorial, em patente desrespeito ao art. 2º da Carta da ONU (1945) e da DUDH (1948). Esses países avaliavam que agrupamentos regionais, com discursos de intervenção humanitárias e democráticas, haviam se excedido no uso da força (caso da OTAN, na ex- Iugoslávia). Além disso, temiam que o momento unipolar dos EUA levasse ao incremento de atuações unilaterais, sob a lógica de vulnerabilidade das fronteiras dos EUA na “Guerra ao Terror”, e impusesse ações interventivas como no caso das interpretações extensivas de resolução do Capítulo VII aprovadas pelo CSNU, em relação ao Afeganistão (2001) e ao Iraque (2003). A hipótese de que o R2P fosse utilizado para fins políticos internos dos EUA ou de países europeus deterioraria, inclusive, as organizações internacionais, atribuindo viés de atuação ao CSNU. Assim, a lógica de missões multidimensionais para a construção de capacidades estatais, como no Timor Leste (UNTAET), de 3ª geração pareciam mais adequadas. Mesmo com o Relatório Capstone (2008), houve missões de paz adotadas com o princípio R2P. Patente é o caso, durante a Primavera Árabe, de autorização de “todos os meios necessários” na Líbia pelo CSNU. O Brasil se absteve de Resolução, em 2011, enquanto membro não permanente no biênio 2011-12, sob o governo Dilma Rousseff, na Líbia. A queda de Khadafi e a desestruturação social, formando milícias de diversas facções em Benghazi e Trípoli, denotavam que a paz deveria ser construída de forma duradoura, não sem consentimento das partes (não à toa, até hoje, o conflito na Líbia permanece). O Brasil advogou, e ainda advoga, o princípio da Responsabilidade AO Proteger (RWP), ou seja, quando a comunidade internacional atuasse, ela deveria seguir os direitos humanos e atuar para resolver o conflito, não para agravá- lo. É necessária responsabilidade na atuação de tropas, seja por capacetes azuis, seja por forças multinacionais (OTAN) ou regionais. Deve-se buscar resolver as causas profundas dos conflitos em associação do trinômio paz, segurança e desenvolvimento, de sorte que o diálogo político seja privilegiado ao uso da força.9Apesar disso, houve autorização do uso da força na Líbia, contra o princípio de RWP, em prol do R2P, em 2011. Desde então, a situação na Líbia só se deteriorou, com quebra de confiança das partes quanto a um diálogo político avançado pelos próprios líbios. Houve a acusação de cometimento de excessos e possíveis crimes de guerra pelas forças internacionais que deveriam buscar o oposto. Naquele momento, houve consenso entre as potências permanentes do CSNU (P5). Desde então, percebe-se redução de consenso dos membros com poder de veto para estabelecer missões sob R2P com os termos declarados em 2011. Embora algumas outras missões de paz e autorização de uso da força tenham sido acordadas no âmbito do CSNU, desde 2011, com em Abiye (Sudão do Sul), e em outros países africanos, observa-se maior comedimento quanto ao engajamento em lógica R2P. Pode-se dizer, inclusive, que, crescentemente, tem havido aceitação tácita do princípio RWP (embora este não seja mutuamente excludente ao R2P, mas, sim, complementar). Para alguns analistas, há descrédito crescente de organizações internacionais e o emprego de resoluções como em 2011 tem influência nessa tendência. O Brasil tem atuado, desde então, no fortalecimento de missões de paz e de presença na CCP, vide o apoio às estratégias A4P e A4P+ e participação desde sua criação no C.34, em configurações específicas para Guiné-Bissau e Golfo da Guiné. As missões de paz autorizadas têm levado em consideração características regionais e ampliação de uso da força híbridas (missões de 4ª geração, junto com a União Africana). Além de se buscar o trinômio desenvolvimento- paz-segurança, o Brasil atua no sistema de prontidão da CCP (nível 2 para Exército e nível 3 para a Marinha), em treinamento de tropas e staff, envolvendo a perspectiva de gênero (Agenda Mulheres, Paz e Segurança) e na prevenção de conflitos, sob lógica de paz positiva, e projetos de cooperação técnica e humanitárias."
        },
        {
            "Nome": "Fernanda Brandão",
            "Inicio_candidato": 27636,
            "Inicio_redação": 27718,
            "Nota": 26.5,
            "Redação": "O princípio da responsabilidade de proteger (R2P) foi gestado ao longo das últimas duas décadas do século XX e ratificado, formalmente, na Cúpula Mundial de 2005. O período de formação desse princípio foi marcado pelo debate acerca das implicações e da legitimidade de intervenções humanitárias em face da soberania estatal. Com efeito, ao longo da Guerra Fria, sobretudo nos momentos de maior tensionamento nas relações entre as superpotências, intervenções militares efetuadas com base no argumento humanitário eram, frequentemente, acusadas de serem violações à soberania e à independência dos Estados afetados e interferências em assuntos internos, as quais eram condenadas pelo bloco rival, no contexto da bipolaridade. Muitas dessas condenações ocorriam no âmbito do próprio Conselho de Segurança das Nações Unidas (CSNU), o qual se encontrava paralisado ante as divergências entre seus membros permanentes e com “poder de veto”. Não obstante, a percepção de que direitos humanos eram um bem cuja proteção, dada sua relevância, não se poderia restringir à jurisdição exclusiva dos Estados assumia proeminência cada vez maior, nos debates internacionais, desde a Segunda Guerra Mundial. O direito internacional humanitário, mediante a formulação dos direitos de Genebra, da Haia e de Nova York, ganhava relevância no cenário internacional, em conjunto com pactos regionais e globais atinentes aos direitos humanos, como o PIDCP e o PIDESC, concluídos pelo ECOSOC em 1966. Em face desses processos concomitantes e, por vezes, contraditórios, a construção do argumento humanitário não teve chances de prosperar até as décadas de 1980 e 1990. Na década de 1980 e, sobretudo, na de 1990, a decadência da União Soviética e a formação de um mundo “uni-multipolar” permitiram maiores desenvolvimentos do argumento humanitário. A atmosfera de otimismo e o destravamento de pautas de segurança internacional relevantes no âmbito do CSNU possibilitaram que a comunidade internacional chegasse a maiores consensos acerca de quais questões de violações estatais de direitos humanos deveriam ser objeto de intervenções humanitárias, sem que isso significasse violações de soberania. Atrocidades cometidas, à época, no âmbito de conflitos internos, como o genocídio de Ruanda, em 1994, e o massacre de Srebrenica, no contexto da Guerra da Bósnia e da dissolução da Iugoslávia, evidenciaram à comunidade internacional que a resistência ou a demora em intervir poderia gerar grandes desastres humanitários. Por essa razão, resistências relacionadas à Linha de Mogadíscio precisavam ser equacionadas, a fim de garantir que violações humanitárias de tamanha magnitude não voltassem a ocorrer da mesma maneira. A rápida intervenção multinacional no Kosovo, no final da década de 1990, constituiu evidência de que, gradualmente, a comunidade internacional e, particularmente, o CSNU chegavam a acordos acerca da responsabilidade internacional de proteger. A Cúpula Mundial de 2005 consistiu, finalmente, no momento de consagração da R2P; a adoção desse princípio não sobreveio, contudo, sem contestações. Indagou- se, por exemplo, que intervenções humanitárias pautadas pela R2P poderiam agravar conjunturas de violações de direitos humanos, 6sobretudo se realizadas em desacordo com os mandatos autorizados pelo CSNU. Além disso, houve desconfianças concernentes à real eficácia da R2P no sentido de minorar sofrimentos humanos e divergências relativas à discricionaridade do CSNU no estabelecimento de critérios para a implementação dessas intervenções. Nessa perspectiva, o então Secretário- Geral da ONU, Kofi Annan, solicitou ao CSNU, após a Cúpula de 2005, o esclarecimento acerca de quais critérios seriam utilizados para determinar ou autorizar intervenções fundamentadas na R2P. Em resposta, o CSNU preferiu não adotar critérios estáticos e objetivos, procedendo à aplicação da R2P de forma casuística. Essa interpretação conferida pelo CSNU apresenta, portanto, o potencial de acarretar arbitrariedades na implementação da R2P, o que, de todo modo, não impediu a adoção desse princípio em resolução da Assembleia Geral da ONU (AGNU) e a sua aceitação no âmbito do CSNU. Desse modo, foram estabelecidos os pilares do princípio da responsabilidade de proteger. Primeiramente, acordou-se que era responsabilidade primária do Estado a proteção de seus nacionais; no entanto, caso o Estado não lograsse garantir essa proteção, seja pela incapacidade ou pela ineficiência estatal em proteger, seja pela ação comissiva do Estado na violação dos direitos humanos de seus nacionais, caberia à comunidade internacional a responsabilidade de garantir a proteção desses nacionais. Adicionalmente, intervenções humanitárias deveriam ser autorizadas pelo CSNU, e a R2P deveria ser aplicada em casos de crimes de guerra, crimes contra humanidade, genocídio e limpeza étnica. A R2P pauta-se, por fim, pela compreensão de que a vida humana é o valor último a ser preservado e protegido pela comunidade e pelo direito internacionais.Em que pese o estabelecimento desses pilares e dessas  condicionalidades na aplicação da R2P, a concretização desse princípio esteve sujeita a arbitrariedades e a condutas equivocadas por parte de seus executores. Essa implicação foi particularmente evidente no caso da Líbia, em 2011. Diante das recorrentes acusações de violações de direitos humanos perpetradas pelo então ditador líbio Muammar Khadaffi, o CSNU autorizou que forças multinacionais interviessem na Líbia, pautadas pelo princípio da R2P, consoante com o mandato estabelecido pela resolução 1973 do Conselho. As forças foram autorizadas a realizar bloqueio aéreo no espaço líbio. Apesar de oposições expressivas de países da comunidade internacional, como o próprio Brasil, que estava ocupando assento não permanente no CSNU em 2011 e que não votou favoravelmente à referida resolução, a intervenção ocorreu, culminando na deposição de Khadaffi. As forças multinacionais acabaram extrapolando o mandato autorizado pelo CSNU e provocando uma situação de extrema instabilidade na Líbia, de modo que, até os dias atuais, inexiste um Estado plenamente funcional no país, capaz de assegurar os direitos e o bem-estar da população. Nesse contexto, sob a chancelaria de Antonio Patriota, o Brasil apresentou à AGNU o conceito de “responsabilidade ao proteger”, que complementaria a R2P. Nesse sentido, além de proteger, a comunidade internacional deveria assumir certas responsabilidades em casos de intervenção humanitária, como ater- se estritamente ao mandato do CSNU, restringir suas medidas apenas ao que for estritamente necessário para a garantia da paz e da segurança dos nacionais, evitar sofrimentos humanos e prestar contas em relação às ações efetuadas. A “responsibility while 7protecting” foi, posteriormente, uma ideia desenvolvida em documentos no CSNU, mas jamais chegou a ser incorporada ao arcabouço normativo da ONU. Nessa perspectiva, é relevante que o Secretário-Geral António Guterres tenha suscitado, mais uma vez, a pauta da R2P na AGNU. Isso demonstra que, embora a R2P seja princípio consolidado no âmbito das Nações Unidas, ainda há diversas contribuições a serem realizadas para a melhoria dessa ideia, de modo a evitar condutas arbitrárias, a incluir grandes potências na R2P a proteger vidas e direitos humanos."
        },
        {
            "Nome": "João Pedro",
            "Inicio_candidato": 19099,
            "Inicio_redação": 19182,
            "Nota": 27.0,
            "Redação": "Na forma da Carta das Nações Unidas, o direito à não intervenção em assuntos internos e a vedação ao uso da força constituem pilares da ordem internacional. Nesse sentido, esses princípios somente podem ser excepcionados pelo Conselho de Segurança, no exercício de sua competência de órgão mantenedor da paz e da segurança internacionais. Usualmente, o CSNU exerce esse poder na presença de conflitos armados ou outras ameaças à paz internacional. Contudo, a partir das décadas finais do séc. XX, diante da paralisia do Conselho em face de situações graves de violência e desrespeito aos direitos humanos, começou a desenvolver-se o argumento da “intervenção humanitária” enquanto justificativa legítima para intervenções, muitas vezes por meio da força, em contextos domésticos de Estados conflagrados. Hoje, esse argumento toma a forma contestada de “responsabilidade de proteger”. Ao fim da Guerra Fria, o Conselho de Segurança retomou um papel mais ativo e ampliou seu escopo de atuação. Não mais bloqueado pelos impasses entre EUA e URSS, típicos da bipolaridade, que haviam impedido ação efetiva contra situações conflitivas, o Conselho teve papel de destaque na bem-sucedida “Operação Desert Storm”, que respondeu à agressão ilícita perpetrada pelo Iraque contra o Kwait. Tido como momento de êxito do sistema multilateral de segurança, o episódio levou as Nações Unidas a expandir seus métodos de ação nesse campo. Em 1992, o relatório “Uma Agenda para a Paz” é 3lançado pela Organização, ampliando as formas e funções das operações de paz organizadas pela ONU e incluindo a possibilidade de intervenções à revelia do consentimento das partes. Assim, ao longo dos anos 1990, multiplicam- se as chamadas operações de “peace enforcement”, como as enviadas para Somália, Ruanda e Iugoslávia. Nessas operações, raramente havia uma paz ou consenso mínimo a ser protegido, e os capacetes azuis pareciam fazer, eles mesmos, a guerra contra grupos armados locais. Na Somália, as tropas da ONU viram-se em confronto aberto com milícias armadas; em Ruanda, pouco fizeram para impedir o genocídio; na Iugoslávia, foram feitas de reféns pelos sérvios de modo a prevenir um ataque aéreo da OTAN. Especialmente nesse caso, o argumento da intervenção humanitária ganhou força. Mesmo sem autorização expressa do CSNU, a OTAN interviu no conflito unilateralmente contra Milosevic, argumentando que, em situações de violação generalizada de direitos humanos, o uso da força não seria vedado pela Carta da ONU, o que, segundo esse argumento, só seria proibido se voltado a agredir a soberania, independência ou integridade territorial de outro Estado. Rússia e China, no CSNU, rejeitaram o argumento. O intervencionismo acentuado das operações de peace enforcement foi contido após essas experiências, com a edição do “suplemento à agenda para a paz”. Contudo, o argumento da intervenção humanitária não perdeu força, pois se encaixava na doutrina da política exterior dos EUA. Para Washington, a existência de “failed states”, isto é, estados falidos, que supostamente não seriam capazes de garantir a segurança de seus nacionais, justificaria intervenções externas, ainda que acompanhadas de iniciativas de construção da paz pós-conflito e desenvolvimento da institucionalidade. De modo a conter eventuais unilateralismos, as Nações Unidas passaram a discutir a temática no quadro do multilateralismo. Surge, assim, o conceito de “responsabilidade de proteger”, que dá nome a relatório editado pelo Secretário-Geral da Organização. Segundo esse relatório, a responsabilidade de proteger consiste no dever, por parte da comunidade internacional, de empreender ações coletivas contra situações de graves violações humanitárias. Assim, excepcionando-se a não intervenção em assuntos internos, a ONU, notadamente pelo Conselho de Segurança, poderia intervir em Estados que perdessem a capacidade de proteger seus nacionais, ou que, mais gravemente, fossem diretamente responsáveis por atacar seus próprios cidadãos. Objetivava-se, assim, evitar a repetição do que ocorrera em Ruanda e na ex-Iugoslávia, sem dar margem ao unilateralismo. A exposição do conceito foi realizada na Cúpula Mundial de 2005. Não foi, porém, amplamente aceito. Países como Rússia e China, além de relevante contigente de Estados do Sul global, contestaram a ideia, que violaria, ou ao menos facilitaria a violação da soberania, independência e integridade de Estados mais frágeis. Criticava-se a instrumentalização dos direitos humanos como forma de fundamentar ações militares potencialmente lesivas aos Estados que as sofressem. A responsabilidade de proteger assomava, assim, como arma retórica de agressão dos Estados mais poderosos contra Estados mais fracos. A conduta adequada das Nações Unidas, em contextos de graves crises humanitárias internas, não deveria ser a intervenção armada, mas o auxílio humanitário e o diálogo diplomático. Mesmo quando essa intervenção se fizesse necessária, deveria ser submetida a critérios objetivos, e decidida no foro competente das Nações Unidas.4Apesar das contestações, o princípio, que ganhou o apelido de “R2P”, passou a integrar o léxico das Nações Unidas e do Conselho de Segurança. Em 2011, assumiu destacada relevância no contexto da intervenção na Líbia. Desde o início da Primavera Árabe, o Oriente Médio vinha passando por intensas convulsões internas, com a derrubada de governos ditatoriais ou o início de guerras civis. Na Líbia, o mandatário Gaddafi reprimiu as manifestações contra seu governo, fazendo uso, inclusive, da força. Com a deterioração da situação interna, surgiram relatos de que Gaddafi estaria assassinando civis envolvidos com a resistência a seu regime. O tema chegou ao Conselho de Segurança das Nações Unidas, que pautou intervenção no país sob os auspícios da responsabilidade de proteger. Nesse contexto, duas resoluções foram votadas. A primeira condenava o governo de Gaddafi pelas agressões a civis e violações flagrantes do direito humanitário. A segunda criava uma “no-fly zone” (zona de exclusão aérea) sobre a Líbia e autorizava a ação da OTAN no país, sob fundamento do desrespeito de Gaddafi às determinações da primeira resolução. Naquele momento, o Brasil, juntamente com os demais membros do BRICS (Rússia, Índia, China e África do Sul), ocupava assento no Conselho. O Brasil votou favoravelmente à primeira resolução, mas absteve-se quanto à segunda, pois duvidava da eficácia que uma intervenção externa poderia ter na resolução pacífica do conflito líbio. Os demais membros do BRICS seguiram essa abstenção, manifestando sua preocupação com a proteção de civis. De todo modo, a intervenção da OTAN na Líbia foi aprovada e, ainda em 2011, Gaddafi foi capturado e linchado por forças da oposição. Contudo, apesar das tentativas do CSNU de colaborar na reconstrução do país mediante o envio de missão política especial, as forças de oposição a Gaddafi não encontraram consenso e, em 2014, iniciou-se uma guerra civil entre o governo de Trípoli, apoiado politicamente pelo CSNU, e forças militares sediadas em Tobruk. A guerra, apesar de alguns pactos de cessar-fogo, ainda não foi encerrada e produziu ampla devastação no país, com imensos fluxos de refugiados e deslocados internos. Diante desse aparente fracasso do bombardeio aéreo da OTAN e da responsabilidade de proteger, o Brasil propôs, como complemento, o conceito de responsabilidade ao proteger (RwP). A responsabilidade de proteger foi mal recebida após o ocorrido na Líbia, tendo Rússia e China bloqueado ações semelhantes no conflito sírio. A ideia de responsabilidade ao proteger, proposta pelo Brasil, visa a complementar o conceito e evitar seus abusos. Assim, a intervenção humanitária deveria ser um último recurso, privilegiando-se a diplomacia preventiva e o desenvolvimento humano como meios de evitar o conflito. A intervenção deveria ocorrer apenas se não piorasse a situação e deveria ter como prioridade a proteção dos civis, que não poderiam ser vitimados pela ação externa. Ainda, a intervenção, quando necessária, deveria ocorrer sob mandato claro do CSNU, com objetivos e métodos detalhadamente delineados, além de contar com mecanismos seguros de fiscalização e monitoramento. Por fim, deveria ser acompanhada de medidas abrangentes de reconstrução pós- conflito, com garantia de direitos humanos, eleições e instituições. Essas medidas deveriam ser prévias ou concomitantes à ação da ONU, e não apenas posteriores."
        },
        {
            "Nome": "Anônimo",
            "Inicio_candidato": 41980,
            "Inicio_redação": 42034,
            "Nota": 8.5,
            "Redação": "A responsabilidade de proteger é um princípio advogado sobretudo por países do Norte global que entendem haver um dever de qualquer nação e, do concerto das nações, de intervir em situações nas quais o direito humanitário seja violado. Esse princípio entende que é admissível violar a soberania de um país para proteção do elemento humano, sendo esse um de seus pilares. Isso não significa que tais operações não necessitem ser aprovadas pelas Nações Unidas, porém flexibiliza as possibilidades nas quais os Estados estão legitimados a agir. O tema entrou na agenda nos anos 1980 em especial pela atuação da França, que defendia haver um dever de atuação de forças externas dentro de um país soberano, sem seu consentimento, a fim de proteger o direito humanitário, entendido como jus cogens. Essa discussão acabou não prosperando pela falta de apoio de outras potências à França, como a União Soviética, engajada em sua desastrosa campanha no Afeganistão, por exemplo; mas a ideia não foi completamente abandonada. Nos anos 1990, há a emergência de diversos conflitos domésticos e espalhados por diversos continentes. A comunidade global passa a criticar as organizações internacionais pela sua inação frente aos genocídios perpetrados em Ruanda e Burundi. Também há problematizações acerca da atuação nas guerras balcânicas, com o massacre em Srebnica e os estupros coletivos em áreas de atuação de força de paz internacional. Em 2000, é publicado o Relatório Brahimi, que reforça a necessidade de proteção às pessoas e ao direito humanitário em operações de paz. Forma-se o caldo perfeito para uma reabertura da discussão sobre a responsabilidade de proteger. O país a trazer à tona o tema foi o Canadá, com uma responsabilidade de proteger ampla e com interpretações demasiadamente extensivas. A responsabilidade de proteger passou a ser vista por países do Norte quase como um corolário do princípio da jurisdição universal, o qual a Bélgica tentava aplicar em relação ao caso Yerodia. Ademais, o princípio trazia nuanças de uma espécie de legítima defesa de terceiros, o que acabaria por excluir da apreciação das Nações Unidas, ao menos no curto prazo, a legitimidade do ato. Seria o equivalente à legitima defesa prevista na Carta das Nações Unidas, que pode ser exercida individual ou coletivamente e imediatamente comunicada ao Conselho de Segurança. Essa perspectiva desagradou aos países do Sul global, que já eram o principal ponto focal de operações de paz e de investigações pelo recém criado Tribunal Penal Internacional. Esses países entendiam esse modelo de responsabilidade de proteger como seletivo e passível de usos espúrios, para além dos propósitos legítimos de proteção de civis e militares. Serviria, portanto, para a alteração de regimes. Assim, foi convocada a Cúpula Mundial de 2005 para se discutir quais seriam os limites da responsabilidade de proteger. Na Cúpula a responsabilidade de proteger foi reconhecida pelos países como um princípio válido, desde que utilizado dentro de determinados parâmetros. O primeiro pilar é o de não seletividade, ou seja, não se pode analisar situações 1análogas com viéses diferentes apenas com base nos atores envolvidos. O segundo é o do uso estrito para a proteção de pessoas e dotação de efetividade ao direito humanitário, sendo vedada qualquer ação voltada à alteração da configuração do poder político do país, sendo respeitada a autodeterminação dos povos. O próprio Conselho de Segurança da ONU abraçou o conceito e passou a utilizá-lo em suas resoluções. Um dos casos mais emblemáticos foi o da invasão à Líbia, em 2011. A resolução do Conselho aprovou que a OTAN interviesse no país, que passava por um processos de desestabilização causada pela chamada “Primavera Árabe”. Na ocasião, o Brasil apresentou o conceito de “Responsabilidade ao Proteger”, o qual serviria como um corolário ao R2P (sigla em inglês da responsabilidade de proteger) ao definir parâmetros para a intervenção, que acabou não sendo acatado. O desfecho é que a Líbia acabou se fragmentando ainda mais e a atuação das forças da OTAN causaram um efeito spill-over ao desestabilizar países do entorno. A Líbia continua a ser um país em conflito 11 anoss após a ação militar externa (embora no momento haja um esforço conjunto para sua pacificação via política). O fato é que os países do Sul Global, em grande parte, acusaram a ação como intervencionismo em assuntos internos (derrubada de Ghadafi) e que a R@P nada mais era que uma desculpa para essa e novas operações. Guterres, em sua proposta de reforma de algumas instituições onusianas, trouxe à baila o assunto em 2018, porém a AGNU ainda não firmou posição. O Brasil tem como princípios das relações internacionais a não intervenção e a autodeterminação dos povos, defendendo que o uso da força apenas pode ser efetivado como última instância e com o respaldo das Nações Unidas. Ademais, apoia os trabalhos da Comissão de Consolidação da Paz como instância na qual poder-se-ia discutir os limites da R2P. O Brasil não é contrário à R2P (inclusive é signatário das quatro convenções de Genebra de 1949 e dos três protocolos adicionais), entretanto entende como necessária a definição de parâmetros mais claros de atuação e dentro dos marcos da Carta da ONU."
        }
    ]
}