{
    "Nota Máxima": 20.0,
    "Nota Média": 10.5,
    "Menor Nota": 6.0,
    "Pergunta": "Depois de quase uma década de serviço na Força-Tarefa Marítima da Força Interina das Nações Unidas no Líbano (UNIFIL, na sigla em inglês) auxiliando a Marinha Libanesa na proteção das vastas águas territoriais do país, os integrantes das forças de paz da tripulação do navio da Marinha do Brasil concluíram sua missão com a UNIFIL e retornam para suas casas nesta quarta-feira (2). Também concluindo a missão da UNIFIL, junto com mais de 200 marinheiros brasileiros, estava o Navio-Capitânia da FTM-UNIFIL, a Fragata Independência, após nove meses de serviço.NAÇÕES Unidas no Brasil. Brasileiros das forças de paz concluem missão no Líbano após uma década de par - ticipação. Centro de Imprensa das Nações Unidas no Brasil. 2 de dezembro de 2020. Disponível em: <brasil. un.org>. Acesso em: 30 abr. 2022. Considerando que o excerto apresentado tem caráter meramente motivador, com base na conjuntura mencionada, redija um texto dissertativo comentando acerca do papel desempenhado pelo Brasil na FMT-UNIFIL, entre 2011 e 2020, enquadrando-o no histórico brasileiro de participação em operações de manutenção da paz das Nações Unidas, e elenque as prioridades brasileiras em matéria de cooperação naval e segurança marítima após a retirada do contingente brasileiro da missão da Organização das Nações Unidas no Líbano.",
    "Padrão de Resposta": "Espera-se que o candidato redija o texto considerando os aspectos a seguir. A questão busca identificar o conhecimento do candidato em relação ao protagonismo brasileiro desempenhado frente à Força-Tarefa Marítima (FMT) da Força Interina das Nações Unidas, no Líbano (UNIFIL), entre 2011 e 2021, além de verificar se os postulantes à carreira diplomata compreendem a importância da segurança marítima no Atlântico Sul para a política externa. O (a) candidato (a) deverá contextualizar a criação da UNIFIL no período da Guerra Civil Libanesa (1975-1990) e o tenso relacionamento entre Líbano e Israel, que ocupou o Sul do país entre 1985 e 2000 (item i). Na sequência, deverá apontar a ampliação do mandato da missão, por intermédio da Resolução no 1.701/2006 do Conselho de Segurança das Nações Unidas (CSNU), criando a FMT, após novas altercações na porção setentrional do território libanês entre, de um lado, as Forças de Defesa de Israel (FDI) e, de outro, a milícia Hezbollah, no verão de 2006 (item ii). A FMT-UNIFIL é o único componente naval em operações de manutenção da paz em toda história da modalidade, o que comprova seu caráter único e extraordinário, característica que caberá ao(à) candidato(a) demonstrar (item iii). Aqui, deverá se referir à cessão de meios navais – especialmente da nau-capitânia da Força-Tarefa, além de 200 militares da Marinha do Brasil – para patrulhar as áreas jurisdicionais libanesas com vistas, principalmente, a coibir o contrabando de armas para o território do Líbano, contribuindo, assim, para a estabilização do país (item iv). Deverá situar a disposição em assumir a liderança da FMT-UNIFIL na tradição brasileira em contribuir para a manutenção da paz e da segurança internacionais, com base na preferência pela solução pacífica das controvérsias, no respeito ao Direito Internacional – obrigações contidas no art. 4 da Constituição Federal de 1988, que dispõe sobre os princípios que regem as relações internacionais do Brasil – e na opção pelo multilateralismo (item v). É nesse contexto que o (a) candidato (a) deverá fazer uma reconstituição da participação brasileira em operações de manutenção da paz das Nações Unidas, destacando o emprego de trocas nas operações desdobradas em Suez, Angola, Moçambique, Timor- Leste, Haiti e República Democrática do Congo (item vi). O Brasil é lar da principal e mais numerosa diáspora no mundo, contando com aproximadamente sete a 10 milhões de descendentes de libaneses em sua população. Essa dimensão humana do relacionamento bilateral deverá ser ressaltada como elemento importante, justificando a presença da Marinha do Brasil por prolongado período na FMT-UNIFIL (item vii). Finalmente, o (a) candidato deverá se referir à retirada dos militares brasileiros do Líbano, no início de 2020, após praticamente uma década ininterrupta, comandando o componente naval da UNIFIL (item viii), demonstrando a mudança de foco da Marinha do Brasil para a cooperação naval, a segurança marítima e o combate aos ilícitos transnacionais no Atlântico Sul (por exemplo, pirataria, tráfico de armas, narcóticos e pessoas; pesca ilegal, não documentada e não regulamentada) – definida como parte integral do “entorno estratégico brasileiro” pela Estratégia Nacional de Defesa (END) (item ix). É exemplo dessa mudança de foco a criação da Operação GUINEX-I (Golfo da Guiné), que se vale dos mesmos meios navais anteriormente desdobrados na FMT- UNIFIL (item x). 1Q1. Contextualizar a criação da UNIFIL (1978) no contexto da Guerra Civil Libanesa. Q2. Abordar a ampliação do mandato da UNIFIL após guerra no sul do Líbano (2006). Q3. Ressaltar o caráter único do componente naval da UNIFIL entre outras operações de manutenção da paz das Nações Unidas. Q4. Descrever o papel desempenhado pela Marinha do Brasil no patrulhamento das águas entre Líbano e Israel no período. Q5. Inserir protagonismo na FMT- UNIFIL no histórico brasileiro de contribuições com a manutenção da paz e da segurança internacionais. Q6. Apresentar a tradição brasileira em Operações de manutenção da paz das Nações Unidas, com referências às operações empregadas em Suez, Angola, Moçambique, Timor-Leste, Haiti e República Democrática do Congo. Q7. Aludir às relações históricas entre o Brasil e o Líbano, especialmente diante da importante diáspora libanesa no Brasil. Q8. Contextualizar a decisão de retirada dos militares brasileiros da UNIFIL. Q9. Comentar a mudança de foco de atuação para o Atlântico do Sul. Crescimento das atividades ilícitas no Golfo da Guiné (pirataria, narcotráfico, pesca ilegal). Q10. Referir-se à criação da Operação GUINEX-I. Será avaliada a capacidade do candidato de estabelecer uma tese e sustentá-la coerentemente. A avaliação seguirá o critério comparativo (i.e.). A avaliação individual será feita de acordo com a comparação do nível de outros exercícios. Nesse sentido, embora o candidato possa ter respondido de forma correta, abrangendo os requisitos anteriormente indicados, sua nota poderá ser menor do que a atribuída a outros que fizerem o exercício com maior qualidade intelectual, acadêmica e formal.",
    "Candidatos": [
        {
            "Nome": "André Novo",
            "Inicio_candidato": 13066,
            "Inicio_redação": 13140,
            "Nota": 14.5,
            "Redação": "A Força Interina das Nações Unidas no Líbano (UNIFIL) é uma operação de paz da ONU criada na década de 1970 no contexto dos conflitos no país entre facções civis, com envolvimento nesses conflitos de países vizinhos como Israel e Irã. Às tarefas de monitoramento das fronteiras e verificação de retirada de forças estrangeiras do território libanês foram acrescidas, após novo conflito envolvendo grupos rivais e Israel, em 2006, funções mais robustas à missão, com significativo aumento de efetivos militares e criação de uma Força-Tarefa Marítima para patrulhar as águas territoriais do Líbano. A FTM-UNIFIL esteve inicialmente sob comando de países membros da OTAN, mas, a partir de 2011, o Brasil envia nau-capitânia e efetivos militares para assumir esse comando. O Brasil, até então, não participava da UNIFIL, mas tinha atuação importante em diversas outras missões de paz, as quais lhe forneceram a experiência necessária para uma ação bem- sucedida à frente da FTM, apesar de esta ser a primeira operação de paz com componente marítimo da ONU. Com efeito, o Brasil participa de missões de paz desde que enviou o Batalhão de Suez, sob o comando de Paiva Chaves, à UNEF, em 1956. Atuou, depois disso, em diversas outras missões de paz, seja de primeira (UNIPOM, UNFICYP, ONUC), de segunda (UNAVEM, ONUMOZ), de terceira (UNTAET) ou de quarta geração (MINUSTAH, MONUSCO, MINUSCA). A participação na MINUSTAH, da qual comandou o componente militar desde sua criação, em 2004, até seu término, em 2017, representou mudança importante na posição do país, elevando muito seu perfil na área da paz e da segurança internacionais, constituindo a primeira operação com mandato baseado no Cap. VII da Carta da ONU de que o Brasil participou. As justificativas para essa participação em operação robusta concernem à preocupação primordial da MINUSTAH com o desenvolvimento do Haiti e com a reconstrução do país após os conflitos e mesmo durante. O Brasil mantém, assim, seus princípios de não intervenção, de defesa da paz e de preocupação com o desenvolvimento ao participar de missões robustas multidimensionais sob mandato do Cap. VII da Carta da ONU. A atuação do Brasil em outras missões, como a MONUSCO (cujo comando militar exerceu de 2013 a 2015 e desde 2018), a MINUSCA, a UNFICYP, a UNMISS e a UNIFIL baseiam- se igualmente nessas premissas. À frente da FTM-UNIFIL, o Brasil atuou para o patrulhamento das águas territoriais libanesas, para a busca e apreensão de navios suspeitos de carregar armamentos ilegais (quando autorizado) e para o exercício de resgates humanitários, como no caso de naufrágios, inclusive envolvendo imigrantes. Na missão, não só as tropas foram de fundamental importância, senão também os especialistas e oficiais brasileiros. As naus-capitânias, também, durante todo o período, foram brasileiras. Chegou-se a contar com mais de 200 tropas na operação em determinados momentos, atingindo os milhares os participantes. É de notar a importância tanto do CCOPAB, o centro de operações de paz do Exército, como do centro de operações de paz naval brasileiro no treinamento e preparação desses efetivos. Com a retirada da nau-capitânia do Brasil em dezembro de 2020, o comando da FTM-UNIFIL passou, no início de 2021, para a Alemanha. A decisão brasileira justifica-se pela 5necessidade de manutenção dos navios brasileiros e de sua concentração no entorno estratégico do Atlântico Sul, em contexto de restrições orçamentárias. Após a retirada do contingente, as prioridades do Brasil passam a ser, assim, a defesa desse entorno, atuando contra a pirataria no Golfo da Guiné, garantindo o comércio marítimo no Atlântico Sul, monitorando a Amazônia Azul, onde se situam grande quantidade de recursos estratégicos vivos e minerais, como o pré-sal, patrulhando a costa brasileira, para combater ilícitos e cooperando com países da costa africana, como a Namíbia, a Guiné e Angola, inclusive no âmbito de organismos como a CPLP, no qual se organizam exercícios marítimos como o Felino. Participa o Brasil também de exercícios como o OBAMEXPRESS [sic] e o IBSAMAR, com vistas a garantir a segurança do Atlântico Sul."
        },
        {
            "Nome": "Felipe Pereira",
            "Inicio_candidato": 7085,
            "Inicio_redação": 7146,
            "Nota": 15.0,
            "Redação": "A atuação brasileira em missões de paz remonta a UNEF-I (1956). Desde então, as Forças Armadas brasileiras têm aperfeiçoado a Doutrina de Defesa Nacional e a Estratégia Nacional de Defesa (END) para realidade contemporânea, de sorte que a atuação da Força-Tarefa Marítima da Força Interina das Nações Unidas (UNIFIL) reflete o comprometimento brasileiro com o trinômio paz, segurança e desenvolvimento. O Brasil se engajou em operações de paz em praticamente todos os continentes ao longo de sua história. Com a descolonização africana, atuou nas missões multidimensionais, do “Capítulo 6 e Meio” da Carta da ONU, autorizadas, em lógica da 1ª geração de missões de paz, que envolvem o consentimento das partes e uso da fora somente em legítima defesa, como no caso de Angola (UNAVEM I e II) e Moçambique (UNMOC), na década de 1990. Atuou na construção de capacidades e instituições estatais no Timor Leste (UNTAET), com atuação de Sérgio Vieira, no campo político dessa missão de 3ª geração. Em missões envolvendo desestruturação sociopolítica e ambiental, o Brasil participou na MINUSTAH e MINUJUST no Haiti com emprego de milhares de tropas. Tradicionalmente, o force commander da MONUSCO, da República Democrática do Congo, é brasileiro. Atualmente, o Brasil tem pessoal técnico, staff, em 5 missões na África, participação com tropas em missão da ONU no Chipre e esforço no Líbano, mesmo com o fim da UNIFIL, em 2020. Além disso, o Brasil participa ativamente da CCP, desde sua criação em 2005, na composição C.34, sob a lógica do A4P e A4P+, tendo sido indicado para análise da configuração específica para Guiné-Bissau e do Golfo da Guiné. Em relação à FMT-UNIFIL, ela foi relevante, desde 2011, haja vista a situação de guerra civil de 1975 a 1990 no Líbano, desestruturação de infraestrutura, atuação estrangeira em lados opostos (Israel e Síria), elevado número de refugiados palestinos e, desde 2011, de sírios, além de atuação do Hezbolá, considerado por alguns Estados europeus como terroristas. A FMT-UNIFIL reforçou os laços humanitários históricos entre Brasil- Líbano, sendo o Brasil o detentor da maior comunidade de descendentes libaneses do mundo, com raízes migratórias desde 1880 (cristãos em maioria) e da guerra civil (sobretudo muçulmanos). A FMT-UNIFIL atuou para a vigilância de águas mediterrâneas e acesso livre e desimpedido de mercadorias e alimentos ao porto de Beirute. A FMT-UNIFIL patrulhou águas de modo a atuar como ferramental dissuasório e ameaças terroristas (Estado Islâmico, Frente Al-Nusra), identificação de minas subaquáticas e eventual desminagem, e dissuadir pirataria internacional do Golfo de Áden e Chifre da África. A FMT-UNIFIL atuou como intermediária para a cooperação humanitária, identificando e analisando ameaças, como a contestação política na Revolução de 2019 e explosão do porto de Beirute em 2020. Mesmo com o fim da missão, a Marinha brasileira continuou auxiliando o recebimento de alimentos, remédios e doações para o Líbano, de sorte que o desabastecimento e encarecimento de insumos básicos não prejudicasse ainda mais Beirute. Com o fim da FMT-UNIFIL, seguindo a END, as forças navais brasileiras devem fortalecer sua presença no “entorno estratégico brasileiro”. 3Para além da fronteira terrestre, o entorno estratégico é conformado pelo Atlântico Sul (“um rio chamado Atlântico”) e pela fronteira leste (costa ocidental da África). No âmbito do Atlântico Sul, há reforço à proteção da biodiversidade e enorme potencial energético (eólico offshore, pré-sal e reservas de hidratos de metano) e mineral (terras raras) da Amazônia Azul. Do mesmo modo, o setor crítico nuclear é relevante para atuação da Marinha, na construção do submarino nuclear (PROSUB), com cooperação francesa e argentina, garantia do tratado de TLATELOLCO (Atlântico Sul como área livre de armas nucleares) e da ZOPACAS. A cooperação com o IBAS em exercícios navais conjuntos (IBASMAR, “a onça, o tigre e o leão”) ajuda a demonstrar o efeito dissuasório naval Além disso, há treinamento de pessoal para missões de paz (centro de treinamento CoOpPazMar), formando oficiais e tropas em doutrina de engajamento de paz positiva. A definição de força da Marinha em nível 3 do sistema de prontidão da CCP revela o esforço de melhoria de portos e estratégias de mobilização. Além disso, iniciativas de diálogo bilateral 2+2 com países africanos pode ser boa estratégia para avaliação de desafios comuns na África Ocidental (CEDEAO) e Austral (SACU, além de Angola). A cooperação naval é sentida em estratégias de modernização da Marinha da Namíbia e para o combate ao tráfico marítimo de armas, pessoas e animais, além de combater a pirataria no Golfo da Guiné. Do mesmo modo, é relevante que a cooperação técnico- militar esteja aliada a estratégias de desenvolvimento nacional, evitando- se que mais pessoas venham a aderir a movimentos terroristas, como do Boko Haram e Estado Islâmico do Grande Saara. A cooperação naval tem sido aventada em diálogo da CPLP, para eventual modernização de Marinhas e atuação em Cabo Verde, São Tomé e Príncipe e Angola. Além disso, a segurança marítima é relevante para se evitar que deposições de governo ganhem dimensões internacionais, destinando-se inclusive apoio para a estabilidade política em Guiné-Bissau. Assim, observa-se que os laços Brasil-África podem ser adensados, lembrando-se da iniciativa do navio Custódio de Melo, durante a década de 1960, para fortalecer as relações comerciais inter-regionais. A segurança marítima para a defesa das rotas comerciais brasileiras no Atlântico Sul (para Caribe, América do Norte, Ásia, Europa e África) é fundamental. Igualmente, as missões científicas em apoio ao PROANTAR evidenciam a vontade de manutenção e cooperação científica em todos os continentes. O apoio de cooperação com a Marinha argentina também auxilia na conformação de identidade sul-americana fortalecida, bem como no MERCOSUL."
        },
        {
            "Nome": "Fernanda Brandão",
            "Inicio_candidato": 17278,
            "Inicio_redação": 17353,
            "Nota": 13.5,
            "Redação": "O Brasil participou ativamente dos esforços da Força-Tarefa Marítima da Força Interina das Nações Unidas no Líbano (FTM-UNIFIL), ao longo dos anos entre 2011 e 2020. Mesmo após a retirada expressiva de tropas brasileiras, ainda há presença residual de brasileiros na UNIFIL, conforme consta nos registros das missões de paz no sítio eletrônico da ONU. A UNIFIL iniciou suas ações de manutenção da paz na região libanesa, com o intuito de manter cessar-fogo entre tropas israelenses e membros do Hezbolá, que se confrontavam no sul do Líbano. Em que pese esse mandato inicial e precípuo, as atribuições da missão logo se estenderam para ações de combate à pirataria e de controle de tráfico de armas nas águas territoriais do país. Nesse contexto, o Brasil atuou na UNIFIL entre 2011 e 2020, na liderança de sua força-tarefa marítima e contribuindo por meio da concessão da Nau Capitânia. As tropas brasileiras, portanto, auxiliaram a Marinha Libanesa na manutenção do cessar-fogo e nas atividades de combate à pirataria, ao tráfico e a outros ilícitos internacionais. A participação brasileira na UNIFIL enquadra-se nos esforços do país de preservar a paz e a segurança internacionais e de auxiliar nações em desenvolvimento a prosperarem em contexto de maior estabilidade. Além disso, a atuação brasileira concorre para os esforços diplomáticos de manter a relevância internacional do país como um ator global e apto a ocupar um assento permanente no Conselho de Segurança das Nações Unidas.6Atualmente, o Brasil contribui com tropas para MONUSCO, UNIFA, MINURSO, UNMISS, UNIFICYP e, residualmente, para a UNIFIL. Desse modo, apesar da retirada de agentes da MINUSTAH, da qual o Brasil participou, na posição de liderança, entre 2004 e 2017, a participação brasileira em missões de paz ainda é expressiva. A UNIFIL, nesse sentido, consistia em mais um vetor da participação brasileira na promoção da paz e da segurança internacionais, com base na Política Nacional de Defesa, na Estratégia Nacional de Defesa e no Livro Branco de Defesa Nacional. A participação brasileira da UNIFIL evidencia, ademais, o bom desempenho dos militares nacionais e proporciona a criação de laços socioculturais e a projeção do “soft power” brasileiro. Evidencia, adicionalmente, a prioridade nacional em matéria de cooperação naval. Hodiernamente, a cooperação naval bilateral com países africanos ou por meio da ZOPACAS (1986) é fundamental para a promoção do Atlântico Sul pacífico e livre de armas nucleares. Além disso, possibilita o combate à pirataria e ao tráfico no Golfo da Guiné e em outras áreas sensíveis em termos securitários. Outrossim, a cooperação naval brasileira prioriza a proteção dos recursos marinhos e energéticos na plataforma continental brasileira, a Amazônia Azul. Por isso, há cooperação bilateral com a Namíbia para a proteção de recursos comuns relativos ao pré-sal. Desse modo, em que pese a retirada substantiva de tropas brasileiras da UNIFIL, o Brasil ainda apresenta forte atuação em matéria de cooperação naval e de segurança marítima no contexto regional e no âmbito global. Realizar atividades que favoreçam a segurança dos mares, a preservação dos recursos marinhos e dos recursos energéticos promove a paz e, por conseguinte, viabiliza o desenvolvimento de diversas nações emergentes que necessitam explorar recursos de fundo marinho e de estabilidade para promover seu progresso socioeconômico. Desse modo, a cooperação naval e em missões de paz é vetor para a consecução do fim último da diplomacia brasileira: a promoção do desenvolvimento."
        },
        {
            "Nome": "Gabriela Barcelos",
            "Inicio_candidato": 20920,
            "Inicio_redação": 20997,
            "Nota": 10.5,
            "Redação": "O Brasil destaca-se, historicamente, por estar presente em diversas operações de manutenção de paz da ONU. Desde a UNEF I, lançada no contexto da Crise de Suez, até hodiernamente, com o Brasil sendo parte em 7 das 12 operações de paz em curso, o país tem desempenhado importante papel. Particularmente após o fim da Guerra Fria, se, por um lado a quantidade de missões de paz da ONU aumentou expressivamente, por outro, também a participação brasileira se tornou mais frequente. É reflexo da confiança na capacidade e conhecimento de campo desenvolvido pelo Brasil a liderança militar no contexto da MINUSTAH. Tal liderança foi exercida durante todo o período de implementação da missão, entre 2003 e 2017. Trata-se de missão complexa, envolvendo não apenas intervenção militar, mas também todo um esforço de reconstrução das capacidades políticas e sociais do país.  No contexto da UNIFIL, o Brasil foi responsável pela liderança da Força- Tarefa Marítima durante quase 10 anos. A missão desempenhada pela força- tarefa buscava proteger o litoral libanês (aproximadamente 200km) e impedir o tráfico de armas e entorpecentes. Os militares brasileiros eram, notadamente, parte de um esforço mais amplo, no qual há também forças terrestres estrategicamente posicionadas em zonas propensas a conflitos entre Líbano e Israel. Cabe, no entanto, ressaltar, que as relações entre Brasil e Líbano vão muito além da presença da Marinha do Brasil, sendo o Brasil país de escolha de vasto contingente de migrantes libaneses. Os militares brasileiros, por sua vez, também foram muito bem acolhidos no Líbano, tanto por seus habitantes quanto pela estrutura estabelecida pelo Itamaraty no país. Assim, desde o fim da missão marítima no Líbano, a Marinha brasileira tem trabalhado com ainda mais intensidade na defesa da Amazônia Azul, que equivale a quase 50% do território brasileiro. A Marinha brasileira tem também colaborado com os vizinhos do Cone Sul em exercícios conjuntos de treinamento, como o ocorrido no Uruguai. Há ainda o enfoque concedido ao Atlântico Sul e aos parceiros no contexto da ZOPACAS (Zona de Paz e Cooperação do Atlântico Sul), garantindo a segurança do entorno estratégico brasileiro e do Atlântico Sul como um todo. A Marinha do Brasil também tem estabelecido formas de cooperação para coibir o tráfico e a pirataria no Golfo da Guiné. O histórico de atuação da Marinha brasileira e do país como um todo é importante trunfo para a credibilidade internacional do Brasil. A ação em coerência com os princípios estabelecidos na Constituição Federal de 1988 é uma forte credencial para uma atuação brasileira ainda mais ativa no plano internacional."
        },
        {
            "Nome": "Anônimo",
            "Inicio_candidato": 23659,
            "Inicio_redação": 23712,
            "Nota": 6.0,
            "Redação": "Desde a criação da ONU, e dos debates que subsidiaram a existência das operações de paz, o Brasil tem exercido papel de relevância. Muito embora as operações de paz não estejam expressamente previstas na Carta da ONU, elas puderam ser concebidas pelo que o ex-Secretário Geral da ONU, Dag H., chamou de capítulo 6,5 da Carta da ONY. O próprio início da atuação da ONU, e de seu CSNU, como garantes da manutenção da paz e da segurança internacional confundem-se com o histórico das operações de paz e da atuação do Brasil nessa seara. A primeira operação de paz de que o Brasil participará será a UNEF I. A operação visava a supervisionar a trégua entre árabes e israelenses, no contexto das guerras decorrentes da instalação de um Estado judeu em território historicamente palestino. Para o Brasil, participar em tal operação representava sobretudo um símbolo de que o país se encontrava apto a participar ativamente da ordem internacional do pós-Guerra. Haverá um intenso engajamento do país nas décadas seguintes com as operações de paz, sobretudo no Oriente Médio. Em âmbito interamericano, com a OEA, o Brasil, por exemplo, participará da Força Interamericana de Paz (FIP), que intervirá na República Dominicana. O período do Regime Militar, contudo, promoverá uma inflexão na participação do país em operações de paz, tendo em vista razões de política interna e a percepção de que o Brasil deveria privilegiar a segurança interna, regional e hemisférica em um contexto de bipolaridade (teoria dos círculos concêntricos). Nesse sentido, a participação numérica absoluta do país em operações de paz cairá, refletindo as preocupações acima citadas. A Redemocratização, por sua vez, imprimirá um novo ritmo na inserção internacional do país e em sua participação em operações de paz. Em um contexto de “renovação de credenciais” e de reflexões acerca novas espécies de operações de paz, como peace-keeping, peace-making, peace-building e peace-enforcement, o país habilitou-se novamente a atuar de maneira assertiva no sistema internacional. Nesse diapasão, o país procurará participar de operações condizentes com os seus interesses estratégicos. Serão emblemáticas dessa atitude as missões em Angola, Moçambique e Timor-Leste (UNAVEM I e II, UNITA I e II, além da UNITAET). O avanço dos anos 2000, além das discussões a respeito da responsabilidade de proteger (R2P) na Cúpula Mundial em 2055, promoverão um aprofundamento da participação do Brasil em operações de paz. A atuação do Brasil no comando da MINUSTAH e futuramente sua participação na MINUSJUSTH consagram o Brasil como importante garante da paz e da estabilidade nas Américas. A quase uma década de Serviço na Força-Tarefa Marítima da UNIFIL também credenciaram o Brasil como importante player para a paz no Oriente Médio. Além disso, o Brasil passou a manter presença ativa no continente africano, conforme demonstram a MONUSCO, a MINUSCA, a UNAMID, a UNMISS e a MINURSO, em países como Congo, República Centro-Africana, Sudão e Sudão do Sul.9Após a retirada do contingente brasileiro na UNFIL, o Brasil tem afirmado uma série de prioridades em matéria de cooperação naval e segurança marítima. O Brasil tem sido um colaborador ativo na segurança e estabilidade na região do Golfo da Guiné, local característico de pirataria. O Brasil também tem realizado intensa cooperação sob a égide da ZOPACAS, com o objetivo de manter a segurança no Atlântico Sul. São sintomáticos os exercícios navais conjuntos com países africanos (Namíbia e África do Sul). Essas iniciativas demonstram que manter o Atlântico Sul como uma zona de paz é uma prioridade naval, assim como a proteção da Amazônia Azul e a estabilidade das rotas internacionais de comércio (Golfo da Guiné). Não se olvide, igualmente, a atuação na plataforma continental (LEPLAC) com a Namíbia."
        }
    ]
}