{
    "Nota Máxima": 30.0,
    "Nota Média": 22.5,
    "Menor Nota": 15.5,
    "Pergunta": "Foi a ascensão de Atenas e o medo que isso inspirou em Esparta que tornou o conflito inevitável”. (Tucídides, historiador grego aproximadamente 460-400 a.C.). ALLISON, Graham. A caminho da guerra: os Estados Unidos e a China conseguirão escapar da Armadilha de Tucídides? Rio de Janeiro: Intr ínseca, 2017. [Q]uando uma potência em ascensão ameaça tomar o lugar de uma potência dominante, a tensão estrutural resultante torna um confronto violento a norma, e não a exceção. Aconteceu entre Atenas e Esparta no século V a.C., entre Alemanha e Grã-Bretanha um século atrás e quase levou União Soviética e Estados Unidos à guerra nos anos de 1950 e 1960.ALLISON, Graham. A caminho da guerra: os Estados Unidos e a China conseguirão escapar da Armadilha de Tucídides? Rio de Janeiro: Intr ínseca, 2017. Na obra A Caminho da Guerra, o cientista político norte-americano Graham Allison apresenta a dinâmica conhecida como “Armadilha de Tucídides”, segundo a qual a ameaça percebida pela potência hegemônica em relação aos desafios representados pela emergência de uma nova potência no sistema internacional estimula a competição entre elas, podendo resultar, no fim das contas, em um conflito sistêmico. Tendo a máxima do historiador grego e o conceito formulado por Allison como referências, e considerando que os excertos apresentados têm caráter meramente motivador, redija um texto dissertativo a respeito do relacionamento entre Estados Unidos da América e China no período contemporâneo.",
    "Padrão de Resposta": "Espera-se que o candidato redija o texto considerando os aspectos a seguir. O candidato deve aplicar uma moldura teórico-conceitual  (competição entre grandes potências em um cenário internacional anárquico/concorrência hegemônica) em uma situação política concreta e contemporânea (relacionamento bilateral China-EUA). O candidato deverá inicialmente demonstrar familiaridade com a contribuição de Tucídides – historiador do conflito entre Atenas e Esparta no século VI a.C. – para disciplina de Relações Internacionais; em particular, a descrição da dinâmica entre potências concorrentes pela primazia no sistema internacional (item i). É indispensável ter conhecimento prévio da obra supracitada de Graham Allison, o que o cientista político norte-americano define como “Armadilha de Tucídides” –, muito em particular o relacionamento contemporâneo entre Washington e Pequim (item ii). Com base nessas referências, caberá ao candidato narrar a ascensão internacional da China no último meio século e descrever a distribuição do poder nas relações internacionais do pós-Guerra Fria (1991-), da chamada “unipolaridade” à multipolaridade, propondo discussão acerca do surgimento de hipotética nova bipolaridade, desta vez entre EUA e China – não se espera que o candidato emita juízo definitivo quanto à questão, senão que apresente os contornos da discussão (item iii). Para isso, será necessário comparar a dinâmica bipolar que caracterizou a disputa ideológica e por zonas de influência entre EUA e União Soviética no período da Guerra Fria (1945-2011) e o atual relacionamento entre EUA e China Popular. (item iv). O candidato deve recorrer à história para retraçar o “rapprochement” conduzido pelo ex-presidente norte-americano Richard Nixon e por seu conselheiro de Segurança Nacional/secretário de Estado, Henry Kissinger, com a China maoísta, que transformou o tabuleiro geopolítico internacional nos anos de 1970 (item v), culminando, décadas depois, nas fricções entre os dois países no período do Governo do ex-presidente Donald Trump e do presidente Joe Biden, do lado norte-americano, e do presidente Xi Jinping, do lado chinês; será aqui oportuno contrastar a atitude dos Governos Trump e Biden frente à China (item vi). O complexo relacionamento entre os dois países deve ser explorado pelo candidato demonstrando conhecimento a respeito das áreas de convergência e complementaridade entre os dois países – por exemplos, volume de intercâmbio comercial, integração produtiva e das cadeias de suprimento, dívida norte-americana com a China e a cooperação em temas como mudanças climáticas (item vii) – e os irritantes no relacionamento, como competição comercial e escalada tarifária; competição científico-tecnológica e disputa acerca de propriedade intelectual; estranhamentos no Mar do Sul da China (reivindicações chinesas); aliança sino- russa, inclusive no contexto do conflito na Ucrânia; altercações quanto à gestão da pandemia da Covid-19 (item viii). Essa complexidade – isto é, o fato de que o relacionamento não se presta a simplificações – deverá ser explorada pelo candidato , que poderá recorrer ao conceito de “interdependência complexa”, desenvolvida pelos teóricos norte-americanos Joseph Nye e Robert Keohane, para demonstrar por que as múltiplas conexões entre EUA e China – especialmente o entrelaçamento entre as duas economias – poderiam tornar um conflito armado direto entre essas duas potências menos provável do que 4poderia sugerir a elaboração conceitual de Allison; neste caso, a demonstração de um paralelo com a dinâmica entre Alemanha imperial e Grã Bretanha às vésperas da Primeira Guerra Mundial será bem acolhida (item ix). Finalmente, espera-se que o candidato apresente argumentação referente à inclinação de respectivamente China e EUA para o conflito armado, tendo em vista o histórico de política externa e segurança e defesa das duas potências (item X). Q1. Abordar a contribuição de Tucídides para o campo das Relações Internacionais. Q2. Explorar o conceito de “Armadilha de Tucídides” apresentado nas epígrafes. Q3. Descrever ascensão internacional da China e a distribuição de poder nas relações internacionais contemporâneas. Q4. Comparar a dinâmica EUA versus China à dinâmica EUA versus União Soviética no decurso da Guerra Fria. Q5. Apresentar histórico do relacionamento EUA-China. Q6. Descrever estado atual do relacionamento EUA-China. Q7. Apresentar os pontos de convergência na referida relação bilateral. Q8. Enumerar os irritantes no relacionamento sino-americano. Q9. Explicar por que o conceito de “interdependência complexa” tornaria mais improvável um conflito armado. Q10. Contrastar a inclinação das políticas externas da China e dos EUA para um conflito armado. Será avaliada a capacidade do candidato de estabelecer uma tese e sustentá-la coerentemente. A avaliação seguirá o critério comparativo (i.e.). A avaliação individual será feita de acordo com a comparação do nível de outros exercícios. Nesse sentido, embora o candidato possa ter respondido de forma correta, abrangendo os requisitos anteriormente indicados, sua nota poderá ser menor do que a atribuída a outros que fizerem o exercício com maior qualidade intelectual, acadêmica e formal.",
    "Candidatos": [
        {
            "Nome": "Liz Pinhata",
            "Inicio_candidato": 29234,
            "Inicio_redação": 29301,
            "Nota": 22.5,
            "Redação": "EUA e China estão em uma disputa pela hegemonia global. A análise que Tucídides fez da guerra entre Atenas e Esparta foi uma das inspirações para o desenvolvimento da Teoria Realista das Relações Internacionais. Nos anos 1990, a Teoria Neorrealista de Mearsheimer preconizou que a paz é mantida pela existência de um hegemon, nesse caso, os EUA. Assim, a emergência da China como potência econômica, política e, crescentemente, militar estaria fadada a dar origem a um conflito sistêmico, cujos polos seriam esses dois países. Até o presente momento, no entanto, a relação entre China e EUA é marcada por críticas mútuas e conflitos comerciais que ainda não alcançaram temas de segurança. A relação entre EUA e República Popular da China (RPC) já começou conflituosa. A RPC é resultado da revolução comunista que alcançou o poder nos primeiros anos da Guerra Fria. Nessa época, sua existência motivou o envolvimento dos EUA nas guerras da Coreia e do Vietnã, na tentativa de impedir a formação de uma “cortina de bambu” semelhante à “cortina de ferro” na Europa. Em 1971, os EUA, assim como o Brasil, votaram contra a entrada da RPC na ONU e, somente em 1979, aquele país estabeleceu relações com a China. Nos anos 1990, em um contexto no qual parecia ter triunfado a teoria do “fim da história”, de Francis Fukuyama, os EUA incentivaram a entrada da China em organismos multilaterais, como a OMC, com o intuito de influenciá-la a adotar a democracia liberal nos moldes ocidentais. Contudo, a unipolaridade do Sistema Internacional foi contestada no século XXI, especialmente após a Crise de 2008, com a emergência da China como potência global e a assertividade militar da Rússia no espaço pós-soviético. Em termos econômicos, a China ameaça a hegemonia norte-americana sobre o comércio internacional. China e EUA são os principais parceiros econômicos um do outro, e a relação é deficitária para os EUA. Isso motivou a escalada tarifária mútua no governo de Donald Trump. Tendo começado como plataforma de exportações, hoje, a China produz tecnologia de ponta, domina o importante mercado de semicondutores e faz pesados investimentos em tecnologia verde. O PIB por poder de compra chinês já ultrapassa o dos EUA. Os investimentos chineses no exterior crescem, principalmente na África, mercado com enorme potencial de expansão, o que gera as críticas americanas sobre possíveis “armadilhas da dívida”. A One Belt One Road Initiative tem potencial para aumentar a influência chinesa – por meio de investimentos – sobre países de todos os continentes, incluindo a América, tradicionalmente dentro da esfera de influência dos EUA. A inciativa tem potencial para aumentar a conectividade dentro do território chinês – favorecendo a produtividade do país – e a capacidade de escoamento internacional da produção chinesa. A tentativa dos EUA de reduzir a influência da iniciativa chinesa, o programa America Grows, falhou, pois há países que participam das duas. A Nova Rota da Seda Digital, baseada na tecnologia 5G chinesa, desencadeou a defesa, por parte dos EUA, de empresas de 5G de seus aliados, como a sueca Ericsson, para tentar barrar a influência da China no campo da tecnologia. 3China e EUA tecem críticas mútuas um ao outro. Em organismos multilaterais, os EUA criticam a China por não seguirem as normas estabelecidas, como as relativas à transparência na OMC e na OMS (COVID-19). A China, em contrapartida, defende o “multilateralismo real”, mais inclusivo em relação a posicionamentos e interesses não ocidentais. Os EUA denunciam as violações de direitos humanos perpetradas pelo Estado chinês em Xinjiang (perseguição a uigures), Taiwan e Hong Kong. A China defende, tradicionalmente, a não intervenção, e sua diplomacia torna-se mais assertiva (wolf warrior diplomacy). O incremento das forças armadas chinesas preocupa os EUA. Tradicionalmente uma potência terrestre, a China hoje possui uma das maiores marinhas do mundo. O exercício chinês de poder sobre o Mar do Sul da China é criticado pelos EUA, que regularmente enviam navios militares para a região. A mudança climática, e o consequente descongelamento do Ártico, é um ponto de tensão na relação dos dois países, interessados em explorar recursos minerais e estabelecer rotas de comércio na região. Os EUA tentaram, sem sucesso, a inclusão da China nas negociações sobre o Novo START, tratado de limitação de poder nuclear com a Rússia. A crescente aproximação entre China e Rússia ameaça a hegemonia militar e estratégica dos EUA. China e Rússia convergem sobre a necessidade de reforma da governança global, com base no binômio representação- eficácia, atuando juntas no BRICS e no RIC. O relacionamento comercial entre esses países é importante, tendendo a crescer com a construção (recentemente acordada) de gasodutos e oleodutos entre eles. No âmbito de sua “amizade sem limites”, China e Rússia frequentemente promovem exercícios militares conjuntos e adotam posicionamentos comuns em relação a conflitos estrangeiros, como a Guerra da Síria e a Crise Venezuelana. O fortalecimento do eixo Beijing- Moscou condiz com a ênfase que a Rússia passou a conferir aos países asiáticos, como reação à expansão da UE sobre a Europa do Leste. A possível oposição de uma enorme coalização euroasiática – que inclua o heartland de Mackinder, o rimland de Spykeman e o novo poder marítimo chinês, nos termos de Mahan – aos EUA têm potencial para desencadear uma segunda Guerra Fria, a qual, segundo alguns autores, já existe. A emergência da China, potência estatista não ocidental, surpreendeu os defensores da hegemonia política, econômico e militar dos EUA sobre o mundo. Nos últimos anos, os EUA seguem influentes internacionalmente, como a maior economia e maior potência militar do planeta. No entanto, suas tentativas de reduzir a influência da China sobre o Sistema Internacional, a exemplo da “guerra comercial”, têm-se mostrado ineficazes. Ainda não é possível afirmar se os desentendimentos ideológicos e comerciais entre os dois países desencadearão um conflito, como previsto por Mearsheimer, ou se a transição para a bipolaridade – ou até unipolaridade chinesa – será pacífica."
        },
        {
            "Nome": "Raíssa Guimarães",
            "Inicio_candidato": 22523,
            "Inicio_redação": 22596,
            "Nota": 27.0,
            "Redação": "As dinâmicas do relacionamento entre EUA e China são de extrema relevância para as relações internacionais, por se tratar das duas maiores economias do globo, membros permanentes do Conselho de Segurança da ONU e detentores de duas das maiores forças militares do mundo. Sob a ótica realista, a ascensão de uma potência contra- hegemônica poderá engendrar em um conflito bélico com a potência declinante, em um contexto que se convencionou como “Armadilha de Tucídides”, por fazer referência ao conflito entre Esparta e Atenas. De fato, a rivalidade crescente entre Alemanha e Grã-Bretanha foi um condicionante da 1a. GM, assim como a disputa entre EUA e URSS, durante o período da Guerra Fria, que quase resultou em um conflito armado entre essas potências. Deve-se pontuar, porém, que o relacionamento entre EUA e China é mais complexo do que esses episódios anteriores, por se tratar de potências que possuem pontos de divergência, mas também de convergência no relacionamento bilateral. Deve-se também asseverar que o encrudescimento de desconfianças, sob a perspectiva do “Dilema de Segurança” de Herz, pode ocasionar a deterioração da dinâmica entre esses países. Ademais, como pontuou Mearsheimer, um provável declínio chinês também pode resultar no acirramento de tensões. Entre os antecedentes do relacionamento contemporâneo entre EUA e China, está a aproximação bilateral ocorrida durante a década de 1970, no governo do presidente norte-americano Nixon. No que se denominou de “diplomacia do pingue-pongue”, H. Kissinger buscou a reaproximação entre os países - tensionada após a revolução comunista de 1949 -, com a estratégia de se contrapor à URSS no sistema internacional. Apesar de os EUA terem votado contra a RPC como representante no CSNU, iniciou-se um período de melhora no relacionamento, mesmo com divergências, como o caso de Taiwan. Posteriormente, durante o governo de Bill Clinton, em uma perspectiva liberal, buscou-se apoiar a integração da China às instituições internacionais, a exemplo do apoio à entrada da China na OMC. Essa postura será posteriormente revista por outros governos norte-americanos seguintes, como o de Donald Trump. Desde o processo de modernização impulsionado por Deng Xiaoping, a China tem defendido a ideia de “um país, dois sistemas”, que propiciou sua ascensão econômica e geopolítica. Em recente discurso para o PCC, Xi Jinping asseverou que a China obteve êxito em seu primeiro objetivo - de ter uma economia capaz de propiciar uma vida digna aos chineses -, de modo que o país almeja ser a maior economia do mundo em 2050 (o país já é em termos de poder de compra). Essa postura tenderá a exacerbar a rivalidade econômica entre EUA e China. Ademais, a “diplomacia do lobo guerreiro”, utilizado pela China ao optar por um discurso diplomático mais altivo, principalmente durante a pandemia de COVID-19, também poderá ser um fator para o acirramento de tensões entre EUA e China. Durante o governo Obama, os EUA procurou reorientar sua política externa para a Ásia, no que se convencionou de “Pivot to Asia”. Obama almejou o fortalecimento de alianças com países da região, a exemplo do apoio ao arranjo de cooperação QUAD, entre Estados Unidos, Japão, 1Índia e Austrália. Ademais, o acordo comercial TPP também teria como objetivo contrabalancear o avanço econômico chinês sobre os países da região. Com o início do Governo Trump, os EUA adquirem uma postura de maior confronto à China. Os EUA se retiram do TPP e passam a aplicar sanções a China, inaugurando uma “guerra comercial” entre os países. Havia espacial atenção aos crescentes déficits comerciais dos EUA em relação à China. O governo Trump fazia críticas à política comercial chinesa, que utilizaria de um câmbio artificial, uso indevido de subsídios e de empresas estatais e de violação de direitos de propriedade intelectual acordados no TRIPS, no arcabouço da OMC. Em 2020, os países chegaram a um acordo a fim de equilibrar a dinâmica comercial bilateral. Trump também fez críticas à China relacionadas ao início da pandemia de COVID. No governo Biden, a China continua a ser considerada um país com rivalidades econômicas e sistêmicas face aos EUA. Biden não arrefece as críticas dos EUA face às práticas comerciais chinesas e defende uma reforma da OMC que revise pontos como o TED a países em desenvolvimento e a reforma do órgão de apelação. Ademais, permanecem as críticas em relação à iniciativa chinesa “One Belt One Road” e a incursão chinesa em países africanos, o que os poderia colocar em uma “armadilha de dívida”. Em relação à Taiwan, apesar de os EUA tradicionalmente adotarem uma postura de “ambiguidade estratégica”, Biden recentemente afirmou que os EUA poderiam intervir na ilha caso a China autorizasse uma operação militar para reintegrar Taiwan ao território chinês. Biden também reiterou críticas acerca das ações sobre Hong Kong e sobre a província de Xinjiang, sob a qual há acusação de violações de direitos humanos do regime chinês sobre os uighures. Além disso, sobre a perspectiva de contenção à expansão comercial chinesa, principalmente após a entrada em vigor do acordo comercial RCEP, o qual a China faz parte, Biden recentemente anunciou a negociação de um novo acordo comercial com países da Ásia. A busca por uma contraposição à presença chinesa na Ásia também teve como resultado a recente aliança chamada AUKUS, entre Austrália, Reino Unido e Estados Unidos, para gerar ganhos em cooperação militar e a venda de armamentos bélicos entre esses países. Biden também apoia o reforço ao arranjo QUAD, como forma de contraposição à China. O relacionamento bilateral entre China e EUA também sofreu deterioração após a invasão russa à Ucrânia em fevereiro de 2022. Putin anunciava uma grande aliança entre Rússia e China, o que foi interpretado pelos países ocidentais, principalmente por Biden, por uma carta branca chinesa às ações de Putin. A China acusa os EUA de ter acirrado as tensões sobre a questão ucraniana e critica a imposição unilateral de sanções, sem a aprovação do CSNU, à Rússia. Para a China, as ações dos EUA apenas exacerbam o conflito. Algumas convergências podem também ser pontuadas. Há uma grande presença de empresas norte- americanos na China e um grande fluxo de investimentos chineses dos EUA, além da detenção de títulos de dívida pública norte-americana pelo governo chinês. Ademais, se a Rússia apresenta-se como ator que se opõe à ordem internacional vigente, a China é mormente um ator que busca reformá-la, como a revisão de cotas do FMI, a criação do AIIB e do NBD, no âmbito dos BRICS. A relação entre China e EUA é potencialmente conflituosa."
        },
        {
            "Nome": "Renato de Mendonça",
            "Inicio_candidato": 7566,
            "Inicio_redação": 7638,
            "Nota": 29.0,
            "Redação": "A crescente rivalidade entre a República Popular da China (RPC e os Estados Unidos se desenha para ser o grande conflito geopolítico do século XXI. Segundo a lógica da Armadilha de Tucídides, a célere ascensão econômica e militar chinesa ameaçaria a posição hegemônica dos EUA, resultando, em última medida, em um conflito direto. As relações sino-americanas vem sofrendo tensionamentos crescentes nos últimos anos, com clara mudança de postura americana em relação à Doutrina Nixon adotada nos 1970. A posição americana em relação à China era distinta no pós-Segunda Guerra. Com a vitória dos Aliados, retomou-se a guerra civil chinesa, findando em 1949 com a vitória do Partido Comunista na China Continental e o isolamento do Kuomitang em Taiwan. Os EUA, bem como a ONU, não reconheceram o governo comunista, mantendo-se relações com Taiwan, que preservou o assento no Conselho de Segurança. Houve tensões entre EUA e a China Continental no contexto da Guerra da Coreia, em que os países apoiavam facções opostas. A partir dos anos 1970, iniciou-se movimento de reconhecimento da RPC. Adotando-se a política de Uma Só China, países passaram a reconhecer o governo comunista em detrimento de Taiwan. A RPC também retoma o assento permanente no CSNU. Nos EUA, estabelece-se a Doutrina Nixon, segundo a qual a aproximação com a RPC, com a experimentação chinesa ao modelo capitalista, poderia levar a uma transição democrática no país. Além disso, após o cisma sino-soviético, a aproximação seria estratégica par isolar a URSS no contexto da Guerra Fria. A diplomacia do pingue-pongue a visita de Deng Xiaoping aos EUA são indicativos do período. De fato, com Deng Xiaoping, a china instituía as Quatro modernizações, no intuito de ampliar o potencial econômico chinês, com abertura parcial ao molde do “socialismo com feições chinesas”. Contudo, eventos como o massacre da praça da Paz Celestial, duramente criticado pelos EUA e pelo Ocidente, mostram que o controle político do PCC permanecia firme. Mesmo assim, presidentes pós-Nixon mantiveram a postura de aproximação, na crença da transição democrática. Durante Clinton e George W. Bush, aceitou-se a adesão da China à OMC, bem como o reconhecimento do país como economia de mercado. As economias americanas e chinesa iam gradativamente complementando- se, com o aproveitamento da mão de obra barata chinesa para a montagem e fornecimento de componentes eletrônicos dos manufaturados americanos. A postura também era benéfica para a China, que crescia e modernizava-se com base na doutrina de ascensão pacífica. A crise financeira de 2009 expôs elementos de fragilidade na economia americana, com efeitos negativos espalhando-se especialmente nas economias centrais. Ao mesmo tempo, China e demais emergentes foram menos afetados, aumentando sua importância econômica e política relativa, por organismos como o BRICS e o G20 financeiro. A célere ascensão chinesa torna o país, inclusive, principal parceiro comercial em países que tinham os EUA como principal 6parceiro. Politicamente, dissidências em questões como a guerra civil síria demonstram a crescente influência chinesa para além do seu entorno. Em seu segundo governo, Barack Obama adota a estratégia do Pivô Asiático, a fim de conter a influência chinesa, porém sem o confronto direto. Iniciativas como o TPP buscavam atrair economicamente países do entorno chinês, isolando-a. Ao mesmo tempo, o presidente Xi Jinping banca a iniciativa Cinturão e Rota, cujos capitais de quase US$ 1 trilhão almejam dar novo salto qualitativo na participação chinesa no globo. Com o governo Trump (2016-2020) adota-se postura clara de inflexão contra a RPC. Como mostra a tese de Allison Graham, a parceria sino- americana não pareceu modificar o regime chinês. Pelo contrário: haveria possivelmente ameaça à segurança americana. É nesse sentido que Trump classifica a China e a Rússia como potências rivais no Relatório de Segurança, inaugurando uma nova era de “competição entre grandes potências”. Alguns teóricos chegam a tratar a rivalidade sino-americana como uma “nova Guerra Fria”. De fato, há paralelos: trata-se de embate entre uma nação capitalista e uma comunista; ambas são nuclearmente armadas; há diferenças culturais relevantes entre Ocidente e Oriente. Contudo, muitos fatores tornam a conjuntura atual especialmente delicada: apesar de comunista a China é amplamente integrada ao mercado global, sendo, inclusive, o principal parceiro econômico americano, o que nunca foi o caso da URSS. O arsenal nuclear chinês, ademais, é efetivamente muito menor que o americano e o russo, o que faz a China se recusar a ser incluída na revisão de acordos de desarmamento, como o de mísseis intermediários. A China tampouco lidera um bloco antagonista aos EUA: sua política externa baseia-se na promoção do multilateralismo e em princípios de não ingerência e respeito à soberania, adotando- se postura de nova convivência harmônica. Apesar disso, a China sob Xi tem adotado postura de aumento do seu poderio militar, em especial em seu entorno no Mar do Sul da China, a fim de garantir sua soberania sobre a chamada “linha dos nove traços”, algo que não é reconhecido mundialmente. Além disso, a China também expandiu seu poder econômico na América Latina e África, regiões de habitual influência americana. Com base nessa configuração de ameaça, Trump adotou várias posturas reativas e de enfrentamento à China. Na economia, iniciou o processo de “decoupling”, orientando empresas a reduzirem sua participação na China e retornar suas estruturas para o território americano. Adotou imposições tarifárias, iniciando uma guerra comercial com efeitos em todo mundo. E acusou a China de violações generalizadas de direitos humanos, em especial no Tibet, em Hong Kong e em Xijiang, onde o secretário de Estado Mike Pompeo classificou as políticas chinesas como genocidas. Em sua chegada ao governo, o democrata Joe Biden não adotou o mesmo tom de enfrentamento direto, mas manteve as políticas de isolamento econômico e político. Além disso, Joe Biden vale-se do sistema de alianças americanas para conter a China no Pacífico, há estratégias como o Quad, o “diamante democrático” de contenção com EUA, Índia, Japão e Austrália; e a Aliança AUKUS, recém- anunciada entre EUA, Reino Unido e Austrália, prevendo o fornecimento de submarinos nucleares americanos para a Austrália, no lugar dos franceses. Na União Europeia, os EUA lograram 7convencer diversos países a não adotar a tecnologia 5G chinesa, sob acusação de risco de espionagem. Os EUA também acusam os chineses de roubar propriedade intelectual em seus programas tecnológicos. Com o crescente afastamento entre EUA e RPC, cresce o risco de que a “Armadilha de Tucídides” se torne uma profecia autorrealizável. Sem mecanismos do diálogo entre as duas potências, como existiam na Guerra Fria (o “telefone vermelho”), riscos menores podem escalonar rapidamente. Além disso, com a postura americana de isolamento da China, cresce sua aproximação da Rússia, ameaçando a criação de um bloco antagônico sino-russo. O recente conflito na Ucrânia, no qual a China apoia a Rússia tacitamente, aumenta os temores de que Pequim realize incursão militar de reanexação de Taiwan. Esse é atualmente o principal ponto de tensão entre os dois países, com os EUA fornecendo armamento à ilha e mantendo contatos próximos com a presidente taiwanesa, o que gera reações de Pequim. Os EUA mantêm postura dúbia se reagiriam a uma invasão de Taiwan, apesar de haver lei americana sobre o tema. Ainda não é claro se haverá um conflito direto entre EUA e China, mas a atual conjuntura de tensões prejudica a segurança global, afetando o bom funcionamento do sistema internacional. O Brasil, como país que tem parceria estratégia com ambos, deve exercer cautela com os dois países, de modo a garantir a preservação dos interesses brasileiros a preservação da paz e segurança."
        },
        {
            "Nome": "Anônimo",
            "Inicio_candidato": 15550,
            "Inicio_redação": 15605,
            "Nota": 27.0,
            "Redação": "A Armadilha de Tucídides é um importante conceito realista para analisar o comportamento de uma potência hegemônica (Estados Unidos) em relação à emergência de uma nova potência no sistema internacional (China). Com o fim da Guerra Fria, os Estados Unidos emergiram como grande potência vencedora do ponto de vista político, com a consagração do modelo liberal-democrático, e do ponto de vista econômico, com a afirmação do capitalismo de mercado, perfazendo uma ordem que alguns analistas chamaram de uni-multipolar. Embora os EUA tenham-se sagrado uma potência hegemônica, deve-se ressaltar que sua ordem passou a ser progressivamente questionada por países emergentes no final da década de 1990 e até o início dos anos 2010, como a Índia, Rússia, Brasil e China. Esta logrou, por meio de êxitos econômicos, científicos, políticos e militares, afirmar-se como verdadeira potência em ascensão e encontra-se apta a contestar a posição americana consolidada em diversos domínios como o geoestratégico, na defesa e segurança, em ciência e tecnologia, além do econômico. A emergência da China como potência revisionista, contudo, não ocorreu imediatamente e, por muito tempo, o seu desenvolvimento não sofreu oposição americana, sendo até mesmo incentivado. Com o final da Segunda Guerra Mundial, os Estados Unidos demoraram a reconhecer a China continental como a verdadeira detentora da personalidade jurídica internacional do Estado que deveria 8ocupar o assento no CSNU. Esta posição será ocupada pela China Insular (Taiwan) até precisamente a mudança da posição americana, advinda de constrangimentos do Cisma Sino-Soviético e da “diplomacia do ping-pong” de Nixon, a qual via como oportuna a aproximação com os chineses como contraponto aos soviéticos. Dessa aproximação inicialmente política, mas posteriormente deveras econômica, a partir do governo de Deng Xiaoping, que promoveu uma parcial abertura ao capital estrangeiro, resulta que diversas empresas americanas, sejam elas indústrias ou do setor de serviços e finanças foram paulatinamente instalando-se em território chinês. Os incentivos fornecidos pelo governo de Pequim, além da mão de obra barata, estimularam maciços investimentos americanos no país. A dimensão econômica do relacionamento é, assim, um dos eixos centrais para compreender a sua dinâmica. Como primeira (EUA) e segunda (China) economias mundiais, os países detêm estoques enormes de investimentos um no outro. A China é, atualmente, o maior investidor nos EUA, enquanto este também o é para a China. O comércio bilateral também é expressivo, com os dois países contando com quase 30% dos fluxos mundiais. Há, portanto, uma significativa dependência econômica recíproca entre EUA e China. Contudo, apesar desse vultoso relacionamento econômico e comercial, recentemente, aspectos sensíveis dessa dimensão têm levantado preocupações em ambos os lados. Os EUA preocupam-se com a dimensão de seu déficit comercial com a China (o maior que possuem) e com a grande quantidade de “bonds” do governo americano detidos por Pequim. O desequilíbrio comercial tem sido tão grande que o ex-presidente Donald Trump proibiu ou sobretaxou a entrada de diversos produtos chineses em solo americano, sendo em seguida retaliado pela sua contraparte asiática, em episódio que ficou conhecido como Guerra Comercial (2019). Ainda na dimensão econômica é possível recordar as acusações americanas aos chineses de promoverem espionagem industrial, fato que motivou a prisão de empresária chinesa da Huawei no Canadá. As tentativas de formação de blocos ou coalizões econômicas pelos EUA com países europeus e aliados são também uma relevante dimensão da estratégia americana em conter economicamente que a China capitaneie iniciativas de integração como a RCEP. No plano geoestratégico, os países competem por zonas de influência ao redor do mundo, como o Indo-Pacífico, a África e a América Latina. Quanto ao primeiro, espaço de disputa EUA- China por excelência, é possível citar uma série de iniciativas de ambos os lados. Os Estados Unidos têm firmado diversas parcerias com países da região ou que lá possuem territórios para assegurar a cooperação em defesa e inteligência, com a finalidade alegada de manter um Indo-Pacífico livre. Entre elas incluem-se o QUAD (Índia, Austrália, Japão e EUA), além das iniciativas de inteligência com países anglófonos com o “five eyes” e o AUKUS. A articulação americana com países da região do Mar do Sul da China, como Filipinas, Malásia, Taiwan e Indonésia também faz parte da estratégia americana de contenção chinesa em uma área historicamente disputa, mas encontra obstáculos na relevância das trocas comerciais com os chineses na balança comercial desses países. A China, por outro lado, tem pretendido reclamar soberania sobre essa região (Spratly e Parecel), além de exibir importantes projetos econômicos para a região. Nesse tocante, deve-se ressaltar o projeto 9Cinturão e Estrada (BRI), apelidado de “nova rota da seda”, como grande iniciativa de investimentos e infraestrutura, cuja pretensão é construir uma rede de projetos de infraestrutura do Extremo Oriente à Europa (embora existam projetos na África e na América Latina). No que se refere à África como palco de disputa, deve-se recordar os maciços investimentos chineses em infraestrutura de países africanos, os quais por muito tempo foram negligenciados pelos EUA em função das inseguranças políticas e sociais do continente. Em contrapartida, há a alegação americana de que a China promove a “diplomacia da dívida” junto a esses países, visando a exercer maior influência. Já no que se refere à América Latina, tradicional área de influência americana, é possível identificar a China como principal parceiro comercial de vários países da região, como o Brasil. Com relação a este, especificamente, a questão do leilão da tecnologia 5G, entre 2019 e 2021, ilustra a disputa de interesses entre China (querendo, através da Huawei, aumentar seu mercado) e Estados Unidos (com receio de que a tecnologia seja utilizada para espionagem). Finalmente, há de se citar que o relacionamento EUA-China se tem revestido, no campo militar e de defesa, como verdadeira Guerra Fria 2.0. Os EUA têm pressionado para que os chineses se vinculem a instrumentos de não proliferação de armamentos. O país também tem apoiado Taiwan em seu pleito de soberania e Hong Kong de autonomia. A China, por outro lado, tem estabelecido relações próximas com a Rússia, como manifestado em comunicado sobre “parceria duradoura”, além de se aproximar do Paquistão (rival estratégico da Índia) e de ter-se colocado como importante fornecedora de vacinas. Tecidas essas considerações, o conceito de “armadilha de Tucídides”, de Grahan Allison, revela-se deveras apropriado para descrever o relacionamento EUA- China, embora não se deva esquecer que os países detêm economias interdependentes e importante cooperação climática."
        },
        {
            "Nome": "Anônimo",
            "Inicio_candidato": 35462,
            "Inicio_redação": 35517,
            "Nota": 15.5,
            "Redação": "O relacionamento entre Estados Unidos e China no período contemporâneo tem sido marcado por grandes disputas. Por um lado, os Estados Unidos, desde meados do século XX, principalmente após as duas guerras mundiais, consagrou- se como a maior potência mundial, tanto no aspecto econômico – como evidenciam as conferências de Bretton Woods e a dominância do dólar – quanto no aspecto política e de segurança. Após o fim da Guerra Fria, a ordem mundial liberal e o modelo democrático foram estabelecidos como referência para o mundo, em lugar do sistema socialista e da política autoritária. A vitória do liberalismo endossou a tese neoliberal das relações internacionais. Por outro lado, a China percorreu caminho antagônico ao dos Estados Unidos. A Revolução Chinesa, em 1943, dividiu a China em República Popular da China, sob o comando de Mao Tsé-Tung, e o Estado da China, representado por Taiwan. Nas décadas seguintes, a RPC sofreu forte influência do socialismo russo, mas adotou o maoísmo como sistema particular com foco na agricultura. A partir da década de 1970, contudo, as quatro revoluções econômicas da China (agricultura, comércio, energia, defesa) e a política de portas abertas, concretizada pela criação de zonas especiais de produção, gerou grande desenvolvimento na RPC, que também passou a estabelecer relações com os Estados Unidos, 1974, com o Brasil, 1974, e ser aceita no Conselho de Segurança da ONU como membro permanente. Ainda assim, a China manteve fechamento político, como evidenciou o Massacre na Praça da Paz Celestial na década de 1990. Atualmente, contudo, o crescimento da China tem sido surpreendente e rivalizado fortemente com a economia americana. A China é grande investidora, importadora e exportadora mundial, além de ter obtido êxito em utilizar o multilateralismo como estratégia de soft power e de diversificação de parcerias, sem alinhamentos propriamente ideológicos. A “Armadilha de Tucídites”, fortemente relacionada a teoria realista de relações internacionais, explica, em grande parte, o incômodo dos Estados Unidos com o crescimento econômico e a ascensão política chinesa. Não obstante, a competição por poder hegemônico não é suficiente para abarcar todos os elementos em jogo. O que há é uma disputa sobre o modelo da nova ordem internacional, já que o fim da Guerra Fria havia decretado a vitória das democracias, como modelo propício ao desenvolvimento econômico, e da ordem liberal internacional, com maior abertura econômica (a exemplo do Consenso de Washington) e com menor intervenção do Estado. A China, sendo governo autoritário, com forte intervenção na economia e com supressão de liberdades civis é, contudo, evidência contrária ao estabelecido no status quo, sob liderança dos Estados Unidos. A rivalidade entre Estados Unidos e China abrange diversos âmbitos na atualidade. Quanto ao aspecto econômico, é notável que os países são os maiores parceiros comerciais um do outro na contemporaneidade. Contudo, o ex-presidente D. Trump contestava a balança comercial predominantemente negativa para os Estados Unidos nos últimos anos. Esse entendimento gerou a atual 5guerra comercial entre os países, que findavam a negociação da fase 1, para reequilibrar a balança comercial. Outrossim, cabe enfatizar a crítica dos Estados Unidos à Organização Mundial do Comércio, que não foi efetiva em monitorar as medidas de liberalização da China. Na verdade, a participação chinesa no órgão, a partir de 2001, seria para uma função “pedagógica”, para que a China deixasse de intervir na economia. Isso não aconteceu e a China vincula a instalação de empresas no país à transferência de tecnologia. Os EUA também criticam as vantagens dos países em desenvolvimento no órgão, já que nem todos eles estão no mesmo patamar de desenvolvimento, mas aferem vantagens semelhantes. A rivalidade também abrange os acordos megarregionais. A Parceria Transpacífica servia ao propósito de aproximar os EUA dos países da ASEAN e do Sudeste Asiático, sem intromissão da China. Trump, contudo, retirou os EUA do Acordo e a China, em contrapartida, firmou a Parceria Regional Abrangente na região. Atualmente, o presidente Biden busca reverter essa situação propondo novo acordo. Ainda nesse aspecto, os EUA criticam a concentração produtiva concentrada (sic.) na China, decorrente das cadeias globais de valor. Esse fator tornou os postos asiáticos mais importantes que os do Atlântico e a pandemia evidenciou ainda mais o risco de desindustrialização. Não à toa, o ex-presidente Donald Trump defendia o retorno da produção industrial. Os EUA e a China também tem (sic.) discordado em outros âmbitos. Os EUA criticam a Iniciativa Belt and Road chinesa, que visa a integração intercontinental com Europa e África. Além de atrair os vizinhos do Atlântico, alerta sobre a “armadilha do endividamento”, que tornaria os países africanos mais dependentes da China. Ademais, no âmbito político, critica a aproximação entre China e Rússia, atentando para a formação de um bloco euroasiático que mudaria a configuração de poder. Por essa razão, os EUA tem (sic.) buscado cooperação crescente com o entorno asiático, em consonância com o pensamento de Rimland, com países do Sudeste Asiático, Coreia do Sul, Austrália e Japão. O Quad é representativo desse movimento. Há também confronto em relação à delimitação do mar do Sul da China. Desde o “Pivô Asiático” de Obama, o governo americano defende a livre navegação no mar e se propõe a defendê-lo, em consonância com a política “Estratégia Diamante” do Shinzu Habe (sic.) [Shinzu Abe, ex- Primeiro Ministro do Japão. No aspecto político, o (sic.) Estados Unidos também critica a diminuição da soberania relativa de Hong Kong, que tem sido alvo da política de integração territorial (“Uma só China”) chinesa. Ademais, critica a ausência de condenação mais assertiva da China à Rússia, na recente guerra na Ucrânia, e se contrapõe ao apoio chinês a Maduro, na Venezuela. A China não reconhece Juan Guaidó como líder do país. As controvérsias também ocorrem no Conselho de Segurança, em que China e Rússia tem vetado possíveis intervenções na Síria, Venezuela e Ucrânia. No aspecto da segurança, os países têm rivalizado quanto a necessidade de comprometimento da China em acordos trilaterais de redução de armas nucleares. Esse foi um dos motivos (sic.) que o ex-Presidente Trump usou para denunciar acordos de NFT com a Rússia e o de Arranha- Céus. Ademais, há fortes críticas às violações de direitos humanos na China, principalmente à minoria uigu (sic.). Por fim, há também oposição à adoção da rede 5G da Hawai (sic.), pois a China intervém fortemente na economia e pode colher dados dos cidadãos americanos. Há iniciativa 6entre EUA, Japão e Brasil, o JPED, para fortalecer a democracia e segurança-tecnológica. Assim, as rivalidades entre China e EUA são uma realidade no contexto internacional contemporâneo e oferecem riscos à estabilidade mundial."
        }
    ]
}