{
    "Nota Máxima": 30.0,
    "Nota Média": 28.0,
    "Menor Nota": 23.0,
    "Pergunta": "A ideia de que, em períodos de crise, os fluxos imigratórios se interrompem torna-se muito mais difícil de ser sustentada no início do século 21, que é marcado de uma forma sem precedentes na história pelos fluxos migratórios dos mais diversos tipos e compõe o que Castles e Miller (1993) chamaram de a “era das migrações”. Todavia, os fatores de contradição do funcionamento do sistema econômico em escala global – sobretudo a produção das desigualdades, de conflitos e guerras, os efeitos para a população da destruição do meio ambiente, o desemprego e a degradação do trabalho (BASSO, 2018) – não se interrompem, tampouco as expectativas dos emigrantes e dos refugiados de buscarem melhores condições de vida ou de lutarem pela sobrevivência. VILLEN, Patr ícia. Impactos da crise na na migração internacional no Brasil. In: BAPTISTA, Dulce Maria Tou- rinho; MAGALHÃES, Luís Felipe Aires (orgs.). Migrações em expansão no mundo em crise. São Paulo: EDUC/ PIPEq, 2020, com adaptações. Considerando que o excerto apresentado tem caráter meramente motivador, redija um texto dissertativo analisando o fenômeno migratório no mundo e no Brasil. Aborde, necessariamente, os seguintes tópicos: as tradicionais e novas motivações que perpetuam as migrações, citando pelo menos um exemplo; o crescente número de refugiados e apátridas em meio ao cenário das migrações do século 21; os efeitos sociais e culturais das migrações nos países que recepcionam esses grandes fluxos; os países que mais recepcionam os fluxos e possuem pouca visibilidade; a migração e as redes de tráfico humano; a atuação da comunidade internacional e das agências multilaterais diante do fenômeno, incluindo-se os refugiados; o quadro da migração internacional no Brasil no século 21; e a institucionalidade do tema no Estado brasileiro, incluindo-se as questões laborais e a abordagem legal.",
    "Padrão de Resposta": "Q1. Nos anos iniciais do século 21, a conflagração de guerras, nos mais diversos pontos do planeta continuam a movimentar grandes contingentes de pessoas, a exemplo do que acontece na Síria e, mais recentemente, na Ucrânia. Adicionalmente, as nações que se encontram em profundas crises econômicas, tais como aquelas localizadas na América Central, como Guatemala e Honduras, também continuam a ser fatores de deslocamento das populações. Além disso, mudanças de regimes, como aquele ocorrido recentemente no Afeganistão, geram fluxos consideráveis, em face do caráter político-religioso do grupo que assumiu o poder no país. Ainda outro motivo a considerar é que o fator religioso tem se mostrado um impulsionador de fluxos migratórios forçados, a exemplo do que se observou com os rohingyas, em Bangladesh. Q2. Além dos fatores de ordem política, econômica e das guerras, mais recentemente há um novo tipo de migrante, aquele que se desloca em face das questões ambientais que, embora ainda sejam fluxos incipientes e pouco estimados, vem adquirindo espaço nos debates, pois são uma nova categoria de deslocados que, muitas vezes internamente, não encontram condições de sobrevivência em seus lugares de origem. Bangladesh é um desse países com grande quantidade de pessoas que se deslocam, em face das questões ambientais nas suas áreas litorâneas e vão se instalar nas favelas de suas maiores cidades, como Daca. Outra nova categoria de migrantes, não forçados, são os trabalhadores do conhecimento, caracterizados por indivíduos com alta escolaridade e qualificação profissional que transitam pelo mundo ocupando cargos e posições em organizações públicas e privadas, além de organismos multilaterais. 0Q3. Esse complexo quadro de deslocados que mescla migrações espontâneas e outras diásporas que ocorrem por crises resultou em um grande contingente daquilo que se denomina refugiados ou apátridas. São pessoas que não têm sua nacionalidade reconhecida por nenhum país. A apatridia ocorre por várias razões, uma delas é a discriminação contra minorias na legislação nacional, não reconhece todos os residentes do país como cidadãos. Q4. Atualmente há uma ampla discussão a respeito dos efeitos social e cultural desses grandes deslocamentos nos países receptores, sendo a xenofobia o traço mais evidente, por uma série de fatores, que vão desde o ambiente de instabilidade econômica de alguns desses países que, sequer têm assegurado emprego para seus nacionais, o que resulta em um sentimento de insegurança econômica por parte das suas populações, que vislumbram os migrantes como aqueles que lhes tirariam oportunidades. Algumas dessas nações, inclusive, adotam rígidas políticas que dificultam a entrada dos migrantes e sua permanência, promovendo retornos maciços desses refugiados para seus países de origem. Q5. Em face desse sentimento, são comuns os episódios de xenofobia, reforçados, muitas vezes, por visões distorcidas de grupos sociais que adotam posturas pré-concebidas dos povos, notadamente, de algumas religiões ou de determinados grupos étnico-raciais, o que, por vezes, leva a eclosão de tensões entre grupos nacionalistas e migrantes e ao surgimento de movimentos políticos que alçam posições nos governos e nas casas legislativas de determinados países, defendendo as pautas nacionalistas e contrárias às migrações. Q6. Apesar da visibilidade que a mídia confere aos problemas dos fluxos migratórios nos países do norte global, notadamente nos Estados Unidos da América e na Europa Ocidental, não é nessas regiões que se encontra maior número de deslocados, mas sim na Turquia, no Paquistão e em Uganda que, juntos, já receberam mais de 6 milhões de pessoas em situação de refúgio. Há outros países fortemente impactados pelos fluxos, a exemplo da Jordânia que recebeu mais de 500 mil refugiados da guerra da Síria em seus enormes campos de abrigamento. Q7. Um dos efeitos perversos dos deslocamentos forçados são as redes de tráfico humano que se viabilizam em função da vulnerabilidade dos indivíduos e estão associadas, sobretudo, à exploração sexual, ao trabalho forçado, a práticas de servidão ou à remoção de órgãos. Além disso, há uma economia ilegal que se vale dessas diásporas, notadamente, aquela que viabiliza o ingresso, de forma ilegal, dos migrantes/refugiados nos países receptores. Popularmente a figura mais conhecida dessas redes, são os chamados coiotes, que acompanham os migrantes na travessia das fronteiras, mas quase sempre eles são apenas uma das peças da complexa engrenagem que alimenta tais organizações. As formas para assegurar o acesso expõem, na maior parte das vezes, os migrantes a situações de perigo e, não são raras as tragédias, que resultam em dezenas de mortes, sejam elas durante a travessia de grandes extensões de água, ou ainda pelo confinamento em lugares inadequados. Q8. Diante desse cenário, diversas instituições têm atuado não apenas no acolhimento desses refugiados, sejam elas não governamentais ou multilaterais, sendo a Organização Internacional para as Migrações (OIM) e o Alto Comissariado das Nações 1Unidas para Refugiados (ACNUR), no âmbito do sistema das Nações Unidas (ONU), as principais unidades que atuam com o tema. Nesse segmento, a OIM é o principal organismo intergovernamental no campo da migração que trabalha e atua em rede com parceiros governamentais, e não-governamentais, e o ACNUR possui um direcionamento mais específico voltado para os refugiados, e sua atuação é centrada em assegurar direitos elementares no processo de reintegração desses indivíduos aos países que os receberam. Q9. O Brasil possui longa tradição de receber migrantes, desde o século 19, sobretudo com japoneses e europeus. Em tempos recentes, esse perfil se aproximou mais dos nacionais da porção latina do continente americano, com distintas motivações, como os bolivianos que migram em função da estagnação econômica do seu país, ou ainda os haitianos que fogem da crise econômica, política, agravada pela grande catástrofe que foi o terremoto que atingiu o país, em 2010, além dos venezuelanos que deixaram seu país em face da crise econômica e de problemas de ordem política. Q10. Ainda se tratando do Brasil, sob o aspecto legal, o tema vem sendo tratado pela nova Lei de Migração (LDM), Lei no 13.445/2017, que se apresenta como um importante marco na resposta do Estado brasileiro diante das tendências da migração contemporânea. Observa- se que em seu viés “principiológico”, ao contrário do Estatuto do Estrangeiro, a LDM faz explícita referência aos direitos humanos, pautando o repúdio à discriminação e a não criminalização de migrantes que estão de modo irregular no País, na igualdade de direitos, incluindo a liberdade de associação sindical e política, e a impossibilidade de expulsão ou deportação coletivas. No âmbito da estrutura do Estado brasileiro, o tema vem sendo tratado pelo Conselho Nacional de Imigração (CNIg) do Ministério da Justiça, a quem compete tratar da política nacional de migração, bem como orientar as questões laborais dos migrantes que ingressam no Brasil solicitando permanência. Será avaliada a capacidade do candidato de estabelecer uma tese e sustentá-la coerentemente. A avaliação seguirá o critério comparativo (i.e.). A avaliação individual será feita de acordo com a comparação do nível de outros exercícios. Nesse sentido, embora o candidato possa ter respondido de forma correta, abrangendo os requisitos anteriormente indicados, sua nota poderá ser menor do que a atribuída a outros que fizerem o exercício com maior qualidade intelectual, acadêmica e formal.",
    "Candidatos": [
        {
            "Nome": "Adriana de Medeiros",
            "Inicio_candidato": 9951,
            "Inicio_redação": 10026,
            "Nota": 30.0,
            "Redação": "Segundo o Relatório de 2019 World Population Prospects, o mundo vive quatro megatrends neste século, entre o quais, a migração internacional. De acordo com Max Sorré, as migrações são intrínsecas à vida humana. Não obstante, a recente intensificação do fenômeno justifica chamar o tempo atual de “era das migrações” (Castles e Miller). Essa ideia é ratificada pelo recente Global Trends (UNFPA, 2021), que calcula que 270 milhões de pessoas são migrantes – e, entre esses, 80 milhões são deslocados forçados. Ao todo, estima-se que 3,5% da população global faz parte do fenômeno migratório atual. No final do XIX, Ravenstein tentou explicar as motivações dos migrantes em suas “leis da migração”, relacionando o deslocamento com questões de sexo e idade. Atualmente, porém, percebe- se a explicação de Ravenstein como insuficiente, especialmente após estudos de Zipf e Lee: para o primeiro, as migrações possuem relação inversa com a distância, enquanto o segundo adiciona os “obstáculos intervenientes” dificuldades legais, identificação cultural). Ainda, Harris e Todaro acrescentaram a importância das expectativas de renda como elemento da decisão de migrar – o que explicaria fenômenos como downgrade (em que um indivíduo em qualificação se desloca para outro país, trabalhando em setor de menor qualificação – comum entre países do Leste Europeu para Europa Ocidental). Finalmente, nos anos 1990, Massey apresentou a teoria das redes migratórias, explicando que as migrações criam redes de contatos, expectativas e oportunidades que relacionam famílias, grupos e cidades. Exemplos notáveis são a migração de mineiros de Governador Valadares para Massachussets, ou das relações entre nacionalidades e setores econômicos (a lavanderia do chinês, a banca de revista do italiano). Outra explicação importante para a perpetuação das migrações é a migração circular, que relaciona lugares de partida e chegada, especialmente notável nas migrações internas. No século XXI, o fenômeno das migrações forçadas se aprofundou notavelmente, em razão da proliferação e maior escala de conflitos armados, inclusive intraestatais. Destacam-se, nesse sentido, a guerra no Afeganistão, a guerra civil síria e, mais recentemente, a instabilidade e crise econômico- política na Venezuela. Com isso, aos migrantes que buscam melhores condições de vida, somam-se enorme contingente de deslocados forçados. Como um dos efetivos colaterais, eleva-se o problema da apatridia, que alcança hoje cerca de 20 milhões de pessoas, segundo ACNUR, visto que, não raro, critérios de nacionalidade (por solo e por sangue) geram conflito negativo para crianças filhos de pais migrantes, cujo status não é plenamente reconhecido em muitos países. Exemplo disso tem atingido refugiados sírios, pois o registro de nacionalidade síria demanda presença dos pais (por vezes, engajado na guerra civil), enquanto o país de refúgio (Turquia, Alemanha, França) não lhes reconhece nacionalidade por jus soli. De forma geral, os fluxos migratórios mais representativos ocorrem entre países em desenvolvimento (fluxo Sul-Sul), e são regulares (“legais”). Por isso, os países que mais recebem 3fluxos migratórios atualmente são países do sul global. Em termos de migrações forçadas, destacam-se Turquia, Colômbia e Paquistão. Em termos gerais, os EUA são o maior receptor de fluxos migratórios, sendo grande parte dos imigrantes latino-americanos (especialmente mexicanos). Em termos proporcionais, países do Oriente Médio produtores de petróleo, como Emirados Árabes Unidos, destacam-se pela recepção de trabalhadores do Sudeste Asiático para setores como construção civil. Os efeitos sociais e culturais são múltiplos: primeiramente, a importância das remessas de renda para países de saída desses migrantes tende a ser considerável para a economia (por exemplo, Porto Rico); em segundo lugar, pode-se apontar a tendência de concentração espacial de grupos nacionais em determinado bairro (como Chinatown ou Livramento, de chineses, em Nova Iorque e São Paulo); finalmente, questões como xenofobia podem-se manifestar, especialmente em contextos de crise, como se observou recentemente na África do Sul, contra imigrantes nigerianos. É de se destacar, nesse contexto, que embora menos midiatizados que os fluxos sul-norte, os fluxos sul-sul são numericamente mais representativos. Por isso, alguns dos países que recepcionam maiores fluxos e recebem pouca visibilidade têm sido – além do Paquistão, que conforma destino de refugiados afegãos – Bangladesh (que recebe refugiados rohingya do Mianmar), Colômbia (que recebe maior número de venezuelanos deslocados no exterior) e Uganda (que recebe refugiados do Sudão do Sul). A pouca visibilidade desses fluxos pode aprofundar outro problema, qual seja, o das redes de tráfico humano, que atinge em especial contingentes populacionais já vulneráveis, como mulheres e crianças, em circuitos menos atendidos pela comunidade internacional. Diferentemente do tráfico de migrantes, em que redes de grupos criminosos transferem pessoas de um país a outro, por meios ilícitos, o tráfico de seres humanos inclui problemas como escravidão sexual, trabalhos forçados, entre outros crimes. A fim de amparar os migrantes e elevar as condições mínimas de direitos humanos, a comunidade internacional empenha-se, há décadas, através de iniciativas como Passaporte Nanser (para apátridas, Liga das Nações), mas especialmente após o fim da Segunda Guerra Mundial, com o Estatuto dos Refugiados (1951), dos Apátridas (1954), ACNUR, Organização Internacional de Migrações, bem como iniciativas, exemplo do “I Belong” (para apatridia). Com esses esforços, a comunidade internacional busca maior amparo aos migrantes, sendo o esforço mais recente os Pactos Globais de 2018 para Refugiados e para Migração Segura, Ordenada e Regular. Apesar de ter-se desengajado do último documento em 2019, o Brasil figura como país de recepção e envio de migrantes internacionais, sendo reconhecido pelo ACNUR em seus esforços na Operação Acolhida, que, desde 2018, recebe, apoia e interioriza venezuelanos que chegam ao Brasil com reconhecido status de refugiado.  Ademais dos mencionados documentos internacionais, a Constituição Federal e a Lei de Migração, bem como Lei de Refúgio, garantem aos imigrantes no Brasil direitos de acesso à saúde, trabalho, inclusive associação sindical, exercício de toda atividade lícita, bem como processo facilitado de naturalização em caso de apatridia. Após retorno de parte da comunidade brasileira no exterior na década de 2000-2010, o Brasil vive atualmente momento de “diáspora”, estimando o MRE em 42,4 milhões de brasileiros expatriados, localizados sobretudo nos EUA, Portugal, Paraguai, Reino Unido e Japão. Em relação aos imigrantes, destacam-se bolivianos, portugueses e espanhóis, bem como, com visto humanitário, haitianos, e, em situação de refúgio, venezuelanos."
        },
        {
            "Nome": "André Delgado",
            "Inicio_candidato": 16914,
            "Inicio_redação": 16981,
            "Nota": 30.0,
            "Redação": "As migrações internacionais constituem fenômeno complexo, com uma multiplicidade de causas e repercussões nos campos econômico, político, social, cultural, jurídico e diplomático. A intensificação dos deslocamentos, voluntários e forçados, é marca do século XXI, consequência da evolução dos meios de transporte e de comunicação, mas também da persistência de conflitos em diversas regiões e da intensificação das desigualdades estruturais do mundo globalizado. Novas motivações para deslocamentos forçados também ganham destaque nas últimas décadas. No Brasil, o tratamento do tema sofreu grande inovação a partir de 2017. Para além dos migrantes econômicos que buscam trabalho e melhores condições de vida em países desenvolvidos, geralmente vindos do sul global (é notória a diáspora mexicana nos Estados Unidos ou o grande número de africanos morando na França, por exemplo), vem aumentando também o número de deslocamentos forçados através de fronteiras internacionais. Milhões de pessoas são forçadas a deixarem seus locais em virtude de conflitos armados, civis ou internacionais, por exemplo na Síria, no Afeganistão, na Líbia ou no Sudão do Sul. Outros tantos milhões acabam expulsos por crises políticas que levam a violações maciças dos Direitos Humanos, como no caso da Venezuela, onde o colapso econômico dos últimos anos levou mais de 5 milhões de pessoas a deixarem o país, ou de Myanmar, onde a perseguição à minoria étnico-5religiosa Rohingya produziu milhões de refugiados e de apátridas. Além das tradicionais, no século XXI sobrelevam novas motivações para deslocamentos forçados, como a crise climática, que já deteriora as condições de produção, por exemplo, nas franjas do Saara, e expulsa populações de regiões costeiras e insulares com o aumento do nível no mar, além das catástrofes intensificadas, como deslizamentos de terra, ciclones e inundações. Os números de refugiados atingem os 26 milhões e de apátridas, cerca de 10 milhões, conforme os relatórios mais recentes, batendo novos recordes a cada ano. O crescente fluxo de migrantes irregulares coloca sob pressão os sistemas sociais dos países receptores, em geral desenvolvidos no caso das migrações econômicas, mas cada vez mais entre os países em desenvolvimento, que atraem os deslocados forçados em virtude da proximidade geográfica. Os efeitos sociais podem ser sentidos nos índices de violência, no aumento da xenofobia e no colapso localizado de sistemas de acolhimento, como ocorrido no Brasil em Pacaraima, fronteira com a Venezuela. Culturalmente, os migrantes podem trazer grande aporte, mas muitas vezes são vistos como uma ameaça à identidade nacional, aumentando o rechaço, como nos EUA ou na França, com sérias repercussões políticas. Na medida em que os deslocados forçados tendem a sair às pressas em caso de conflitos armados ou desastres naturais, os fluxos se direcionam para países vizinhos. Estão entre os maiores receptores de migrantes países como Uganda, Bangladesh, Colômbia e Paquistão, embora esses fluxos recebam menos atenção midiática do que aqueles direcionados à Europa ou aos EUA. Nessas situações de extrema vulnerabilidade, é comum que os migrantes caiam vítimas de redes de tráfico humano, com atravessadores prometendo facilitar seu transporte ou entrada nos países de destino. É notória a atuação dos “coiotes” na fronteira entre o México e os EUA, causadora de frequentes incidentes de morte e embates com as autoridades migratórias norte-americanas. O combate a esse crime tem sido uma das prioridades da comunidade internacional nos últimos anos acerca das migrações. Diferentes agências e organizações internacionais, como a OIM ou o ACNUR, além da UNRWA, atuam diante do fenômeno, assistindo os países e os migrantes, além de fomentarem a adoção de normas internacionais sobre a matéria. Em 2018, a Assembleia Geral da ONU aprovou o Pacto Global para os Refugiados e o Pacto Global para Migrações, tendo o Brasil se retirado deste último, embora faça parte do primeiro. A comunidade internacional busca atenuar o sofrimento dos refugiados e apátridas por meio da aplicação da Convenções sobre apatridia e do Estatuto dos Refugiados, promovendo uma distribuição mais equitativa dos ônus e dificuldades de sua recepção. O Brasil é um emissor líquido de migrantes, embora tenha crescido a recepção de refugiados, apátridas e migrantes voluntários nos últimos anos. Estima-se em mais de 3 milhões o número de brasileiros morando no exterior, com grande concentração nos EUA (mais de 1 milhão), mas grandes diásporas brasileiras também no Paraguai, no Japão, em Portugal, no Reino Unido, na Itália e na Alemanha. Enquanto país de destino, o Brasil é grande receptor de bolivianos, haitianos e venezuelanos, aos quais a Operação Acolhida busca recepcionar, assistir e promover sua interiorização, merecendo o reconhecimento da comunidade internacional.6Em consonância com a Constituição Federal, a legislação nacional (Lei de Migrações, Lei do Refúgio e diversas normas infralegais) pautam-se pelo respeito aos direitos humanos, pela não criminalização da migração, pelo repúdio à xenofobia e pela promoção da integração social dos migrantes. É assegurado o acesso igualitário aos serviços públicos e ao direito ao trabalho, entendido como a melhor forma de assimilação do migrante. Portarias ministeriais têm autorizado a concessão de vistos de acolhida humanitária para sírios, afegãos, haitianos e ucranianos, enquanto o CONARE, órgão com composição tripartite, é o responsável pelo reconhecimento da condição de refugiado no país. O fenômeno migratório suscita diferentes abordagens, sendo o caso brasileiro digno de nota."
        },
        {
            "Nome": "Bruno Brito",
            "Inicio_candidato": 27833,
            "Inicio_redação": 27905,
            "Nota": 28.0,
            "Redação": "As migrações internacionais não são um fenômeno particularmente recente; em países de colonização europeia como Brasil e EUA, a imigração foi componente importante na formação do território e do tecido social. A migração é o resultado de uma análise comparativa entre os fatores de atração e de repulsão entre o lugar de origem e de destino, bem como a distância entre os dois pontos, o que a globalização não tornou irrelevante. A migração mais usualmente retratada na mídia é a econômica, do sul para o norte. Está exemplificada pelos migrantes que vão da África para países da Europa Ocidental, como a Espanha. Mais recentemente, tem- se falado dos emigrantes climáticos, que se deslocam devido a mudanças e catástrofes ambientais, de que são exemplo os emigrados do Haiti após os terremotos de 2021. Além disso, também há migração norte-sul (típica dos expatriados para subsidiárias) e norte- norte, representativa da globalização, a ideia (falsa) do “mundo sem fronteiras”. Por fim, há também as migrações sul-sul, fortemente influenciadas pela distância. Os conflitos internacionais e as instabilidades internas desde o início dos anos 2000 provocaram desde então aumento significativo das migrações. Afegãos, depois iraquianos, sudaneses, sírios, birmaneses e mais recentemente ucranianos se viram diante de tamanhos elementos de repulsão, que precisaram se deslocar, 9por vezes internacionalmente. A maior parte desses migrantes vai para países próximos, a maioria deles também no sul global; é o caso dos venezuelanos na Colômbia e dos sírios na Turquia. Diante desse quadro, as instituições multilaterais têm se voltado para esse tema. Em 2018, no âmbito da ONU, foi acordado o Pacto Internacional de Migrações, que não é um tratado internacional, mas ainda assim foi rechaçado pelos EUA, e abandonado pelo Brasil. Na mesma ocasião, foi celebrado o Pacto para Refugiados, do qual o Brasil efetivamente participa. O assunto dos refugiados é endereçado pelo ACNUR, e a ONU conta com órgão específico para os refugiados palestinos. Esse cuidado especial é importante, sobretudo pela especial vulnerabilidade dos refugiados, que podem ser vítimas de “coiotes”. O Brasil, por exemplo, recentemente criminalizou esta prática. Apesar de muitas vezes migrarem por razões humanitárias, essas pessoas frequentemente enfrentam resistência nos países de chegada. A construções de muros e campos para recebê-los, além de acordos para limitar a sua quantidade, simboliza a resistência à globalização pela via do nacionalismo, por vezes xenófobo. E isso mesmo quando a imigração poderia ser positiva para o país. É o caso de países da Europa Ocidental como a Alemanha e do Japão, cujas pirâmides demográficas caminham para uma maior razão de dependência dos velhos para com a PEA, de modo que receber jovens e famílias numerosas seria vantajoso. Os EUA são um exemplo de criminalização e exclusão dos imigrantes, o que não mudou substancialmente no governo Biden. Os efeitos sociais da imigração podem ser efetivamente deletérios para países do sul global que não contam com infraestrutura econômica e social adequada para receber migrantes em grandes números. É o caso do Líbano, que na crise da Síria, a partir de 2014, recebeu 1 milhão de migrantes, o que equivale a 20% de sua população. O mesmo se pode dizer dos migrantes venezuelanos na Colômbia. Esses países estão sob enorme pressão, mas recebem menos atenção na mídia que os EUA e a UE, por exemplo. O Brasil é, ao mesmo tempo, um país que envia emigrantes e que recebe imigrantes, o que está em linha com sua natureza de potência média. Entre os milhões de brasileiros vivendo no exterior, a maioria deles está nos EUA, onde a rede dos que chegaram antes contribui para a manutenção do fluxo. Em seguida, vêm Portugal, Paraguai, Reino Unido e Japão (decasséguis). Por outro lado, o Brasil também é um país de recepção, com grande presença de bolivianos, venezuelanos, haitianos e congoleses. Além dos compromissos internacionais já mencionados, é a Lei de Migração o principal instrumento legal que trata dessa questão no Brasil. Essa norma, aliás, ampliou o conceito de refugiados, para abranger aqueles que deixaram seu país em razão de calamidade pública ou estado de guerra. Com isso, passou- se a atribuir a condição de refugiado a imigrantes venezuelanos, o que facilita a sua empregabilidade, dada a autorização de residência conferida automaticamente a refugiados. A LM também facilita a residência e até a naturalização de apátridas. Especificamente quanto aos venezuelanos, que chegam majoritariamente por Roraima, foi criada a Operação Acolhida para organizar a chegada e sua distribuição pelo território. O assassinato de um imigrante congolês no Rio levou Itamaraty e Min. da Justiça a se voltarem para a situação deles. Em suma, a globalização não eliminou as distâncias nem as discrepâncias econômicas e securitárias que levam as pessoas a migrar. O alto número de migrantes preocupa."
        },
        {
            "Nome": "Raíssa Guimarães",
            "Inicio_candidato": 22631,
            "Inicio_redação": 22703,
            "Nota": 30.0,
            "Redação": "O aumento da intensidade dos fluxos migratórios durante o início do século XXI compõe o que Castles e Miller chamam de a “era das migrações”. Segundo Bauman, o fenômeno das migrações se intensificou com o desenvolvimento dos transportes e dos meios de comunicações e tornou-se uma questão global. O migrante pode ser definido como aquele que deixa sua residência habitual – geralmente seu país natal - , para constituir residência em um outro país. De acordo com teóricos liberais, os fatores que geram os fluxos migratórios se dividem em fatores de repulsão e de atração. Tradicionais fatores de repulsão são as guerras, as perseguições políticas ou por origem e problemas socioeconômicos, como desemprego e violência. Um exemplo são as migrações de países da América Central rumo aos EUA. Um novo fator de repulsão são os desastres ambientais, a exemplo de habitantes de ilhas ameaçadas pelo aquecimento global. Já os fatores de atração são aqueles que motivam a escolha de um país novo para se habitar, como a busca de melhores empregos e sistema de saúde. Nesse cenário, o recente relatório do ACNUR apontou o aumento nos fluxos de refugiados e de apátridas. Apátridas são aqueles que não possuem nacionalidade, e os refugiados, de acordo com a Convenção no tema de 1951 são aqueles que sofrem perseguição por origem, religião ou por pertencimento a um grupo social ou político. O aumento do número 7de conflitos intraestatais foi uma das razões para esse cenário, além do aumento de deslocados internos. Destacaram-se o número de refugiados do Sudão, do Afeganistão, da Síria e da Venezuela. Diferentemente dos “migrantes econômicos”, há razões imperiosas de violência e de segurança que originaram esses fluxos. Vários efeitos sociais e culturais podem ser apontados nos países que recepcionam esses grandes fluxos. Por um lado, há ganhos em intercâmbio cultural, com a emergência de novas expressões artísticas influenciadas pelos migrantes. Nota-se também constatável ganho acadêmico, a exemplo do fluxo de indianos que migram aos EUA para estudar nas universidades norte-americanos. No entanto, alguns possíveis impactos negativos também podem ser apontados, como o fortalecimento de movimentos xenófobos, de intolerância religiosa e de extremismo violento. Parte da sociedade dos países receptores pode vislumbrar o imigrante como potencial ameaça à identidade nacional e à segurança de seu país. Entre os fluxos que recebem maior visibilidade, estão os fluxos Sul-Norte, correspondentes a fluxos de origem de países em desenvolvimento para países desenvolvidos. No entanto, os fluxos Sul-Sul estão entre os mais significativos e não recebem tamanha visibilidade. Por exemplo, destaca-se o fluxo de africanos rumo aos Emirados Árabes e a outros países do Golfo por motivações econômicas. Também se destacou o grande número de refugiados sírios no Líbano e na Turquia. Outro exemplo de destaque foram os refugiados rohingyas de Mianmar em Bangladesh.O crescimento dos fluxos migratórios e o apoio a restrição e a medidas legais para impedir o ingresso de imigrantes (principalmente em países desenvolvidos) tiveram como consequência o aumento das redes de imigração irregular e de tráfico humano. São exemplos as ações de “coiotes” nas regiões de fronteira com os EUA e também as embarcações que realizam irregularmente a travessia de imigrantes no Mar Mediterrâneo. Por meio da Operação Sofia, os países da EU buscavam impedir essas ações. A mitigação das redes de tráfico humano também é um dos objetivos da Convenção de Palermo, a qual o Brasil faz parte. Como um problema global, os fluxos migratórios, incluindo os de refugiados, são objeto de atuação da comunidade internacional e de diversas agências multilaterais. Em seu aspecto legal, destacam-se a Convenção para Refugiados de 1951 e seus protocolos, a Declaração de Cartagena e a Convenção para trabalhadores migrantes. No âmbito da ONU, há, desde 2016, a atuação da Organização Internacional para Migrações (OIM). Destaca-se também o ACNUR, para refugiados, criado em 1951. Outras agências podem ser apontadas, como a UNRWA, para refugiados palestinos, e o UNFPA. O tema também é tratado em outras organizações, como a OEA, bem como em arranjos multilaterais como o BRICS. O objetivo é impulsionar a migração segura, ordenada e regular. O Brasil é um país em que se constata um equilíbrio entre os fluxos de emigração e de imigração. O país é signatário da Convenção de 1951 sobre refugiados, do Protocolo de 1967 que estende sua aplicação geográfica e da Declaração de Cartagena (1984), que amplia as hipóteses de concessão de refúgio. A partir da nova lei de migração 8de 2017, que põe fim ao Estatuto do Estrangeiro de 1980, a abordagem da migração passa a ter como foco o respeito aos direitos humanos, de acordo com a Constituição de 1988. Dessa forma, o imigrante não é mais visto como “potencial inimigo”. Destacam-se também a atuação do CONARE, às facilitações para concessão de nacionalidade a apátridas, e à concessão de vistos temporários a venezuelanos e haitianos. Com esses vistos, essas pessoas podem habitar e trabalhar regularmente no país."
        },
        {
            "Nome": "Anônimo",
            "Inicio_candidato": 32862,
            "Inicio_redação": 32916,
            "Nota": 23.0,
            "Redação": "A migração está presente em toda a história da humanidade. O homem sempre migrou em busca de melhores condições de vida. Como afirma o teórico de migrações Ernest Ravenstein, a migração ocorre devido às assimetrias entre as regiões. Tradicionalmente, as pessoas migram em busca de oportunidades e trabalho, como foi o caso dos japoneses que vieram a bordo do Kasato Maru para o Brasil em 1908, ou mesmo a migração nordestina para São Paulo em meados do século XX em função da industrialização pujante da capital paulista. Há, ainda, novas motivações que tornam, hoje, mais complexos os movimentos migratórios globais, como o fenômeno das mudanças climáticas, que, por exemplo, está afundando determinadas ilhas do Pacífico, tornando suas populações em refugiados ambientais. Vivemos o período de maior migração da história da humanidade. As novas tecnologias de transporte e comunicações tornam a migração muito mais acessível do que em outros tempos, e questões como miséria, mudanças climáticas e grandes conflitos tornam ela muito mais necessária. Nos últimos anos o mundo viu um forte crescimento do número de refugiados no mundo devido à instabilidade política na Venezuela e aos conflitos na Síria e na Ucrânia, além do aumento de apátridas em razão de conflitos étnicos e genocídios. Além disso, criminosos aproveitam da situação de vulnerabilidade de muitos migrantes para extorqui-los, transportá-los em condições insalubres e inseri-los nas redes de tráfico de pessoas e tráfico sexual, com especial vulnerabilidade de mulheres e crianças. Em tempos de crises econômicas e políticas, os efeitos sociais e culturais das migrações, já normalmente complicados, ficam ainda mais intensos. Ocorre uma ascensão de uma retórica e uma política protecionista, xenófoba e racista. Exemplos importantes são as resistências europeias aos refugiados sírios, ou os ataques às populações migrantes chinesas no contexto da pandemia de Covid-19. Na busca de respostas fáceis, o imigrante, sendo o “outro”, passa a ser o culpado das mazelas da sociedade. No entanto, ao contrário do que diz o senso comum, não são os países mais ricos que recepcionam o maior número de imigrantes. Proximidade física e cultural são fatores extremamente importantes, de modo que os principais locais de recepção são os mais próximos. Refugiados venezuelanos vão principalmente para a Colômbia, sírios vão para a Turquia e a Jordânia, ucranianos vão para a Polônia, entre muitos outros exemplos, de modo que a migração intra-continental é muito superior à inter-continental. Não raro, os países que mais recepcionam são pobres, com poucas condições de integrar o migrante e com pouco suporte da comunidade internacional. Existem diversas agências internacionais que buscam coordenar a questão da migração e dos refugiados, como a OIM, a ACNUR, além de ser debate frequente em organismos amplos como a Assembleia Geral das Nações Unidas ou em foros de Direitos Humanos onde se discute o direito a migrar e os direitos dos migrantes. Busca-se, também, uma melhor coordenação das políticas 1migratórias no âmbito da União Europeia, principalmente depois do conflito na Ucrânia. No Brasil, foi publicada a Lei de Migração em 2017, que mudou a maneira como o tema é tratado, com foco nos direitos humanos dos migrantes e não como questão de segurança nacional, como era até então. O país passou a ser importante receptor de migrantes e refugiados, como haitianos, venezuelanos e ucranianos, notadamente com as operações acolhida. A coordenação do tema fica à cargo principalmente dos Ministérios da Justiça e das Relações Exteriores, tendo um órgão específico para a questão do refúgio, o CONARE. Ao refugiado é dado condições de acolhimento melhores do que aos demais migrantes, incluindo facilitação para emissão de documentação e para a concessão do direito de trabalhar. Os migrantes brasileiros vão em sua maioria para países ricos em busca de melhores condições de vida, notadamente para os Estados Unidos, Portugal, Reino Unido e Japão (fenômeno dekassegui). Há, ainda, importante população de brasileiros no Paraguai, em razão das conexões fronteiriças entre ambos países, chamados “brasiguaios”."
        }
    ]
}