{
    "Nota Máxima": 20.0,
    "Nota Média": 14.0,
    "Menor Nota": 11.5,
    "Pergunta": "Mapa Theatrum Orbis Terrarum (Teatro do Mundo), de Abraham Ortelius. Disponível em: <https://www.mag- nusmundi.com/a-evolucao-do-mapa-mundi/>. Acesso em: 30 abr. 2022.  A evolução das ciências do homem e da sociedade, por conseguinte, é marcada, ao mesmo tempo, pela transformação daquelas que existem há muito tempo – o estudo das línguas, a história e a geografia -, pelo reforço daquelas que nasceram na época das luzes – a economia política – e pelo aparecimento da sociologia e psicologia. CLAVAL, Paul. Epistemologia da Geografia. Florianó - polis: EDUFSC, 2014. Considerando que essa figura, a qual ilustra um dos principais símbolos do conhecimento geográfico, o mapa e o excerto apresentado, que contextualiza o nascimento da geografia como corpo científico sistematizado e com método próprio, têm caráter meramente motivador, redija um texto dissertativo abordando os seguintes tópicos: conhecimentos geográficos que antecedem a geografia como ciência; origens da geografia e da escola determinista; o possibilismo como reação à escola determinista; o paradigma regional nos estudos da geografia; a emergência da nova geografia e sua aplicação; o despontar da geografia crítica e seu engajamento político; e novas abordagens da geografia sob a perspectiva cultural e fenomenológica.",
    "Padrão de Resposta": "Q1. O conhecimento geográfico, a saber, é tão antigo quanto a história da humanidade. Pode-se dizer que tais conhecimentos dispersos desenvolveram-se na Grécia Antiga. Esse acervo de conhecimentos manifestou- se por meio de estudos dispersos, relatos de lugares e elaboração de mapas com pouca precisão. Na Idade Média, sob o feudalismo, ocorreu pouco desenvolvimentos da geografia, e grande parte de seus estudos foram influenciados pela Igreja com base nos conhecimentos teológicos. Já sob o capitalismo mercantil, a corrida expansionista das metrópoles europeias em direção a novas terras possibilitou a sistematização de conhecimentos geográficos, a partir dos navegadores e de especialistas que os acompanhavam em suas empreitadas. Q2. Assim, no início do século 19, o conjunto de pressupostos para a sistematização da geografia já estava posto. A Terra estava toda conhecida. A Europa articulava um espaço de relações econômicas mundializado. As metrópoles detinham informações dos mais variados lugares da superfície terrestre. As representações do Globo terrestre estavam desenvolvidas e difundidas pelo uso cada vez maior de mapas. A fé na razão humana, colocada pela filosofia, abria a possibilidade de uma explicação racional para qualquer fenômeno da realidade. Q3. A partir de então, pode-se dizer que a geografia emergiu como ciência na Alemanha. Os autores considerados como os pais da ciência geográfica são os alemães Humboldt e Ritter. Foi na Alemanha que apareceram os primeiros institutos e as primeiras cátedras dedicadas a essa disciplina, bem como as primeiras propostas metodológicas, foi lá que se formou a primeira corrente de pensamento na geografia: o determinismo. O determinismo geográfico partia do entendimento de que o ambiente estabelece os padrões da cultura humana de determinado local e seu desenvolvimento social, considerando principalmente os fatores físicos, como formas de relevo e clima. Q4. Como reação ao determinismo alemão, emergiu, na França, o possibilismo, corrente que teve em Vidal de La Blache seu maior expoente, consolidando a Escola Francesa de Geografia. Os defensores do possibilismo entendiam que o homem era apresentado como um agente ativo, ao invés de passivo, como na visão determinista. A partir dessa premissa, o objeto de estudo da Geografia, nessa concepção, era a superfície da Terra e os fenômenos que nela se produzem. Q5. Ainda ao longo da primeira metade do século 20, emergiu a geografia regional, que adquiriu notoriedade, nos anos de 1940, com Richard Hartshorne e Alfred Hettner. Trata-se de uma corrente que defende a criação de referenciais de análise por meio da comparação dos lugares, enfatizando a aplicação do princípio da analogia, isto é, da comparação entre duas situações, dois locais ou duas circunstâncias. Essa corrente busca a separação e a segregação de características conforme áreas específicas, ou regiões, como forma de entender o espaço e as interações sociais dentro dele. Foram essas duas escolas que exerceram a maior influência no decorrer da geografia tradicional, que alcançou a metade do século 20. Q6. A partir da metade do século 20, ocorreram movimentos de renovação da geografia. Nesse contexto, surgiu a geografia teórico-quantitativa, que se destacou por utilizar, em larga escala, modelos matemático-estatísticos. Uma vertente dessa corrente intitulou-se 5teorética, com a finalidade de romper qualquer vínculo com os trabalhos empíricos que marcavam as escolas tradicionais, comprometendo-se, exclusivamente, com a reflexão teórica. Q7. No final dos anos de 1960, mas, sobretudo, na década de 1970 do século 20, o campo de conhecimento geográfico deu os primeiros sinais para uma mudança mais radical, adotando uma postura mais crítica e engajada politicamente nas grandes causas sociais do mundo e em seus reflexos espaciais. Nessa corrente, o método mais adequado para a compreensão da complexidade espacial era o materialismo histórico dialético. Q8. No Brasil, a geografia crítica instaurou-se como paradigma nas instituições de ensino superior em fins dos anos de 1970 e teve em Milton Santos um dos seus maiores expoentes. Nessa perspectiva, a geografia adquiria um papel de ciência ativa, que servia para denunciar os grandes problemas sociais e suas expressões espaciais, buscando a transformação da realidade. Q9. Embora os primeiros estudos que levam em conta a dimensão cultural tenham vindo do final do século 19 e já no século 20, com a Escola de Berkley e Cal Sauer, o paradigma da geografia cultural adquiriu maior expressividade nos anos finais do século, sob a égide de teóricos como Yi-Fu Tuan, Anne Buttimer, Edward Relph e Mercer e Powell. Tal paradigma é centrado na valorização da percepção do indivíduo e do grupo social na busca de se compreender a forma de sentir das pessoas em relação aos seus lugares. Q10. Também se denomina geografia humanística a geografia cultural que mescla os aspectos materiais e imateriais, tais como práticas de consumo e produção culinária, culturas populares e a paisagem cultural e suas representações. Nos últimos anos, as investigações dedicadas às religiões, às percepções, aos sentimentos de pertença, às identidades culturais, às representações e às interpretações de textos passaram a ser trabalhadas e divulgadas, amplamente, pelo campo da geografia. Será avaliada a capacidade do candidato de estabelecer uma tese e sustentá-la coerentemente. A avaliação seguirá o critério comparativo (i.e.). A avaliação individual será feita de acordo com a comparação do nível de outros exercícios. Nesse sentido, embora o candidato possa ter respondido de forma correta, abrangendo os requisitos anteriormente indicados, sua nota poderá ser menor do que a atribuída a outros que fizerem o exercício com maior qualidade intelectual, acadêmica e formal.",
    "Candidatos": [
        {
            "Nome": "Andrea Kakitani",
            "Inicio_candidato": 16187,
            "Inicio_redação": 16259,
            "Nota": 16.5,
            "Redação": "Antes da geografia tornar-se, efetivamente, uma ciência, os estudos geográficos eram caracterizados pelo empirismo, pela observação e pelos relatos de viagem. São emblemáticos, nesse contexto, os estudos cartográficos de europeus que viajavam às colônias de seus países, pois auxiliavam na orientação da ocupação dos novos territórios. A pesquisa geográfica mesclava-se com outras áreas, como a astronomia e a botânica. Os germânicos Ritter e Humboldt foram precursores da geografia enquanto ciência, no contexto de formação da identidade alemã, no início do século 19. É com a difusão do Iluminismo e do positivismo que a geografia adota método próprio, na segunda metade do século 19. A escola determinista de Ratzel teve papel central nesse processo. Esse autor privilegiava a análise da relação sociedade-natureza, estando a primeira subordinada à segunda. Ele criou, assim, a noção de espaço vital, o território necessário para que a sociedade supra as suas necessidades. Perder território, nessa lógica, significava retroceder. Ratzel, então, justificava, pela geografia, a consolidação e a expansão do Império Alemão. Em reação ao determinismo de Ratzel, Vidal de La Blache formulou a geografia possibilista: a natureza, por meio dos “gêneros de vida” oferecia possibilidades para o desenvolvimento da sociedade. O geógrafo francês rechaçava a geografia ideologizada de Ratzel, de modo que pregava maior cientificismo. No entanto, os estudos de La Blache também serviram ao seu Estado de origem, pois justificavam a formação do Império colonial francês, compreendido como uma “colcha de retalhos” de regiões diferentes entre si, mas harmônicas. Esse geógrafo ficou conhecido como Pai da Geografia Regional, pois privilegiava o estudo dos elementos das regiões. O Método Regional, popularizado pelo estadunidense Hartshorne, surgiu no fim do século 19 e início do 20. Seu conceito de região diferia daquele de La Blache, pois Hartshorne acreditava que a pesquisa de diferenciação de regiões era o produto supremo da geografia: tratava-se de áreas intrinsicamente diferentes entre si. La Blache, por sua vez, analisava as possibilidades proporcionadas por cada região. A Geografia Tradicional de Ratzel, La Blache e Método Regional mostrou- se insuficiente para o estudo de um mundo urbano, integrado mundialmente e em industrialização. Surgiu, assim, uma Nova Geografia, orientada para os desafios do século XX. Na primeira metade do século passado, emergiu a geografia pragmática, a qual buscava atualizar os métodos da Geografia Tradicional, mas não sua essência. Inspirados pelo neopositivismo, esses geógrafos utilizaram métodos matemáticos para analisar o espaço e formular orientações para a atuação do Estado em sua empresa capitalista (diferente dos estudos anteriores, voltados para a análise do passado). No Brasil, essa vertente estava presente na geografia quantitativa ou teorética. Nos anos 1960/1970, surgiu a geografia crítica, de inspiração marxista e terceiro-mundista. Para esse geógrafo, o espaço não era estático, como na geografia pragmática, mas um produto e um produtor da sociedade. Eles 0privilegiavam os estudos da divisão internacional do trabalho, com destaque para as consequências sociais, econômicas e culturais da produção do espaço geográfico. A geografia era, nesse sentido, uma forma de resistência. Nesse grupo, destacam-se Milton Santos e David Harvey. Nos anos 1970/1980, criou-se a geografia humanista, de inspiração cultural e fenomenológica. Assim como a geografia crítica, negava o paradigma tradicional no seu todo, mas também rechaçava o economicismo das geografias crítica e pragmática. Por meio da noção de espaço vivido, valorizava- se o sentimento de pertencimento aos lugares. Além disso, analisava as ideias de topofilia/topofobia."
        },
        {
            "Nome": "Bruno Brito",
            "Inicio_candidato": 20048,
            "Inicio_redação": 20122,
            "Nota": 14.0,
            "Redação": "Embora a geografia tenha se institucionalizado enquanto ciência no século XIX, ela não nasceu no vácuo. Com efeito, conhecimentos de natureza geográfica eram produzidos desde muito tempo antes. Como exemplo, é possível citar as sociedades científicas britânicas, a preocupação portuguesa com cartografia no século XVIII (eg, Mapa das Cortes), o trabalho de civilizações pré-colombianas em agricultura e na construção de suas cidades. Contudo, foram os “pais da geografia”, Humboldt e Ritter, que a institucionalizaram. Aquele, preocupado sobretudo com a geografia física; por exemplo, explicando o Deserto do Atacama com base na corrente fria do Pacífico. Ritter, voltado para as relações entre sociedade e espaço. Como se pode observar, a geografia nasce na Alemanha, exatamente no contexto de unificação do país, o que não foi coincidência. O determinismo geográfico, baseado nas ideias do também alemão Ratzel, foi usado como justificativa para a formação de uma grande nação alemã. Dado que as características naturais determinam as características da sociedade, o povo alemão precisava obter o “espaço vital” para assegurar seu próprio desenvolvimento. O possibilismo do francês Paul Vidal de la Blache surge como uma reação à interpretação causal entre meio e homem estabelecida pelo 1determinismo. Segundo ele, o meio oferece possibilidades; as sociedades, nas regiões, estabelecem seu meio de vida. Em outras palavras, o possibilismo francês é a origem do regionalismo, pautado pela exaustiva análise das características físicas dos lugares. A Nova Geografia, surgida em meados do século XX, foi uma resposta à Geografia Tradicional e foi mais forte nos EUA. Essa corrente voltava-se contra a falta de “cientificidade” dos primeiros geógrafos. A sua ideia de ciência pautava-se pela eliminação daquilo que fosse particular; pretendia- se resumir tudo ao binômio localização- distância. Isso porque o binômio permitia a aplicação pragmática do conhecimento geográfica sobre qualquer território. A nova geografia foi usada para planejamento urbano e por agentes econômicos; por exemplo, para estabelecer os limites mínimos que os diferentes estabelecimentos precisavam alcançar e o limite máximo que podiam alcançar, com base em localização e distância. A geografia crítica tece críticas ao baixo cientificismo da geografia tradicional, mas também ao conteúdo da nova geografia. Para autores como Yves Lacoste e Milton Santos, que escreveram a partir dos anos 1960, a nova geografia não contemplava as questões do espaço da periferia do capitalismo. Pelo contrário, a nova geografia teria se vendido ao mercado, em vez de buscar examinar a exclusão, que a geografia evidenciava, causada pelo capitalismo. Nesse sentido, a geografia crítica era politicamente engajada. De 1980 em diante, têm surgido correntes geográficas preocupadas particularmente com a cultura. Com efeito, a geografia humanista critica o economicismo da geografia crítica, porque se volta para os afetos (positivos e negativos) construídos pelas comunidades pelos lugares onde vivem. A noção de paisagem, inclusive a cultural, é importante para essa corrente, na medida em que revela a atuação do homem sobre a paisagem, e os efeitos dela sobre ele. Nasce aqui a ideia de “não lugar”: um espaço com função tão específica, que normalmente não enseja a formação de afetos. Embora relativamente recente, a geografia certamente continuará a evoluir, em novas correntes."
        },
        {
            "Nome": "Leonardo Maciura",
            "Inicio_candidato": 7478,
            "Inicio_redação": 7550,
            "Nota": 19.0,
            "Redação": "O conhecimento geográfico é milenar. Com efeito, é impossível relegar as contribuições, na antiguidade, de autores como Estrabão e Ptolomeu, as quais permitiram, já naquela época, que se medisse a extensão da circunferência da Terra com precisão espantosa para a época. Na época das Grandes Navegações, foram elaborados mapas e instrumentos de imensurável importância prática, como o astrolábio. Já no século XVIII, Immanuel Kant despontava como um autor e professor que valorizava o saber geográfico, por meio do estudo da natureza e da diferenciação entre as áreas. No entanto, a Geografia surge como ciência, como um corpo de estudos sistematizados, apenas no século XIX, na Alemanha, onde pensar o espaço era central. Identificam-se, como pais da Geografia, Alexander von Humboldt, que enunciou o princípio da causalidade e estudava o todo, sem privilegiar o homem, e Karl Ritter, com sua Geografia regional e antropocêntrica. Posteriormente, Friedrich Ratzel fundou a primeira escola, a determinista. Ratzel é considerado o pai da Geopolítica, pois formulou o conceito de “espaço vital”, segundo o qual caberia a um povo se expandir se aquele território não mais atendesse às suas necessidades. Assim, Ratzel acabava por legitimar o expansionismo alemão, com grande ênfase nos conceitos de território e de espaço geográfico. Segundo Ratzel, as condições naturais determinavam o comportamento humano.Em reação, o possibilismo de Paul Vidal de la Blache visava, ao mesmo tempo, deslegitimar o expansionismo alemão e legitimar o expansionismo francês, após a Guerra Franco-Prussiana – a vitória alemã foi creditada, em parte, à superioridade do conhecimento geográfico alemão. Assim, La Blache formula o conceito de “gêneros de vida”: a população e os recursos formariam um acervo de técnicas construídas historicamente, de modo que a invasão por uma potência estrangeira seria uma usurpação de tal acervo. Por sua vez, em suas colônias, a França estaria apenas levando a civilização a povos que ainda não tinham desenvolvido essa interação e esse conjunto de técnicas. Ao contrário de Ratzel, para La Blache a natureza oferece possibilidades, cabendo ao ser humano fazer uso delas. O possibilismo valorizava, sobretudo, os conceitos de paisagem e região. O Método Regional surgiu na primeira metade do século XX e teve no norte- americano Richard Hartshorne o seu principal expoente. Aqui, o objetivo era estudar a diferenciação das áreas da superfície terrestre, de modo que o conceito de região era central. Para essa corrente, a prevalência do ser humano ou da natureza dependeria do local que se estuda. O método utilizado por Hartshorne era o indutivo, do particular para o geral. A Nova Geografia, Geografia Pagmática ou Geografia Teorético- Quantitativa surgiu após o final da Segunda Guerra Mundial, em contexto de intensa industrialização e urbanização, sob o paradigma fordista de produção. Calcada em autores como Christaller e Dimatteis, a Nova Geografia promoveu relevante mudança metodológica, priorizando o levantamento de dados e estatísticas para a ação do Estado. Fez uso intenso 7da matemática, e privilegiou métodos dedutivos de cunho positivista. Tratou- se de uma Geografia eminentemente oficial, aplicada para fornecer subsídios a políticas governamentais, sem muitos questionamentos. Desponta, como consequência, a Geografia Crítica, que considerava que, enquanto a Geografia Tradicional (determinismo, possibilismo e Método Regional) não conseguia explicar o mundo de forma satisfatória, a Nova Geografia não queria fazê-lo. Esta última seria, além de alienada, alienante, dado o seu descolamento do substrato social. Assim, autores como Milton Santos e Yves Lacoste defenderam uma Geografia engajada, com profunda influência marxista. A Geografia Crítica considerava que o mundo é um sistema só, com repercussões distintas. Defendia que o estudo geográfico deve levar em consideração problemáticas sociais, como o conflito pelo uso do território, a segregação espacial e a gentrificação. Valorizava o conceito de espaço geográfico. As novas abordagens da Geografia sob a perspectiva cultural e fenomenológica inserem-se, sobretudo, dentro do âmbito da Geografia Humanista. Autores como Yi-Fu Tuan colocam especial relevo no conceito de lugar, extensão carregada de significações, com destaque para os laços afetivos e emocionais que ligam um indivíduo a determinada porção do território. O espaço geográfico, para essa corrente, é entendido como espaço vivido, dando-se atenção para o elemento do uso. Dentro dessas novas abordagens, também é possível destacar preocupações de cunho pós- positivista, feminista e antropológico. Ao contrário da Geografia Crítica, não consideram que o mundo é um sistema só; privilegiam, portanto, as diferenças e a afetividade."
        },
        {
            "Nome": "Paloma Scroccaro",
            "Inicio_candidato": 12340,
            "Inicio_redação": 12409,
            "Nota": 18.0,
            "Redação": "A geografia moderna nasce, como ciência, no início do século XIX. Nessa época, o positivismo fomenta a diferenciação dos objetos de estudo, ainda que haja diálogo entre as áreas da sociedade, como a história e o estudo das línguas. O saber geográfico, portanto, tem suas primeiras fontes nos filósofos, cartógrafos e matemáticos que construíam mapas e realizavam expedições para catalogar o território e entender os fenômenos da natureza. Destacam-se, pois, as primeiras tentativas de mensurar o tamanho da Terra ou as pesquisas geológicas de classificação dos animais e suas características. A geografia tradicional, no entanto, surge na Prússia, em meados do século XIX, sob a liderança, principalmente, de Humboldt e de Ritter. O primeiro, viajante naturalista, desenvolve seus estudos a partir da análise e da classificação dos espaços e das regiões. Financiado por uma herança significativa, o estudioso chega a realizar expedições até mesmo na América. Ritter, por sua vez, fazia parte da cátedra de Berlim e lançará as bases do que viria a ser o determinismo. Não é à toa que a geografia esteve associada aos prussianos, já que o dimensionamento do território estava relacionado ao poder do Estado alemão, que nascia em 1871. Sendo assim, Ratzel vai identificar o Estado com um organismo vivo, que precisava crescer e possuir um “espaço vital” para a sua sobrevivência. As condições naturais seriam, pois, determinantes no aproveitamento do território e de seus usos para o desenvolvimento da civilização. 8A Guerra Franco-Prussiana foi crucial para o estímulo da geografia francesa regional, notadamente sob a liderança de La Blache. Após a derrota na guerra, o francês buscará deslegitimar o expansionismo alemão, enquanto assegurará o avanço dos territórios franceses, com base na escola do possibilismo e na noção de “gênero de vida”. As condições naturais não seriam mais um imperativo, mas uma possibilidade para os Estados. Nesse contexto, Hartshorne, nos EUA, também se destaca pelo método regional, de acordo com o qual essa divisão espacial dos fenômenos e das características físicas viabilizaria o entendimento geográfico e a criação de um objeto estruturado de estudos.  Em meados do século XX, associada à urbanização, ao fim da Segunda Guerra Mundial e ao avanço das indústrias, surge, então, a Nova Geografia (ou Geografia Quantitativa ou Teorética). Essa revolução do saber geográfico, da qual protagonizou Dematteis, criticava a falta de bases científicas nas correntes anteriores. Sendo assim, a priorização de cálculos matemáticos, a catalogação de dados e a quantificação das regiões facilitariam a aplicação de políticas públicas e urbanísticas, bem como a construção de estudos probabilísticos e prospectivos no espaço geográfico. Na década de 1960, surge, então, a Geografia Crítica, associadas a ideologias marxistas e às críticas em torno do tecnicismo excessivo da “New Geography”. Autores como David Harvey e, no Brasil, Milton Santos advogam “por uma geografia nova”, propugnando o engajamento político dos estudos geográficos e sua correlação com as desigualdades socioeconômicas. Na década de 1990, outra abordagem, dessa vez humanista, ganha destaque. Nesse contexto, Yi-Fu Tuan vai ressaltar o conceito de lugar e suas relações psicológicas e subjetivas entre os grupos que nele habitam. Nessa perspectiva, a vivência cultural ganha relevância na identificação das pessoas com o ambiente. Essa Geografia Humanista tem, em certa medida, ganhado novos contornos, na contemporaneidade, com a incorporação de estudos sobre grupos minoritários. Ressalta-se, por exemplo, a corrente latino-americana que valoriza o papel cultural da mulher (Pacha Mama), associada à perspectiva fenomenológica da natureza e às suas interações com a sociedade."
        },
        {
            "Nome": "Anônimo",
            "Inicio_candidato": 23565,
            "Inicio_redação": 23619,
            "Nota": 11.5,
            "Redação": "A estruturação da geografia como disciplina científica remonta à segunda metade do século XIX, na Alemanha, no contexto de sua unificação. A questão espacial torna-se particularmente importante naquela conjuntura, mas não se podem ignorar as contribuições que precediam aquele momento, em particular as obras de Humboldt e Ritter, acadêmicos influenciados por Kant. Suas obras divergiam quanto a debates que se tornariam comuns na geografia, mas convergiam na percepção de suas obras como esforço de síntese. Ademais, antes mesmo da estruturação da geografia como ciência, gregos e alemães deixaram legado cartográfico de alta qualidade. Friederich Ratzel é geralmente tido como pai da geografia tradicional. Dedicando-se ao estudo das relações entre o ser humano e seu meio, ficou associado ao determinismo. Nessa lógica, o ser humano jamais seria capaz de libertar-se plenamente das condições impostas pelo meio. Ainda assim, os grupos humanos diferenciam-se entre si pela capacidade de converter ou não aquilo que o meio fornecia em progresso: povos culturais seriam aqueles de maior sucesso; povos naturais permaneceriam plenamente submetidos ao império da natureza. Ratzel propugnava uma tendência expansionista dos Estados, assemelhados a seres vivos, em busca dos recursos necessários para sua sobrevivência (lebensraum). O possibilismo surge associado ao francês Paul Vidal de la Blache. De acordo com essa lógica, cabia a natureza apenas “dispor”, enquanto o homem poderia “propor”. Os gêneros de vida seriam o conjunto de práticas adotadas em relação em meio compartilhadas por um grupo humano. Embora de la Blache criticasse o pensamento de Ratzel como uma justificativa do imperialismo, seu próprio pensamento, de forma mais velada, servia aos interesses colonialistas, ao indicar que o contato entre gêneros seria benéfico mesmo para o grupo inferior. O paradigma regional também é associado à geografia francesa. Esse pensamento é profundamente associado à preferência pelo empirismo e pelo descritivismo (marcas, também, da geografai tradicional) e pela prioridade aos conceitos de região e paisagem, dedicando-se a explicar de que maneira se formaram dadas manifestações morfológicas visíveis aos olhos. A nova geografia era  profundamente crítica ao empirismo e ao determinismo; faltava à geografia, naquela concepção, estatuto verdadeiramente científico e capacidade de generalização. Para solucionar o problema, sugeria o uso maciço de métodos positivistas e modelos matemático-científicos, a partir dos quais seria possível formular verdadeiras leis da natureza. O conceito privilegiado era o espaço, mas reduzido a seus aspectos quantificáveis, como localização e distância, sem conteúdo social. A geografia crítica, por sua vez, repudiava tanto o empirismo quanto os modelos da nova geografia, os denunciando como voltados aos países do Norte e à manutenção do status quo. Essa escola rompe o isolamento auto-imposto em relação à política e, aproximando-se 3do pensamento marxista, enfatiza a geografia como instrumento de libertação e transformação social, como se depreende pelo título do livre de Lefebvre, “la géographie ça sert d’abord à faire la guerre”. O espaço passa a ser visto como forma- conteúdo, como produção e meio de produção, se tornando pleno de conteúdo social. A geografia humanista critica o economicismo das duas vertentes anteriores e passa a enfatizar o subjetivismo, a produção de valores e significados sobre o espaço. Trata-se de perspectiva fortemente centrada no ser humano, que alça a cultura a papel central na formação do espaço, o que poderia explicar como se formam manifestações diferentes dos dois lados de uma fronteira, apesar do compartilhamento. Enfatizam-se os sentimentos projetados sobre o espaço e por ele projetados."
        }
    ]
}