{
    "Nota Máxima": 20.0,
    "Nota Média": 14.5,
    "Menor Nota": 12.0,
    "Pergunta": "Os chips estão presentes em todos os aparelhos eletrônicos – do celular ao computador, do eletrodoméstico ao automóvel. É importante ter em mente que existem tipos diferentes de chips, com funções diversas, como os para processamento de dados e os para armazenagem de informação, por exemplo. Apesar disso, a produção deles é muito semelhante. Disponível em: <http://revistagalileu.globo.com>. Aces- so em: 28 abr. 2022, com adaptações. No ano marcado pela falta de microchips, problema que afetou a indústria global e, no Brasil, impediu a produção de cerca de 300 mil veículos, as vendas de automóveis, comerciais leves, caminhões e ônibus somaram 2,119 milhões de unidades em 2021, apenas 3% acima do resultado do ano anterior. Disponível em: <https://www.otempo.com.br>. Acesso em: 28 abr. 2022, com adaptações. Considerando que os excertos apresentados têm caráter meramente motivador, em relação à produção global de chips eletrônicos, redija um texto dissertativo analisando a globalização e a divisão internacional do trabalho e os impactos da pandemia da Covid-19 na economia mundial. Aborde, necessariamente, os seguintes tópicos:  a reestruturação produtiva da economia globalizada; a reestruturação produtiva e a desconcentração industrial no Brasil; a divisão internacional do trabalho no setor de chips e de componentes eletrônicos; e os impactos econômicos da pandemia da Covid-19 sobre a produção de chips e de componentes eletrônicos.",
    "Padrão de Resposta": "Q1. A reestruturação produtiva representa transformações que vêm ocorrendo na indústria, seja de ordem técnica, seja do ponto de vista do trabalho e também na lógica espacial. A reestruturação é dinâmica, um processo dialético, em que elementos do “novo” e do “velho” coexistem na mesma empresa. Q2. Nesse sentido, cada empresa tem temporalidade diferente. “Algumas conseguem mais inovações, processamento de informações mais rápida, assegurando o gerenciamento flexível – o tempo não é apenas comprimido: é processado” (CASTELLS, 2001). Enquanto isso, em outras empresas, esse processo ocorre de forma mais lenta, o que se deve às condições das quais se apropriam, da inovação, da informação e do capital investido. Q3. Um processo de desconcentração industrial é caracterizado pela relocalização industrial, em que muitas empresas se deslocaram de São Paulo para os estados do Ceará, da Bahia, de Minas Gerais, do Rio de Janeiro, do Rio Grande do Sul, de Goiás e do Paraná. Q4. No setor automobilístico, houve um movimento de reespacialização geográfica da produção. A título de exemplo, com a Volkswagen, em Resende (Rio de Janeiro); Peugeot/ Citroën, em Porto Real (Rio de Janeiro); Honda, em Sumaré (São Paulo); Toyota, em Indaiatuba (São Paulo); Iveco-Fiat, em Sete Lagoas (Minas Gerais); Mercedes- Benz, em Juiz de Fora (Minas Gerais); General Motors, em Gravataí (Rio Grande do Sul); Renault, em São José dos Pinhais (Região Metropolitana de Curitiba, no Paraná); Nissan, em Curitiba (Paraná); Ford, em Camaçari (Bahia); Hyundai, em Aratu (Bahia); e Mitsubishi, em Catalão (Goiás), entre outras. Q5. A reestruturação produtiva no Brasil acontece em um contexto de recessão, desemprego, instabilidade econômica e abertura comercial. Esse processo inicialmente ocorreu no setor automobilístico e, mais tarde, no setor bancário, atingindo quase a totalidade dos ramos produtivos e serviços, com alterações significativas nos empregos. Q6. No início da década de 1990, a indústria eletroeletrônica chinesa encontrava-se tecnologicamente atrasada e contava com a produção de bens eletrônicos de consumo e pequena produção de componentes semicondutores. A mão de obra abundante e barata, mais os subsídios do governo, via política fiscal, atraíram investimentos provenientes do Japão, de Taiwan e de Hong Kong. Nos últimos 15 anos, os investimentos neste setor proporcionaram a formação de uma base Q7. Grande parte da produção doméstica chinesa do setor eletroeletrônico é realizada por joint ventures formadas entre capitais estrangeiros e nacionais. Q8. Com a crise, observou-se perdas em diversos setores. A título de exemplo, no setor automotivo: depois do tombo de 26% registrado em 2020 após a chegada da pandemia da Covid-19 ao País, quando foram vendidos 2,058 milhões de veículos, o setor esperava uma recuperação de pelo menos 15%. Somente o segmento de automóveis e comerciais leves, o mais afetado pela escassez de semicondutores, teve desempenho ainda pior, com vendas de 1,984 milhão de unidades em 2021, apenas 1,4% acima do resultado de 2020. No início do ano passado, a projeção das montadoras era de crescer também 15% nesse mercado. A alta de 3% foi puxada pelo segmento de caminhões, cujas vendas cresceram mais de 30%. 6Q9. Com a crise, observou-se quebras nas cadeias produtivas em diversos setores. A título de exemplo, no setor automotivo: as fabricantes de veículos, contudo, foram atropeladas pela crise dos semicondutores, problemas de logística (falta de navios e contêineres para trazer peças importadas) e pela alta de preços de matérias-primas, que foi repassada ao consumidor local. Q10. Como consequência do choque de oferta, registrou-se aumento de preços nos setores afetados pela crise. A título de exemplo, no setor automotivo: sem oferta suficiente nas concessionárias, o mercado de carros usados atraiu o consumidor que buscava modelos zero quilômetro e cresceu 18%, em 2021, no comparativo com o ano anterior. Foram comercializados 11,244 milhões de automóveis e comerciais leves seminovos (com até três anos de uso) e usados mais antigos, ou seja, quase seis unidades para cada novo vendido. Será avaliada a capacidade do candidato de estabelecer uma tese e sustentá-la coerentemente. A avaliação seguirá o critério comparativo (i.e.). A avaliação individual será feita de acordo com a comparação do nível de outros exercícios. Nesse sentido, embora o candidato possa ter respondido de forma correta, abrangendo os requisitos anteriormente indicados, sua nota poderá ser menor do que a atribuída a outros que fizerem o exercício com maior qualidade intelectual, acadêmica e formal.",
    "Candidatos": [
        {
            "Nome": "Aline Freitas",
            "Inicio_candidato": 15278,
            "Inicio_redação": 15355,
            "Nota": 17.0,
            "Redação": "A globalização e a divisão internacional do trabalho resultaram em uma redistribuição produtiva radical em comparação com o modelo fordista. A separação geográfica entre os processos de gestão, design, produção de insumos e montagem dos produtos deu às empresas transnacionais a possibilidade de desfrutarem de diversas vantagens comparativas, aumentando, assim, suas margens de lucro. Essa criação de cadeias globais de valor foi possibilitada pela redução dos custos do transporte marítima graças à conteinerização. A economia globalizada reestruturou- se sem alterar significativamente os padrões de acumulação de capital, pois o maio-valor continuou a ser transferido para os países centrais, responsáveis pelas etapas de gestão e design e origem dos investimentos diretos e de portifólio. No Brasil, a região sudeste concentrou a produção industrial ao longo do processo de industrialização por substituição de importações. Na regionalização proposta por Milton Santos, o sul e o sudeste correspondem à região concentrada pela disponibilidade do meio técnico científico informacional. Os esforços federais para desconcentrar a produção tiveram resultado limitado e, até os dias atuais, o sudeste, e principalmente São Paulo, sedia a maior parte das empresas brasileiras. Na década de 1950, deu-se início a uma verdadeira “guerra de lugares”, uma guerra fiscal para oferecer vantagens para que as indústrias se estabelecessem em estados do norte e do nordeste. Entre as iniciativas federais bem-sucedidas, destaca-se a Zona franca de Manaus, que garante isenção fiscal para as montadoras ali localizadas. O setor de chips é bastante exemplificativo das vantagens e vulnerabilidades da divisão internacional do trabalho. A produção de waffers de silício é altamente custosa, requer o uso de equipamentos caríssimos, mão de obra especializada e ambiente controlado, pois qualquer perturbação pode danificar a produção dos cristais. Por isso, no Vale do Silício, na Califórnia, acontecem as etapas de gestão das empresas de tecnologia e de design dos chips, já a ´produção é terceirizada para empresas no sudeste asiático, especialmente em Taiwan. A produção de componentes eletrônico em geral também é bastante concentrada nessa região, com destaque para o papel da China (notadamente Shenzhen) e Coreia do Sul. A pandemia de Covid-19 expôs as vulnerabilidades desse modelo de produção, os lockdowns realizados para conter o vírus resultaram em interrupções e choques nas cadeias produtivas. A política chinesa de tolerância zero com a Covid e a manutenção dos lockdowns por longos períodos intensificou a desorganização das cadeias de produção. Um agravante, que decorre dessa desorganização, é o aumento dos preços dos fretes marítimos, pois o fluxo de carga e descarga de contêineres entre os principais portos do mundo foi desajustado. Ao interromper o acesso à serviços, a pandemia aumentou a demanda por bens de consumo duráveis, como automóveis, celulares e computadores, os chips são insumos indispensáveis para todos esses bens e, por isso, houve um aumento no preço de aparelhos eletrônicos em geral. Essa 1crise tem motivado os países centrais a repensarem esse modelo de produção e a estimularem a fixação de indústrias estratégicas em seus territórios para reduzir a dependência externa."
        },
        {
            "Nome": "Guilherme Augusto",
            "Inicio_candidato": 7129,
            "Inicio_redação": 7210,
            "Nota": 18.0,
            "Redação": "A economia globalizada moderna caracteriza-se pelo espraiamento espacial da produção, que se torna possível com o desenvolvimento das tecnologias de comunicação e informação e com o desenvolvimento de sistema de transporte ágeis e de longo alcance. Esses desdobramentos permitem – embora seletivamente, como enfatiza Milton Santos, uma vez que o acesso às diferentes tecnologias é diferenciado – uma compressão do binômio espaço-tempo, que o grande capital busca explorar, a fim de obter uma saída à sua crise de lucros. A economia globalizada repousa, ainda, sobre a flexibilidade do processo produtivo e das relações trabalhistas (num contexto de desmantelamento de proteção e perda de poder sindical), de forma a adaptar-se rapidamente a uma demanda volátil. Ao mesmo tempo, a descentralização produtiva não se fez acompanhar de desconcentração de poder: os setores dependentes de mão de obra pouco qualificada, como as indústrias, deslocam-se para a periferia, de forma a explorar o trabalho a custos mais baixos ou se beneficiar se legislações (ambientais, trabalhistas, sociais) mais frouxas; enquanto as atividades de maior valor agregado, como planejamento, design, pesquisa e financiamento, permanecem nos países centrais, verdadeiros polos do mandar. No Brasil, ocorreu semelhante difusão da produção, não acompanhada de difusão do poder. Ao longo dos anos 1970, a produção começou a afastar-se do principal polo produtivo até então, a região metropolitana e o estado de São Paulo, em função das deseconomias de aglomeração (alugueis altos, infraestrutura sobrecarregada, por exemplo) e deslocou-se, sobretudo, para o interior do polígono de concentração industrial de Clélio Campolina, ainda majoritariamente no Centro-Sul do país. Fora do polígono foram beneficiadas, sobretudo, as metrópoles nordestinas. Outros fatores de desconcentração foram os grandes projetos de exploração de recursos naturais (como Carajás) e o desenvolvimento do complexo agro- industrial no Centro-Oeste, fomentando industrialização e urbanização fora da Região Concentrada. Em contraste, SP permaneceu o principal polo do mandar. Os chips e componentes eletrônicos são partes fundamentais da economia digital, que já responde por cerca de 22% do PIB global e deve continuar a crescer. A cadeia internacional de chips é altamente complexa, exigindo grande inteligência de mercado das firmas que nele operam. A cadeia pode ser dividida em três etapas: projeção, design e financiamento, atividades de alto valor, concentrada na UE e, sobretudo, nos EUA; fabricação, concentrada em países asiáticos, com destaque para Coreia do Sul, Taiwan e China; e integração ao produto final e testagem, que ocorre, principalmente, na China. A complexidade dessas cadeias as torna particularmente sensível a perturbações. Trata-se, também, de cadeia altamente concentrada, no que se refere à produção: as cinco maiores empresas em termos de produção respondem por 90% dos chips. Nesse sentido, as perturbações causadas pela pandemia foram significativas. Do lado da demanda, o aumento da pobreza e do desemprego fragilizou a demanda por celulares, computadores, carros e máquinas indústrias e, portanto, derrubou a demanda por chips. Pelo lado da oferta, as restrições colocadas 8por diferentes países às atividades produtivas comprometeram a produção, o que se torna ainda mais grave em função de alto grau de produção. A redução da demanda e a queda da oferta, contudo, não coexistem temporalmente. Dessa forma, a demanda já se recuperou, em alguma medida, em vários lugares, mas a oferta ainda não se regulou. No caso brasileiro, como a produção doméstica de semicondutores atende apenas 10% da demanda, os brasileiros enfrentam preços mais altos para os diversos produtos que dependem desses componentes."
        },
        {
            "Nome": "Mateus de Andrade",
            "Inicio_candidato": 18657,
            "Inicio_redação": 18730,
            "Nota": 14.5,
            "Redação": "Antes de 1945, a economia internacional tinha seus locais de produção definidos pelo modelo fordista de produção, que impunha a rigidez da produção, da tarefa executada pelo trabalhador e do local de produção. Logo, havia uma divisão tradicional do trabalho, na qual países centrais exportavam bens industriais e países periféricos exportavam bens primários. Tal regra passou a sofrer exceções a partir de 1930 e, principalmente, durante a Guerra Fria, em função da substituição de importações, que ensejou o fordismo periférico; e da criação de plataformas de exportação em países asiáticos, como Taiwan e Coreia do Sul. O advento do Meio Técnico- Cinetífico-Informacional (MTCI) possibilitaria a aceleração dos fluxos culturais, econômicos e políticos em um processo de globalização. A globalização e o avanço da técnica permitiriam a proliferação de multinacionais; a complexificação das cadeias globais de valor; e uma economia de rede, com valores permeando os territórios. Surgia o modelo de produção pós-fordista, caracterizado pela flexibilidade da produção, do trabalhador e do local de trabalho. Isso, contudo, não significou uma homogeneização do espaço, que seguia desigual, fragmentado e compartimentado. Ademais, o Estado mantinha sua importância, definindo políticas de ordenamento territorial. Em função do pós-fordismo, as metrópoles 2industriais, que concentravam a produção e a população por meio da horizontalidade, tornavam-se cidades globais, perdendo sua produção e sua população em termos relativos (em função de deseconomias de aglomeração), mas coordenando a economia mundial e nacional por meio da verticalidade (cityness). O Brasil não fugiria à regra do pós-fordismo, e viveria um processo de desconcentração concentrada segundo Clelio Campolina. As indústrias de maior valor agregado deixariam São Paulo, que concentrava a produção, mas se manteriam na macrorregião concentrada (SP- RJ-ES-MG-PR-SC-RS), como fez a Embraer. Já as indústrias intensivas em mão-de-obra sairiam da área de desenvolvimento poligonal, dirigindo- se ao Nordeste, como fez a Grendene. São Paulo, porém, “seguiria em todo lugar”, mantendo-se como “metrópole irrecusável do Brasil”. Prova do comando paulista sob a produção é o REGIC de 2018. Manuel Castells divide a nova divisão internacional do trabalho em 4 posições: locais de trabalho informacional, extremamente valorizado; de trabalho industrial, de baixo custo; de trabalho intensivo em recursos naturais; e de trabalho desvalorizado. Em função da complexificação das cadeias globais de valor, causada pela globalização, a produção de chips e componentes eletrônicos, que mescla o trabalho informacional e o trabalho industrial, se concentraria nas antigas plataformas de exportação da Ásia (Taiwan e Coreia do Sul). Isso é a prova de que mesmo no modelo pós-fordista, ainda há uma localização vantajosa para a produção de um bem. Logo, o espaço não é homogêneo. A covid-19, porém, levou os Estados a restringirem a circulação de bens e pessoas. Porém, no mundo globalizado, como a circulação preside a produção, é “indispensável colocar a produção em movimento”. Logo, os entraves logísticos à produção e à exportação de chips, levaram a problemas na produção nos setores primário, secundário e terciário de todos os países, visto que o chip é essencial a qualquer produção que envolva o mínimo de tecnologia. Esse problema na oferta de chips levaria à inflação mundial de oferta. Ademais, geraria maior interesse geopolítico da China na produção de microchips taiwanesa."
        },
        {
            "Nome": "Paloma Scroccaro",
            "Inicio_candidato": 10991,
            "Inicio_redação": 11060,
            "Nota": 18.0,
            "Redação": "A noção de globalização, como entendida hodiernamente, ganhou destaque a partir da década de 1980, ainda que esse fenômeno já pudesse ser identificado nos primeiros fomentos à integração logística entre os países. A estrutura produtiva fordista caracterizava- se pela centralização geográfica da produção, baseada em vantagens locacionais e em proximidades com as matérias-primas, em um processo especializado que propiciava os ganhos de escala. O modelo flexível de produção, do período pós-fordista, veio, então, alterar a divisão internacional do trabalho (DIT). Segundo Manuel Castells, a globalização não ensejava mais uma disputa entre países, mas entre agentes econômicos que buscavam no espaço geográfico a melhor maneira de produzir e de lucrar. Nos termos de Georges Benko, o fordismo periférico seria a distribuição da DIT para países com mão de obra barata, vantagens tributárias ou alfandegárias e amplo acesso a recursos naturais. Criar- se-íam, portanto, espaços de “mandar”, com capital e tecnologia, sobretudo no hemisfério norte, como nos EUA, e espaços de “obedecer”, característicos do hemisfério sul, principalmente, como na América Latina ou no Sudeste Asiático. No Brasil, a primeira fase da industrialização - que se baseou no modelo de substituição de importações -, poderia ser temporalmente identificada entre as décadas de 1930 e 1970, quando se faziam notar tanto a condição arquipélago da produção nacional quanto a concentração das principais indústrias em São Paulo. A partir de 1970, então, houve 9gradual desconcentração da produção, favorecida por incentivos governamentais, como a mudança da capital para Brasília, em 1960, e os projetos militares de “integração dos anecúmenos”. Clélio Campolina destaca, no entanto, que esse processo foi “poligonal”, ocasionando, na prática, uma desconcentração concentrada, como se nota nas dimensões geográficas e econômicas das metrópoles do Sul e do Sudeste. Nesse contexto, a guerra fiscal entre os Estados favoreceu o deslocamento de certas indústrias, como a calçadista, para o Nordeste. O crescimento dos complexos agroindustriais e das cidades médias também propiciou a integração à montante e à jusante no Centro- Oeste, como demonstra a existência de uma Zona de Processamento para Exportação em Uberaba. Nessa lógica capitalista de aproveitamento dos espaços, a produção mundial de chips e componentes eletrônicos segue algumas tendências e apresenta certas peculiaridades. A produção de lítio, essencial para a fabricarão desses chips, encontra-se  geograficamente concentrada ainda, como exemplificam as grandes reservas bolivianas, nos desertos de sal. Nesses lugares, é comum a presença de empresas estrangeiras de grande porte, que fazem a extração e o envio para outras regiões, para a confecção dos microcomponentes, que demandam alto grau de especialização e conhecimento técnico. A China, por exemplo, tem- se destacado pela ampla escala de produção de semicondutores que são enviados para os demais países, como os EUA e os países europeus, para a montagem de carros, placas solares e celulares de alta tecnologia. É em função dessa logística, baseada em transportes marítimos e acessos alfandegários, que a pandemia colocou à prova o tradicional funcionamento das Cadeias Globais de Valor (CGVs). As restrições sanitárias impuseram o fechamento das fronteiras e o controle mais severo dos fluxos comerciais, levando à escassez da oferta desses componentes eletrônicos em países que dependem, essencialmente, de sua importação. Surgiu, assim, um movimento de “renacionalizarão” da produção dessa nova matéria-prima, em um processo que o economista Walden Bello descreve como uma espécie de “desglobalização”, na qual os Estados buscariam direcionar essas fabricações para dentro de suas fronteiras. Os impactos imediatos da pandemia, nesse sentido, foram observados na inflação, na falta de peças automotivas e nos conflitos entre os setores industriais e os governos para a concessão de subsídios ou a proteção da indústria doméstica. A longo prazo, isso pode significar um arrefecimento da distribuição global de setores estratégicos, considerando que a soberania produtiva é um fator determinante na geopolítica moderna."
        },
        {
            "Nome": "Anônimo",
            "Inicio_candidato": 22265,
            "Inicio_redação": 22319,
            "Nota": 12.0,
            "Redação": "A pandemia de Covid-19 desarticulou as cadeias produtivas e afetou, sobremaneira, o processo de globalização. Há significativos hiatos entre a oferta e a demanda globais, e alguns Estados já planejam aumentar o protecionismo e renacionalizar estruturas produtivas, como a França com a indústria “Le Coq Sportif”, o que afeta ainda mais as cadeias globais de valor. Nesse contexto, a produção de chips e semicondutores ganha relevo, por serem um componente fundamental da produção industrial.  A reestruturação produtiva da economia globalizada já vinha ocorrendo antes da pandemia, como demonstram as tentativas de renacionalizar plantas industriais que haviam se instalado em outros países, como exemplifica a defesa da indústria siderúrgica estadunidense pelo governo Trump. No que se refere a chips, os prolongados lockdowns em países como a China, Taiwan e Vietnam, que abrigam muito da produção de semicondutores fizeram com que houvesse um considerável choque de oferta dessa mercadoria no mercado global, encarecendo os custos de produção. Dessa forma, países como os EUA e a Alemanha, que dependem desses insumos tecnológicos em suas cadeias produtivas, buscam o retorno da produção desses componentes em seu território, para evitar novas desarticulações como a causada pela pandemia de Covid-19. Esse fenômeno se insere em um contexto maior de arrefecimento do processo de globalização e de fechamento de setores considerados estratégico pelos Estados, no interior de suas fronteiras nacionais. O Brasil apresenta um processo de desconcentração industrial denominado “desconcentração concentrada”, em que a produção industrial deixa de concentrar-se nos centros tradicionais, mormente São Paulo, mas ubica-se em novos polos, seja por incentivos estatais, como Camaçari (BA), seja por serem polos tecnológicos modernos, como São José dos Campos e Campinas. Dessa forma, São Paulo deixa de ser o único polo industrial brasileiro, convivendo com demais centros que também polarizam a produção. Do mesmo modo, a reestruturação produtiva brasileira passa a valorizar o complexo agroindustrial, que já representa 25% do PIB e é dependente de insumos tecnológicos sofisticados, como chips e semicondutores. Nesse contexto, foi aprovada a desestatização da fábrica nacional de semicondutores, o que pode aumentar a competitividade no setor, bem como atrair investimentos, mas também pode afetar a autonomia tecnológica nacional em uma área sensível e em um momento de choque de oferta desses componentes. Assim sendo, o Brasil não está indiferente aos processos de reestruturação produtiva, de desconcentração industrial, sem a desarticulação das cadeias produtivas globais. A divisão internacional do trabalho no setor de chips e de componentes eletrônicos respeita o paradigma das cadeias globais de valor. Dessa maneira, enquanto países periféricos inserem-se agregando pouco valor, como a indústria extrativa do silício, outros países, como o Vietnam e Taiwan, agregam mais valor produzindo esses componentes e outros Estados, ainda, como Alemanha 4e EUA, estão no topo dessas cadeias produtivas, pois projetam esses chips e componentes eletrônicos produzidos em outras regiões do mundo. Nesse sentido, há espaços de mandar nos países centrais, dotados de alta tecnologia, e de obedecer, nos países periféricos, que agregam o valor do trabalho e das matérias-primas. Nada obstante, a pandemia de Covid-19 desarticulou essa divisão internacional da produção, ensejando gargalos de oferta e prejuízos às transnacionais dos países centrais, o que engendrou um processo de reestruturação produtiva, em que plantas de chips e componentes eletrônicos podem ser desterritorializados para serem reterritorializados nos países centrais."
        }
    ]
}