{
    "Nota Média": 15.32,
    "Pergunta": "Grande parte do assédio ao modernismo se manteve na tentativa de depreciar a sua revoluçã o pela denúncia de seus estrangeirismos. O modernismo teria sido t ão importado quanto as nossas outras mais antigas ondas culturais. [...].    A importa ção foi quase nada; em contraste com ela, a conquista do Brasil se tornou uma das glórias dessa poesia. [...].    A poesia de hoje se livrar á do medíocre, do v ácuo poético, quando reencontrar para si mesma a urgente precisão de nacionalidade tã o bem sentida por Mário; quando recomeçar o caminho da intimidade com o social; quando finalmente compreender – como Jo ão Cabral de Melo Neto – que a heran ça de 22 manda impelir a poesia brasileira na direçã o dos grandes temas objetivos, sociais e filosóficos que a prepara ção de linguagem dos mestres do modernismo tornou possível e imperiosa. Nã o porque a literatura se melhore pela simples modifica ção dos assuntos, mas porque nenhuma língua poética, nenhum instrumento de alta expressã o, jamais se renovou pelo tolo experimentalismo sem raiz na exist ência e no mundo – e sempre se expandiu, sempre ergueu seu tom e construiu seu símbolo, naquele exato momento em que a linguagem se abriu para a nervosa e complexa compreensã o da vida social; da grande vida coletiva de que, na literatura como no mais, o país funda agora a mais vívida consciência – e do aut êntico brasileirismo que os poetas de 22 tiveram o esfor ço e a glória de instaurar.  (1962) MERQUIOR, José Guilherme. A poesia moder - nista. in: Raz ão do poema – Ensaios de crítica e de estética. São Paulo: É Realizações Editora, 2016, pp. 40 e 50, com adaptações.  Translate this excerpt into English.",
    "Padrão de Resposta": "A large part of the assault on modernism focused on denouncing its foreignisms in the attempt to belittle the revolution it unleashed. Modernism would have been as imported as our past cultural waves. […] Importation was almost non-existent; instead, what emerged as one of the glories of this poetry was the conquest of Brazil. […] Contemporary poetry will be freed from the mediocre, from the poetic vacuum, when it finds for itself the urgent preciseness of nationality so keenly felt by Mário; when it resumes pursuing an intimate connection with what is social; when it finally understands – as did João Cabral de Melo Neto – that the legacy of ’22 forcefully propels Brazilian poetry towards the great objective, social and philosophical themes made both possible and necessary by the language proficiency displayed by the masters of modernism. Not because literature is improved by the simple modification of topics, but because no poetic language, no instrument of high expression, has ever been modernized by fool experimentalism, not rooted in the existence and in the world – and has always expanded, always raised its tone and built its symbol at that exact moment when language embraced the nervous and complex understanding of social life; the great collective life of which, in literature as elsewhere, the nation is now vividly conscious – and of the authentic “brazilianness” the ’22 poets had the effort and the glory of inaugurating.",
    "Candidatos": [
        {
            "Nome": "André Novo",
            "Inicio_candidato": 6642,
            "Inicio_redação": 6664,
            "Nota": 18.0,
            "Redação": "The majority of the attacks against Modernism kept trying to minimise its revolution by denouncing its foreign elements. Modernism would have been as imported as our previous cultural movements [...]. The import was almost nothing; compared to it, the conquest of Brazil became one of the glories of this poetry [...]. Today’s poetry will free itself from the mediocre, the poetic vacuum, when it finds for itself the need for nationality that Mario experienced well; when it walks again the path of intimacy along with the social dimension; when it finally understands - as João Cabral de Melo Neto did - that the legacy of 1922 compels us to put Brazilian poetry on the path towards the great objective, social and philosophical subjects that the preparation of language of the great masters of Modernism made possible and imperious. Not because literature improves simply by changing its subjects, but rather because no poetic language, no instrument of great expression, has ever been renewed by the foolish experimentalism that is not rooted in the existence and the world - and it has always expanded itself, always went higher in its tone, and constructed its symbol, at that precise moment when language opened itself to the nervous and complex understanding of social life; of the great collective life the consciousness of which, in literature as in anything else, the country now inaugurates - and of the authentic Brazilian character the poets of 1922 effortly and gloriously inaugurated."
        },
        {
            "Nome": "Guilherme Dias",
            "Inicio_candidato": 8164,
            "Inicio_redação": 8185,
            "Nota": 15.32,
            "Redação": "A big portion of the attacks against modernism kept trying to devalue its revolution by denouncing its foreigness. Modernism was as imported as our older cultural waves. [...]. There was barely any importation; in contrast, the conquest of Brazil became one of the glories of this poetry. [...]. Today’s poetry will be free from the mediocre, from the poetic void, when it reattains the same urgent precision of nationality so well felt by Mário; when it restarts the path of intimacy with the social; when it finally understands – as João Cabral de Melo Neto did – that the legacy of 22 orders to push the brazilian poetry towards the great objective, social and philosophical themes that modernism masters preparation of the language made possible and imperious. Not because literature improves by the simple change of subjects, but because no poetic language, no instrument of high expression, has ever been renovated by the foolish experimentalism without roots in the existence and in the world – and has always expanded, always raised its tone and built its symbol, in the exact moment that the language was opened to the nervous and complex understanding of social life; of the great collective life that, in literature and beyond, the country now builds the most vivid conscience – and of the authentic brazilianism that the poets of 22 made the effort and had the glory to create. (1962)"
        },
        {
            "Nome": "Lucas Godoy",
            "Inicio_candidato": 3507,
            "Inicio_redação": 3540,
            "Nota": 19.33,
            "Redação": "A great part of the attack on Modernism was based on the attempt to downplay its revolution by decrying its use of foreign influences. Modernism would have been as imported as our other previous cultural waves. Almost nothing was imported; in contrast, the conquest of Brazil became one of the glories of this poetry. Today’s poetry will get rid of mediocrity, of poetic vacuum, when it finds once again the urgent need to have a nationality, as felt so well by Mario; when it starts once again to follow the trail of intimacy with social issues; when it finally understands, as did João Cabral de Melo Neto, that the legacy of 1922 compels us to direct Brazilian poetry towards the major objective, social and philosophical themes which were rendered possible and imperative by the preparation of language undertaken by the masters of Modernism. Not because literature gets better only by the simple modification of its subject, but because no poetic language, no instrument of high expression, has ever renewed itself by the foolish experimentalism with no roots in the existence and in the world. It has always expanded itself, always raised its level and built its symbol in that precise moment in which language was open to the nervous and complex understanding of social life; of the great collective life whose vivid conscience is now being created by the country, in literature as in other realms – and of the genuine Brazilianism that the poets from 1922 set up through their effort and to their glory. (1962)."
        },
        {
            "Nome": "Pedro Guilherme",
            "Inicio_candidato": 5059,
            "Inicio_redação": 5107,
            "Nota": 18.66,
            "Redação": "Most of the criticism towards the modernist movement could not go beyond the attempt of devaluating its revolution by denouncing its foreign influences. Modernism would have been imported, just like our older cultural waves. [...] It was hardly imported at all; in contrast to it, the conquest of Brazil became one of the achievements of this poetry. [...] Today’s poetry will free itself from the mediocre, from the poetic void, when it finds again for itself the urgent need of the national dimension so deeply felt by Mário; when it takes back the path of intimacy to social matters; when it finally understands - as João Cabral de Melo does - that the heritage of 1922 commands Brazilian poetry to be sent towards the great objective, social and philosophical themes which the preparation of the language by the modernist masters made possible and mandatory. Not because literature is improved by the simple change of its subjects, but because no poetic language, no tool of high expression has ever renewed itself through mere experimentalism without roots in the existence and in the world - and it has always expanded itself, it has always heightened its tone and built its symbol in that exact moment in which the language opened itself to the frenetic and complex comprehension of social life; of the great collective life of which, in literature and in everything else, the country now creates the most vivid conscience - and of the authentic Brazilianism which the 1922 poets had the effort and glory of establishing. (1962)"
        }
    ]
}