{
    "Nota Média": 11.5,
    "Pergunta": " Looking back upon the weird conversation, Clement saw this as a turning point. The speeding sky was dark outside, the room was dark, the rain now, no longer bothered by the wind, was falling with a steady faint sizzling hiss. The lamp illumed only the surface of the desk and one of Lucas’s hands. The figure of Mir, suddenly rising up in the gloom, broad- shouldered, rectangular, seemed uncanny, unnaturally tall. Clement too, as if compelled by a kind of respect, or alarm, rose to his feet. Mir turned to him for a moment and Clement gained an impression of his head, suddenly like the head of a large animal, a boar, perhaps, or even a buffalo. Then Mir, noticing Clement also rising, smiled, his glinting teeth appearing as out of dark fur. Then he sat down again, and Clement, discreetly moving his chair forward and a little to the side, sat down too.Lucas waited as if expecting Mir to say something, then said, not in his previous cold sarcastic tone, but as if more thoughtfully, “surely in your book it says that vengeance belongs to God.” Mir replied at once, as if saying something obvious, “I am His instrument.” MURDOCH, Iris. The Green Knight. London: Penguin, 1993. p. 124.Translate this excerpt into Portuguese.",
    "Padrão de Resposta": "Ao recordar a estranha conversa, Clement viu o momento como um ponto de inflexão. Lá fora, o céu fugidio estava escuro, a sala estava escura, e a chuva, agora, não mais perturbada pelo vento, caía num silvo chiado, leve e constante. A lamparina só iluminava a superfície da escrivaninha e uma das mãos de Lucas. O vulto de Mir, que de repente se projetava na penumbra, ombros largos, retangulares, parecia improvável, de altura sobrenatural. Clement, da mesma forma, como se compelido por um tipo de deferência, ou alarme, pôs-se de pé. Mir voltou-se para ele por um instante, e o outro pôde distinguir sua cabeça, repentinamente, como a cabeça de um animal de grande porte, um javali, talvez, ou até mesmo um búfalo. E então Mir, ao notar que Clement também se erguia, sorriu, e seus dentes reluzentes apareceram, como se brotassem de uma pelagem escura. Ele então se sentou de novo, e Clement, movendo discretamente a cadeira para frente e um pouquinho para o lado, sentou-se também. Lucas aguardou, como se esperasse que Mir fosse dizer alguma coisa, e então enunciou, não em sua entonação anterior, fria e sarcástica, mas como algo mais refletido: “Certamente no seu livro está escrito que a vingança cabe a Deus”. Mir replicou de chofre, como se dissesse algo óbvio: “Eu sou Seu instrumento”.",
    "Candidatos": [
        {
            "Nome": "Daniel Nogueira",
            "Inicio_candidato": 6637,
            "Inicio_redação": 6667,
            "Nota": 11.5,
            "Redação": "Analisando, retroativamente, a respeito da conversa estranha, Clement viu-a como um ponto de virada. O céu veloz era escuro lá fora, a sala era escura, a chuva, agora, não mais incomodada pelo vento, caía com um frio contínuo e fraco. A lâmpada iluminava apenas a superfície da mesa e uma das mãos de Lucas. A figura de Mir, de repente levantando-se do salão, ombros largos, retangular, parecendo misterioso, alto de maneira não natural. Clement também, como se compelido por um tipo de respeito, ou alarme, ficou de pé. Mir virou-se para ele por um momento, e Clement teve uma impressão de sua cabeça, subitamente como a cabeça de um animal grande, um bisão, talvez, ou mesmo um búfalo. Então Mir, notando que Clement também se levantava, sorriu, seus dentes brilhantes aparecendo como que de fora de uma pelagem escura. Então ele sentou-se novamente, e Clement, discretamente movendo sua cadeira em frente e um pouco para o lado, também se sentou. Lucas esperou como se esperando Mir dizer alguma coisa, então disse, não no seu tom anterior frio e sarcástico, mas como se mais raciocinando, “certamente no seu livro é dito que a vingança pertence a Deus”. Mir respondeu de uma vez, como se dissesse algo óbvio: “Eu sou Seu instrumento”."
        },
        {
            "Nome": "João Pedro",
            "Inicio_candidato": 5380,
            "Inicio_redação": 5419,
            "Nota": 14.0,
            "Redação": "Ao recordar-se da estranha conversa, Clement enxergou-a como um ponto de virada. Lá fora o céu veloz estava escuro, o aposento estava às sombras, e a chuva, não mais perturbada pelo vento, caía em um chiar contínuo, fraco e sibilante. A lamparina iluminava apenas a superfície da escrivaninha e uma das mãos de Lucas. A silhueta de Mir, erguendo-se subitamente na penumbra, de ombros largos, retangular, parecia esquisita e anormalmente alta. Clement, como se impelido por uma espécie de respeito, ou alarme, também se pôs de pé. Mir voltou-se a ele por um instante e Clement teve uma impressão de sua cabeça, de súbito como a de um grande animal, um javali, talvez, ou mesmo um búfalo. Então Mir, percebendo que Clement também se erguia, sorriu, seus dentes cintilantes surgindo como que de uma pelagem escura. Então sentou-se novamente, e Clement, movendo sua cadeira discretamente adiante e para o lado, também se sentou. Lucas aguardou como se esperasse que Mir dissesse algo, e então disse, não em seu tom frio e sarcástico de antes, mas como se mais ponderadamente, “Certamente se diz em seu livro que a vingança pertence a Deus.” Mir respondeu de imediato, como se dissesse algo óbvio: “Eu sou Seu instrumento”."
        },
        {
            "Nome": "Leonardo Maciura",
            "Inicio_candidato": 2811,
            "Inicio_redação": 2840,
            "Nota": 15.0,
            "Redação": "Ao rememorar a conversa estranha, Clement enxergou isso como um momento de mudança. Lá fora, o céu veloz estava escuro, a sala estava escura, e a chuva, agora, não mais incomodada pelo vento, caía com um leve e contínuo sopro. A lâmpada iluminava apenas a superfície da mesa e uma das mãos de Lucas. A imagem de Mir, de repente surgindo no escuro, com ombros largos, retangular, parecia sinistra, artificialmente alta. Clement, também, como se compelido por alguma espécie de respeito, ou alarme, levantou-se. Mir voltou-se para ele por um momento, e Clement teve um vislumbre de sua cabeça, repentinamente como a cabeça de um grande animal, um javali, talvez, ou até um búfalo. Então, Mir, ao perceber que Clement também se levantava, sorriu, seus dentes brilhantes aparecendo, como se saíssem de pele escura. Em sequência, ele se sentou, de novo, e Clement, movendo discretamente a sua cadeira para a frente e um pouco para o lado, também se sentou. Lucas estacou, como se esperasse que Mir fosse falar algo, e, então, disse, não no tom frio e sarcástico de antes, mas como se pensasse com mais cuidado, “certamente, diz-se, no seu livro, que a vingança pertence a Deus”. Mir respondeu imediatamente, como se dissesse algo óbvio, “Eu sou o instrumento Dele”."
        },
        {
            "Nome": "Anônimo",
            "Inicio_candidato": 4101,
            "Inicio_redação": 4114,
            "Nota": 14.5,
            "Redação": "Relembrando a estranha conversa, Clement viu isso como um ponto de virada. O céu acelerado estava escuro lá fora, o quarto estava escuro, a chuva, agora, não mais incomodada pelo vento, caía como um chiado leve e constante. O lampião iluminava apenas a superfície da mesa e uma das mãos de Lucas. A imagem de Mir, levantando-se, de repente, na escuridão, com ombros largos, retangular, pareceu alta de uma maneira estranha e não natural. Clement, também, como se compelido por um tipo de respeito, ou de alarme, ficou de pé. Mir virou-se para ele por um instante, e Clement pôde ver a cabeça dele, subitamente parecida com a cabeça de um grande animal, um javali, talvez, ou até mesmo um búfalo. Então, Mir, percebendo que Clement também se levantava, sorriu, com seus dentes brilhantes aparecendo como se para fora de uma pelagem escura. Depois, ele sentou-se novamente, e Clement, movendo, discretamente, sua cadeira para frente e um pouco para o lado, sentou-se também. Lucas aguardou, como se esperando que Mir dissesse algo, e então disse, não em seu prévio tom frio e sarcástico, mas como se mais carinhosamente: “certamente, em seu livro, diz que a vingança pertence a Deus”. Mir respondeu de uma só vez, como se falasse algo óbvio: “Eu sou Seu instrumento.”."
        }
    ]
}