{
    "Nota Média": 45.65,
    "Pergunta": "“Diplomacy has adjusted to all economic, social and technological developments. It has changed simply in order to remain the same.” Kurbalija, Jovan. Don’t Waste the Crisis: towards Diplomacy 2.0. Diplo (blog=. Dec. 3, 2010. Accessed Apr. 14, 2022. https://www.diplomacy.edu/blogs, with adaptations ‘The quintessence of diplomacy is and has been the dealing with the interface of conflict and peace- making. And its practioners’ ultimate goal remains the same: undertaking the challenging tasks of representing, negotiating, and reporting.’ Compare and contrast the quotations above and do a brief historical survey of the practice of the diplomacy of the late 20th and early 21st centuries. Decide if the common core functions of traditional diplomacy have stood the test of time or if they have changed in any significant way.",
    "Padrão de Resposta": "Candidates are expected to discuss that being a diplomat entails solving problems between countries, dealing with conflict and its solution. From the very inception of the diplomatic practice, the hard core objectives of diplomacy have never veered from the threefold challenges of representation, negotiation and reporting. The scope or area of diplomacy action has expanded dramatically for countless new fields of human endeavour have mushroomed. But be it cybersecurity or emigration, the brown agenda or the interaction with media social groups, diplomats’ role in dealing with these issues remains the same: representing, negotiating and reporting. What have changed were the approach and tools to deal with problems or the problems themselves but not the end-result of the diplomatic action. In this sense, diplomacy has changed and adapted in order to remain the same, as the quote suggests. Accepted discussions do not need to be contextualized in chronological order.",
    "Candidatos": [
        {
            "Nome": "Ana Cecília",
            "Inicio_candidato": 14611,
            "Inicio_redação": 14643,
            "Nota": 48.66,
            "Redação": "Although diplomacy has adjusted to recent developments, it has remained the same, says Jovan Kurbalija. Indeed, diplomats have to represent, negotiate, and report, just like they did hundreds of years ago. The practice of the diplomacy of the late 20th and early 21st centuries corroborates the argument that the common core functions of traditional diplomacy have not changed significantly. Nevertheless, diplomats have accumulated other functions as well, such as promoting their country around the world – the so-called cultural diplomacy – and strenghthening commercial relations among nations. Diplomacy in the late 20th and early 21st centuries reflects all the main tasks of a diplomat: representing, negotiating and reporting. Multilateral institutions gained ground, and diplomacy had to continue dealing with the interface of conflict and peace, but now, through other means. The proliferation of multilateral forums promoted negotiations among a greater number of actors. For example, Brazil could better negotiate with other developing nations at UN forums, and they made important achievements, such as better trade conditions for developing economies. The creation of the G20, in 1998, was also a milestone of the late 20th century, which contributed to a more inclusive world order. The end of the century brought changes to empower emerging economies, but the power of negotiation remained as important as always. Representing and reporting became even more relevant. The growing interest in climate change, from 1972 onwards, led some countries to defend their right to development at the international level. On the one hand, Brazilian diplomats had to represent the country’s urge to end poverty, as well as its right to use its natural resources. On the other hand, rich countries argued that nature had to be preserved. Both positions show the relevance of representation. With the beginning of the 21st century, the economic growth of emerging economies at faster speed than developed ones highlighted the importance of reporting. Multiple conferences to deal with the 2008 crisis were held, and diplomats had to maintain the communication with their governments in order to represent their countries’ interests properly and to negotiate treaties that would benefit their people. Technological development has not yet undermined the importance of representing and reporting. Although the main functions of diplomacy have remained the same, there are other functions that today are also part of the work of diplomats. In the 21st century, soft power is as important as hard power. Therefore, diplomats have to promote their countries in order to shape the world order according to their nations’ interests. Cultural diplomacy plays an important role in this process. Diplomats need to present their countries to others, promoting its values and culture. Moreover, strengthening commercial relations is also part of their work. Promoting exhibitions of national products abroad and meetings among CEOs are now common practices. In the interface between conflict and peacemaking, these actions work in favor of peace. Diplomacy has indeed kept its main characteristics, but diplomats’ functions have increased. Currently, diplomats must not only negotiate, represent, and report, but they also need to play a more active role in peacebuilding. Cultural diplomacy and commercial relations are the ways towards a world where armed conflicts are no longer a threat."
        },
        {
            "Nome": "Felipe Pereira",
            "Inicio_candidato": 5215,
            "Inicio_redação": 5236,
            "Nota": 48.83,
            "Redação": " On the contemporary world scene, States have been dealing with complex problems. Many affirm that the nature of diplomacy itself should change in order to solve today’s challenges. Even though diplomatic officers have incorporated new topics into their agendas, the core functions of diplomacy have remained the same. Thus, it is essential to analyze how the practice of diplomacy has evolved since the late 20th century. In the aftermath of the Cold War, most economies adopted liberal policies. Economic blocs were created so that States could increase trade and benefit from globalization. Given that diplomats must represent their countries in the global order, the foreign services were vital to create international organizations that could promote trade. Accordingly, South American diplomats have been representing their countries in economic blocs, such as MERCOSUR. Hence, the core function of representation has not changed until now. In the 1990s, climate change became an important topic in foreign relations. Since illegal logging and pollution were both changing climate and the lives of citizens, members of society became interested in the environment. That is not to say that governments took this subject for granted; on the contrary, diplomats have been negotiating solutions for global warming ever since. A case in point is the Paris Agreement, signed in 2015. Finally, in the 21st century, there has been an expansion of organized crime and conflicts by means of the Internet. As a matter of fact, wars occur in geographical areas and in the digital arena as well. Cognizant of these threats, diplomatic officers use advanced systems to analyze cyberattacks and their consequences on foreign relations The war in Ukraine epitomizes how the function of reporting has remained crucial to diplomacy. All things considered, the common functions of traditional diplomacy, namely representing, negotiating, and reporting, have stood the test of time. I must concur with Jovan Kurbalija that diplomacy was influenced by transformations in the international arena; however, new topics, like climate change and cyberattacks, have not changed “the quintessence of diplomacy”. Whether geopolitics will change the practice of diplomacy in a significant way in the future remains to be seen."
        },
        {
            "Nome": "Gabriel Joaquim",
            "Inicio_candidato": 2219,
            "Inicio_redação": 2241,
            "Nota": 49.33,
            "Redação": "Diplomacy is the art of fomenting relations between two different communities. Its three core functions are the tasks of representing, negotiating, and reporting. Since the end of the Cold War, diplomats have learned how to deal with the emergence of new subjects, actors, and technologies. These developments, however, did not change the essence of diplomacy. Since the late 20th century, diplomacy has adjusted to the emergence of new subjects. After the demise of the Soviet Union, diplomats had to deal less with security issues and more with new subjects, such as the environment, human rights, and trade. Politicians from the whole world gathered in Brazil to discuss sustainable development during the Rio-92 Conference. Still in the 1990s, diplomats negotiated the Declaration of Vienna on human rights. Lastly, countries created the World Trade Organization (WTO), which was responsible for fast international growth in the following decades. As Jovan Kurbalija affirmed, diplomacy was able to negotiate deals on new issues. Since the early 21st century, diplomacy has dealt with the emergence of new actors. In environmental discussions, NGOs, such as Greenpeace, have participated in multilateral conferences. As far as human rights violations are concerned, individuals were allowed to denounce States in international courts, such as the European Court on Human Rights. As a consequence of the growth of international trade, countries started to consult their enterprises to promote domestic development. In all these cases, diplomats had to adapt the task of representing their States due to the emergence of NGOs, individuals and enterprises. As the author of the second quotation affirmed, representation is still one of diplomacy’s ultimate goals. Since the late 20th century, diplomacy has adjusted to the development of new technologies. Diplomats had to learn how to communicate with new actors in new platforms, such as Twitter, Facebook, and Instagram. British diplomat Tom Fletcher affirmed most countries are switching from an era of secret diplomacy to the age of public diplomacy. Today’s diplomats must be able to explain how international negotiations can change the lives of common citizens. Although this task is increasingly difficult, diplomats have been convincing others of the importance of their work since the foundation of the modern State. Moreover, the work of diplomats is being influenced by the increasing amount of information present on social media. In order to maintain their task of reporting, diplomats became specialists in distinguishing relevant information from fake news. All things considered, the authors of the two quotations are right to affirm that the common core functions of traditional diplomacy have stood the test of time. Since the end of the 20th century, diplomats have learned to negotiate new subjects, to represent States vis-à-vis new actors, and to use new technologies to report relevant information."
        },
        {
            "Nome": "Lucas Godoy",
            "Inicio_candidato": 7540,
            "Inicio_redação": 7573,
            "Nota": 48.83,
            "Redação": "Dwelling upon the impact of external changes on diplomacy, Jovan Kurbalija stated that the latter has changed to remain the same. Another quotation presented, despite not referring to the susceptibility of diplomacy to economic, social or technological developments, comes to a similar conclusion, arguing that the goals of diplomacy were not substantially altered. Indeed, the core functions of diplomacy – to represent, to negotiate and to report – linger in current- day international affairs. Yet, since the end of the Cold War, they have experimented significant shifts, prompted by an international environment which is mutating at a fast pace. As the number of issues dealt within multilateral fora increases, diplomatic negotiation becomes a harder task. In the aftermath of the bipolarity that hampered political consensus during the Cold War, countries began to construe as international challenges a broad set of issues that previously received scant global attention. Thus, international negotiations grew more complex, demanding from diplomats a more technical understanding of the matters under analysis. The adoption of the Kyoto Protocol to the UNFCC, for instance, demanded exhaustive debates, which yielded painstakingly negotiated clauses. Yet, even if it has become more difficult, the notion of negotiation remains at the core of the practice of diplomacy. Greater citizen participation renders diplomats more accountable to society, therefore changing the ways in which they should report. In the wake of the fall of the Berlin Wall, democracy flourished throughout the globe, spurring public debate about matters that were primarily dealt with by the government, such as diplomacy. As citizens became more engaged in foreign affairs, diplomats had to modify the way they reported to their homelands. Now, reporting is a task akin to convincing domestic audiences that the decisions taken by the diplomat will eventually pay off. Hence the growing difficulty in approving military interventions in foreign countries. The function of reporting remains the same, but now society as a whole is the main receiver of the message. Nowadays, diplomats represent not only their country but also their whole society. Since the late 20th century, a relentless technological evolution has connected different cultures around the world, rendering people more acquainted with national and cultural traits of different countries. In this light, diplomats no longer represent a single center of power; now, they are a token of their societies as well. Thus, they have broader leeway to engage in matters such as cultural diplomacy, which face fewer political constraints compared to other issues, such as defense. Not surprisingly, soft power became a buzzword in diplomacy after the Cold War. Although representation remains a nuclear function of diplomacy, the state is no longer the only entity to be represented. In the past 30 years, important changes modified the practice of diplomacy, without altering their basic functions. Now, society is more engaged in international affairs, and diplomats ought to consider its demands when negotiating, reporting and representing."
        },
        {
            "Nome": "Pedro Guilherme",
            "Inicio_candidato": 18124,
            "Inicio_redação": 18172,
            "Nota": 48.66,
            "Redação": "The world has gone through significant economic, social and technological changes since the late 20th century, and diplomacy has adjusted to all of them in an ongoing process. Its core functions, though, those of representing, negotiating and reporting, remain the same, which is highlighted in both quotations. The reason for it is that the international order has not changed its fundamental structure, which is based on State sovereignty. Globalization accelerated by the late 20th century, driven mainly by a technological revolution in communication and transportation. Countries increased trade greatly, which made national economies deeply dependent on one another. This has certainly changed the way diplomats negotiate, since problems have become more complex and involve nowadays a larger number of players. Nevertheless, diplomacy has adapted to it by negotiating trade in multilateral organizations, such as the WTO, or in regional levels, through integration. Despite these changes, the main players in trade and commerce are still sovereign States, which need diplomats to represent them and negotiate for them. Not only trade has changed significantly since the late 20th century, but also communication. The internet has made it possible for diplomats abroad to communicate better and faster. Nevertheless, it has also made it harder for diplomats to have a real sense of social and political status on the ground, since there is too much information online. This has changed the way diplomats select information for reporting, but it has not changed the fact that reporting itself remains one of diplomacy’s core function. The existence of sovereign States demanding information about one another through representatives still remains. There has also been significant transformation in social relations in the 21st century. Social media has become the most powerful communication tool available not only for individuals to communicate to each other, but also for States to communicate with their citizens. Diplomats have adapted to it by exploring new means of sharing information with the general public and by testing the limits of social media political effects, both in the national and in the international spheres. Even though diplomats have changed the way they communicate through the use of new platforms and tools, the fact that communication is, in a broad sense, their most important asset remains untouched. In the 21st century, countries are more dependent on one another, and new challenges, such as climate change, need to be faced collectively. Even so, the international order based on sovereign States created in the 17th century still stands. This means that sovereign countries have a certain degree of freedom to act, but also that there are limits to their actions. In this sense, diplomacy continues to be the main tool in which States can deal with the conflicts which emerge from this very system. Even though diplomats have changed the way they represent, negotiate and report, these continue to be their ultimate goals."
        },
        {
            "Nome": "Vinícius Gonzalez",
            "Inicio_candidato": 10757,
            "Inicio_redação": 10789,
            "Nota": 48.83,
            "Redação": "It is frequently said that the technological and social changes of the last decades, especially the ones related to information technology (IT), radically altered all fields of human society. Diplomacy, defined as the field of statecraft pertaining to intercourse with foreign nations, has certainly adapted itself to such developments. As stated in both quotations, however, recent changes did not alter the essence of diplomatic activity. The core functions of all diplomatic activity, as identified in the second quotation, have essentially remained the same. Negotiating, reporting and representing are still the main pillars of diplomacy. Recent developments have merely altered the manners of partaking in such activities. Negotiations can be defined as communications between two or more parties, aiming to solve a dispute or to reach a common position on a given issue. For centuries, states have sent their diplomats abroad, to negotiate peace deals, defensive alliances, trade agreements or royal marriages. Negotiations are still a key component of modern diplomats’ work, but social and economic changes in the 20th century have vastly expanded the range of negotiation topics. Besides the traditional matters of war and peace, modern diplomats now negotiate on an extremely broad range of issues, such as telecommunications, climate change or intellectual property. Moreover, it is now much more common for diplomats to partake in multilateral negotiations, in places such as the United Nations or the World Trade Organization.Another important component of diplomatic activity is reporting. States need accurate and up-to- date information on various issues. Regarding foreign policy, it has long been a diplomat’s task to inform his home country about political or economic changes in other nations. Advances in the IT sector have significantly altered the form of such communications, as it is now possible for diplomats to instantly report on any relevant happenings. Furthermore, the storage of data in digital media has led to novel concerns regarding cybersecurity. There is now a myriad of ways in which communications between a diplomat and his country can be intercepted. Hence, cybersecurity is now a key priority for most states, especially regarding sensitive diplomatic communications. The third main pillar of diplomacy is representation. Diplomats often act and speak on behalf of their home countries. Representation is, for example, a condition for negotiations, as only accredited diplomats may sign binding agreements in the name of their countries. Similarly to what happened to reporting, technological advances have altered the manners in which diplomats represent their nations. It is now quite common for states to maintain official accounts on social media platforms, a tendency often called “twiplomacy” or “Diplomacy 2.0”. Besides representing their countries before state officials, diplomats now do so before the general population of other countries. This form of public diplomacy is important for states to improve their reputations and to promote the culture and the values of their peoples around the world. The multiple economic, social and technological changes observed in the last few decades have not altered the essence of diplomatic activity. Similarly to their counterparts in ancient civilizations, modern diplomats are ultimately representatives of their countries, partaking in activities such as negotiating or writing reports. Diplomacy has been affected by the aforementioned changes only insofar as they altered the subjects of diplomatic negotiations or the manners of communication between state officials. In adopting new technologies, diplomats have been able to better undertake their quintessential tasks, which are likely to remain the same in all ages."
        },
        {
            "Nome": "Anônimo",
            "Inicio_candidato": 21236,
            "Inicio_redação": 21250,
            "Nota": 45.65,
            "Redação": "Changing is part of diplomacy’s nature. If it were not, diplomacy would not be a century-old human practice. In the past, for instance, diplomacy was carried out solely on behalf of the sovereign, either a king, a khalifa or any other kind of leader. As time passed, diplomats began to work on behalf of their countries and peoples. Simultaneously, other changes also transpired, such as the relatively recent adoption of English as the main language in international organisations. In spite of the changes diplomacy and the diplomatic practice have undergone, peace is still the former’s goal, as well as representing, negotiating and reporting being the latter’s core tasks. At the outset of the 21st century, the world has witnessed the economic and political emergence of the countries in development, which has ushered in a new geopolitical and geoeconomic conjuncture. Especially due to the commodities boom, in the early 2000s, countries like those who are part of the BRICS managed to increase their power and their influence both politically and economically. As a result, the practice of diplomacy has had to be adapted, and, for instance, multilateral negotiations gained even more importance, since they are the best way to deal with an array of different interests and positions. Agencies like the World Trade Organisation and the G20 are increasingly important and they bear witness to the fact that negotiating is still fundamental for achieving peace.The astonishing development of technologies has also contributed to a more dynamic world order, and diplomats must, now, pay even more attention to the task of reporting. Since the end of the 20th century, technology has undergone great development, especially in the field of communication. One of humans’ main needs, communication has been completely transformed. Cellphones with access to the internet, 5G technology and social media, to name a few, have changed the way people exchange information. In this context, not only has reporting remained one of the core functions of a diplomat, but it has also gained more importance. This is so because, more than ever, diplomats need to access a vast number of sources of information and, also, properly filter them. One example is the necessity to keep track of foreign officials’ social medias, since there has been the emergence of what some call the “twiplomacy”. Social demands, in the 21st century, is the third factor which contributes to transforming the world order and to reinforcing the role of diplomacy and diplomats. Societies are increasingly complex in each and every country, due to many reasons, such as globalisation and economic development. Accordingly, new types of social demands arise by the day, since social groups develop new kinds of interests. In this context, diplomats face the challenge of representing their countries in a number of different, technical which did not exist before or at least did not have much importance, such as intellectual property and public procurements. That is why countries like Brazil maintain a very qualified and specialised diplomatic body, so Brazilian social demands are represented internationally.The world order has changed and has become more challenging than ever, since the end of the 20th century. This is due to factors such as new and powerful states, new technologies, and new social demands. Consequently, diplomacy and the diplomatic practice have had to be adapted. Nevertheless, as argues Jovan Kurbalija, they have changed “simply in order to remain the same”, since securing peace is still diplomacy’s main goal, and representing, negotiating and reporting are still diplomats’ “challenging tasks”. It is safe to say that world diplomacy seems to have followed Itamaraty’s motto, which says that the greatest tradition of the ministry is knowing how to renew itself."
        }
    ]
}