{
    "Nota Máxima": 20.0,
    "Nota Média": 16.5,
    "Menor Nota": 13.5,
    "Pergunta": "Com efeito, em 1996 foi criado o Comitê Preparatório da Conferência das Nações Unidas sobre o Estabelecimento de um Tribunal Penal Internacional (TPI), cujos travaux préparatoires estenderam-se por dois anos. Os debates concentraram-se sobretudo em três questões centrais de capital importância, a saber: a tipificação dos core crimes sob a competência ratione materiae do TPI, o princípio da complementaridade nas relações entre este último e as jurisdições nacionais e o procedimento a ser adotado (incluindo as prerrogativas da promotoria). Em 17 de julho de 1998, a Conferência de Roma das Nações Unidas aprovou o Estatuto do TPI (composto de 13 partes e 128 artigos), seus anexos e a Ata Final da Conferência. CANÇADO TRINDADE, Antônio Augusto. Os Tribunais internacionais contemporâneos. Brasília: FUNAG, 2013, p. 33, com adaptações. Considerando que o excerto apresentado tem caráter meramente motivador e tendo em vista os aspectos centrais do exercício da jurisdição penal internacional por Cortes e Tribunais Penais Internacionais, em especial, pelo TPI na busca pelo primado da justiça internacional, redija um texto dissertativo abordando, necessariamente, os seguintes tópicos: indicação das quatro espécies de crimes da competência do TPI, conforme o art. 5º do Estatuto de Roma; citação de um exemplo de conduta ou ato criminoso previsto no Estatuto de Roma para cada uma das quatro espécies de crimes da competência do TPI; análise quanto à possibilidade jurídica de o TPI julgar e responsabilizar criminal e diretamente Estados por crimes contra a humanidade, segundo o art. 25 do Estatuto de Roma; explanação a respeito da exclusão da jurisdição do TPI relativamente à idade dos indivíduos, conforme o art. 26 do Estatuto de Roma; e abordagem acerca da possibilidade jurídica de o Conselho de Segurança das Nações Unidas (CSNU) solicitar o adiamento de determinado inquérito ou procedimento criminal ao TPI, indicando o fundamento jurídico de eventual solicitação pelo CSNU, bem como o prazo (período) da medida, de acordo com o art. 16 do Estatuto de Roma.",
    "Padrão de Resposta": "Espera-se que o candidato redija o texto considerando os aspectos a seguir. Q1. Espera-se que o (a) candidato (a) apenas elenque a espécie “crime de genocídio”, prevista no art. 5, parágrafo 1º, alínea “a” do Estatuto de Roma. Q2. Espera-se que o (a) candidato (a) apenas elenque a espécie “crimes contra a humanidade”, prevista no art. 5, parágrafo 1º, alínea “b” do Estatuto de Roma. Q3. Espera-se que o (a) candidato (a) apenas elenque a espécie “crimes de guerra”, prevista no art. 5, parágrafo 1º, alínea “c” do Estatuto de Roma. Q4. Espera-se que o (a) candidato (a) apenas elenque a espécie “crime de agressão”, prevista no art. 5, parágrafo 1º, alínea “d” do Estatuto de Roma. Q5. Espera-se que o (a) candidato (a) cite 4 (quatro) exemplos de condutas ou atos criminosos previstos no Estatuto de Roma, ou seja, 1 (um) exemplo para cada uma das 4 (quatro) espécies de crimes da competência do Tribunal Penal Internacional (TPI). Q6. Espera-se que o (a) candidato (a) desenvolva o argumento segundo o qual o Tribunal Penal Internacional (TPI), em harmonia com o art. 25 do Estatuto de Roma, tem competência para responsabilizar apenas os indivíduos (pessoas físicas), criminal e diretamente, pelos crimes previstos no art. 5 do Estatuto de Roma. Q7. Espera-se que o (a) candidato (a) discorra a respeito da exclusão da jurisdição do Tribunal Penal Internacional (TPI) quanto às pessoas que, à data da alegada prática do crime, não tenham ainda completado 18 anos de idade, conforme o art. 26 do Estatuto de Roma. 6Q8. Espera-se que o (a) candidato (a) assinale a possibilidade jurídica de adiamento de determinado inquérito e procedimento criminal, no sentido de que nem um inquérito ou procedimento crime poderá ter início ou prosseguir os seus termos mediante requisição do Conselho de Segurança das Nações Unidas (CSNU), segundo art. 16 do Estatuto de Roma. Q9. Espera-se que o (a) candidato (a) indique o fundamento jurídico de eventual solicitação pelo Conselho de Segurança das Nações Unidas (CSNU), qual seja, Resolução aprovada nos termos do disposto no Capítulo VII da Carta das Nações Unidas, segundo art. 16 do Estatuto de Roma. Q10. Espera-se que o (a) candidato (a) aponte o prazo (período) de 12 meses a contar da data em que o Conselho de Segurança assim o tiver solicitado em Resolução aprovada nos termos do disposto no Capítulo VII da Carta das Nações Unidas, podendo o pedido ser renovado pelo Conselho de Segurança das Nações Unidas (CSNU), em conformidade com o art. 16 do Estatuto de Roma. Será avaliada a capacidade do candidato de estabelecer uma tese e sustentá-la coerentemente. A avaliação seguirá o critério comparativo (i.e.). A avaliação individual será feita de acordo com a comparação do nível de outros exercícios. Nesse sentido, embora o candidato possa ter respondido de forma correta, abrangendo os requisitos anteriormente indicados, sua nota poderá ser menor do que a atribuída a outros que fizerem o exercício com maior qualidade intelectual, acadêmica e formal.",
    "Candidatos": [
        {
            "Nome": "Aline Freitas",
            "Inicio_candidato": 15161,
            "Inicio_redação": 15240,
            "Nota": 16.5,
            "Redação": "As quatro espécies de crimes da competência do TPI são o crime de genocídio, o crime contra a humanidade, o crime de guerra e o crime de agressão. O crime de genocídio é o ataque direcionado a um grupo étnico ou religioso com o objetivo explícito de aniquilá- lo, como foram o holocausto e o genocídio de Ruanda. Os crimes contra humanidade são ataques generalizados a uma população com o objetivo de causar grave dano à integridade física e mental ou à vida. Os crimes de guerra são aqueles que acontecem no contexto de conflitos armados e que violam os princípios e normas do direito humanitário, como o ataque a hospitais de campanha e o uso de escudos humanos. O crime de agressão é o que foi definido mais recentemente e refere-se à qualquer violação da integridade territorial de um Estado por meio do uso da força. A possibilidade de o TPI julgar e responsabilizar Estados por crimes contra a humanidade foi aventada ao longo dos travaux préparatoires, mas não prosperou. Os Estados possuem responsabilidade internacional objetiva em relação aos danos causados, mas não estão sujeitos à responsabilização penal. Os responsabilizados pela agressão serão os chefes de estado e os chefes militares que idealizaram e praticaram a ação. Aqueles que, como Cançado Trindade, defendem a possibilidade de responsabilização criminal do Estado justificam sua posição com a ideia de que o Direito internacional não deve ser regido por uma raison d’état, mas sim por uma raison d’humanité. Aqueles que são contrários alertam para o perigo de transformar o “Estado criminoso” em pária e, assim, causar danos à população pelo incentivo, velado ou não, à xenofobia. Para que o TPI exerça sua jurisdição é preciso que se esgotem as vias jurídicas internas. Em vista da impossibilidade de julgar internamente, em muitos países, pessoas menores de 18 anos, elas são excluídas da jurisdição do TPI, em conformidade com as normas convencionais sobre os direitos das crianças. Há uma profunda cooperação entre o TPI e o Conselho de Segurança da ONU, que pode solicitar a instauração de inquérito ou seu aditamento. O CSNU é o órgão prioritário para tratar questões de paz e de segurança, caso algum inquérito do TPI tenha o potencial de colocar em risco alguma negociação em andamento no Conselho ou se sobrepuser a medidas adotadas no CSNU ele poderá ser suspenso por prazo indeterminado, enquanto durarem as circunstâncias que levaram à suspensão. Essa prerrogativa não deve, contudo, ser usada para gerar impunidade. O direito penal internacional representa uma importante evolução no tratamento de crimes internacionais e na contenção da impunidade. A forma desproporcional que ele é usado contra nacionais de países africanos tem sido, recentemente, razão de protesto por esses países. A ratificação do Estatuto de Roma por mais países é necessária para garantir a universalidade dessa instância jurídica."
        },
        {
            "Nome": "Lucas Godoy",
            "Inicio_candidato": 8444,
            "Inicio_redação": 8517,
            "Nota": 19.5,
            "Redação": "O Tribunal Penal Internacional (TPI) tem jurisdição sobre quatro crimes: (a) o genocídio, quando é praticada uma conduta, como assassinato, com o objetivo de aniquilar, no todo ou em parte, grupo étnico, nacional, racial ou religioso; (b) o crime contra a humanidade, que consiste em uma série de condutas, como o apartheid, praticadas no contexto de um ataque generalizado ou sistemático a um grupo social; (c) o crime de guerra, que é uma violação grave às Convenções de Genebra de 1949 e a outros instrumentos que regulam os conflitos armados, e que pode se expressar, por exemplo, no ataque a locais de culto, escolas ou hospitais; (d) o crime de agressão, que é o ataque armado de um Estado contra a soberania, a integridade territorial ou a independência política de outro estado e pode se expressar, por exemplo, no bombardeio ou no bloqueio a portos. A jurisdição do TPI recai somente sobre indivíduos, em complementariedade às jurisdições nacionais. Nesse sentido, não é possível ao tribunal julgar e responsabilizar criminal e diretamente um estado, nos termos do art. 25 de seu Estatuto. No caso dos crimes contra a humanidade, além dos elementos materiais e do elemento sistemático, é necessário que o ataque generalizado se dê no quadro de um estado ou organização. Assim, embora a presença de uma política de estado seja importante para caracterizar o crime contra a humanidade, não é possível julgar estados no TPI.8De acordo com o art. 26 do Estatuto do TPI, o Tribunal só poderá exercer sua jurisdição sobre indivíduos com mais de dezoito anos. A exclusão da jurisdição do órgão em relação à idade dos indivíduos é uma adequação das normas do regime penal internacional à Convenção sobre os Direitos da Criança, assinada em 1991 [NOTA DO AUTOR: a convenção foi assinada em 1989 e entrou em vigor em 1990], no âmbito da ONU. Esse documento garante aos menores de 18 anos procedimentos penais diferenciados, com o objetivo de ressocialização da criança em conflito com a lei. As garantias processuais específicas às crianças e as disposições sobre o cumprimento da pena não seriam compatíveis com os mecanismos previstos no Estatuto de Roma. O artigo 16 do Estatuto de Roma permite que o CSNU solicite a suspensão de um inquérito ou de um procedimento criminal em curso, para que o Conselho exerça suas atribuições relativas à solução de controvérsias que possam representar ameaça à paz e à segurança internacionais, seja por meio do capítulo 6 ou 7 [NOTA DO AUTOR: de acordo com o art. 16 do ETPI, a resolução deve ser aprovada nos termos do capítulo VII]. A suspensão requerida pelo CSNU pode durar até um ano, nos termos do art. 16. Na década de 2000, os Estados Unidos patrocinaram seguidas resoluções que requeriam a exclusão de cidadãos norte-americanos da jurisdição do TPI pelo prazo de um ano. A recorrência da resolução suscitou desgaste diplomático e, a partir de 2004, os EUA passaram a assinar acordos bilaterais com outros países proibindo a entrega de norte-americanos ao TPI. Dessa forma, estaria excluída a jurisdição do tribunal, uma vez que o Estatuto de Roma prevê que o estado-parte não está obrigado a entregar um indivíduo ao TPI caso essa entrega viole normas sobre imunidades vigentes para a parte. De todo modo, o art. 16 garante ao CSNU a prerrogativa de suspender o andamento de inquérito ou procedimento, mas essa atribuição deve ser exercida com o objetivo de manter a paz e a segurança internacionais, função precípua do Conselho, em casos nos quais o adiamento seja necessário para que uma eventual controvérsia seja resolvida."
        },
        {
            "Nome": "Patrícia Camargo",
            "Inicio_candidato": 12093,
            "Inicio_redação": 12166,
            "Nota": 19.0,
            "Redação": "O Tribunal Penal Internacional, estabelecido pelo Estatuto de Roma, julga indivíduos acusados de praticar genocídio, crimes de guerra, crime contra a humanidade e crime de agressão (desde a emenda de Kampala, para fatos após 2018) em Estados partes ou quando o indivíduo acusado é nacional de um Estado parte. A competência também pode ser estabelecida de forma “ad hoc”. O genocídio é a tentativa de exterminar um grupo no todo ou em parte (elementos objetivo e subjetivo), como verificado em Ruanda na década de 1990. Crimes de guerra são aqueles das Convenções de Genebra de 1949 contra prisioneiros de guerra, médicos, instituições hospitalares (destruição de hospitais, como na Iugoslávia na década de 1990). Crimes contra a humanidade são ações de violência contra populações de forma sistemática e autorizado pela autoridade, como a tortura e os desaparecimentos forçados na América Latina nas décadas de 1960 e 1970. Já o crime de agressão, prescrito em Kampala e em resolução da ONU, é invasão de território, ataque a embarcações oficiais, entre outros. Estados não podem ser responsabilizados por crimes contra a humanidade no TP, embora sejam praticados por autoridades. Isso porque o TPI só julga indivíduos, sempre maiores de 18 anos e nunca “n absentia”, que vão ao TP por meio da entrega, que não se confunde com a extradição. A jurisdição do TPI é subsidiária e complementar (ne bis in idem), exceto em caso de “sham trial”. A pena máxima é de 30 anos, mas pode ser, excepcionalmente, perpétua. A obediência a ordens não afasta a responsabilidade dos indivíduos acusados, nem a qualidade de oficial (princípios inspirados no tribunal de Nuremberg). O CSONU pode solicitar o adiamento de inquérito ou procedimento criminal ao TPI pelo prazo de doze meses em função de sua competência, pela Carta da ONU, de manutenção da paz. A delegação do Quênia chegou a solicitar ao CSONU o adiamento de inquérito envolvendo seu nacional, mas o órgão não aceitou a solicitação. Como, pelo artigo 103 da Carta da ONU, a Carta prevalece sobre outras normas internacionais, resolução do CSONU poderiam prevalecer sobre os procedimentos prescritos no Estatuto de Roma. O CSONU também tem competência para encaminhar ao TPI casos envolvendo indivíduos de Estados que não são parte do Estatuto e que não praticaram crimes em Estados partes do Estatuto. Isso porque questões de paz são preferencialmente tratados pelo CSONU (Carta da ONU), o que também fundamenta a possibilidade de suspensão do inquérito. O caso Lockerbie, julgado pela CIJ, sedimentou o entendimento que prevalece a Carta da ONU frente outras obrigações internacionais, tratando da superioridade das resoluções do CSONU. Assim, não há responsabilidade penal de Estados, de modo que apenas indivíduos são julgados pelo TPI. Este, formado por nove juízes a título pessoal e o procurador, recebe denúncias de países parte e do CSONU. São respeitados os princípios da legalidade, devido processo egal e proporcionalidade, por exemplo."
        },
        {
            "Nome": "Pedro Guilherme",
            "Inicio_candidato": 5638,
            "Inicio_redação": 5727,
            "Nota": 20.0,
            "Redação": "A competência ratione materiae do TPI abarca quatro espécies de crime: crimes de genocídio, de guerra e contra a humanidade, estabelecidos pelo Estatuto de Roma; e crimes de agressão, estabelecidos pelas Emendas de Kampala. Conduta criminosa relativa ao crime de genocídio é, a título de exemplo, o estabelecimento de medidas que impeçam determinado grupo de pessoas de gerar descendentes. Ato criminoso que diz respeito a crime de guerra seria o ataque a civis ou o uso de armas proscritas. Por sua vez, crimes contra a humanidade são caracterizados pela ação sistemática, geral ou localizada, que, intencionalmente, ocasiona graves danos físicos ou psicológicos à população civil, como é o caso da prática de tortura. Já os crimes de agressão são aqueles que violam o princípio da não agressão e o respeito à soberania estatal e à integridade territorial. É importante ressaltar que, no caso de crime de genocídio, o grupo de pessoas vitimadas torna-se alvo por suas distinções raciais, étnicas ou religiosas, por exemplo. O TPI não é capaz de julgar e responsabilizar Estados criminalmente, e sua competência ratione personae abarca apenas pessoas físicas. Ele possui jurisdição complementar àquela dos Estados, e atua a pedido dos Estados ou face a possível conduta omissiva de suas partes. Caso seja necessário, o TPI pode demandar a entrega de nacional para que seja processado e julgado, uma 7vez que a presença do réu é condição para o prosseguimento do caso. O Brasil, particularmente, submete-se constitucionalmente à jurisdição do TPI, obrigando-se, caso demandado, a efetuar eventual entrega. No que se refere à idade dos indivíduos, o TPI não tem jurisdição para julgar pessoas que não apresentam maioridade penal, fixada em 18 anos. Paralelamente, existe a possibilidade de levar em consideração, para o exercício de sua jurisdição, para o prosseguimento do caso e para a definição do julgamento, idade avançada de indivíduos, na medida em que pode haver necessidades especiais de saúde, a partir de ótica humanitária. O CSNU é um dos legitimados para levar casos ao TPI, assim como os Estados partes e o Promotor do Tribunal. O CSNU pode, ainda, solicitar o adiamento de determinado inquérito ou procedimento criminal ao TPI, com fundamento jurídico em resolução de sua parte, conforme o Estatuto de Roma, pelo prazo máximo de 12 meses. O CSNU tem primazia na ação para manutenção da paz e segurança internacionais a partir de suas resoluções embasadas nos capítulos VI e VII da Carta da ONU, e, na década de 1990, estabeleceu tribunais penais ad hoc para a ex- Iugoslávia e para Ruanda, prática validada pela CIJ no Caso Tadic (1997) e que se prolonga, atualmente, por meio de seu Mecanismo Residual."
        },
        {
            "Nome": "Anônimo",
            "Inicio_candidato": 18136,
            "Inicio_redação": 18192,
            "Nota": 13.5,
            "Redação": "O único tribunal penal em funcionamento na atualidade é o TPI. No passado, os tribunais de Nuremberg, de Tóquio, de Ruanda e da Ex- Iugoslávia já haviam responsabilizado indivíduos criminalmente por meio do exercício da jurisdição internacional. O art. 5º do Estatuto de Roma estabelece a competência do TPI para julgar os crimes de guerra (ex.: estupro coletivo), crimes contra a humanidade (ex.: escravidão), crime de genocídio (ex.: não punição de civis que atentem contra a vida e integridade de pessoas de grupo étnico específico, como no genocídio de Ruanda dos anos 1990) e crime de agressão (ex.: envio de tropas militares a país estrangeiro sem autorização deste). As Emendas de Campala, que entraram em vigor em 2018, regulam a responsabilização pelo crime de agressão. O TPI somente julga indivíduos, em oposição à CIJ, que somente julga Estados. Decisões do TPI até chegaram a atingir presidentes em exercício, como no caso do sudanês Omar al- Bashir. O TPI não tem jurisdição, contudo, para julgar indivíduos de idade muito avançada, pois, devido às limitações decorrentes da idade, esses indivíduos deixaram de oferecer risco à paz e à segurança internacionais. O direito penal, como ultima ratio, tem como objetivo principal a proteção da sociedade, em detrimento da vingança contra o criminoso. O TPI segue o princípio da complementariedade, na medida em que só exerce sua jurisdição sobre crime grave, que ameace a paz e a segurança internacionais e que já não tenha sido julgado (ou esteja em julgamento) por tribunais internos efetivos. Ele se destina a evitar a impunidade de indivíduos que controlam as instâncias judiciais em seus países de origem, graças a fatores políticos, econômicos ou hierárquicos. Nesse contexto, o TPI dialoga com o CSNU, órgão máximo na definição do que, efetivamente, constitui ameaça à paz e segurança. O art. 16 do Estatuto de Roma chega a prever a possibilidade de que o CSNU solicite o adiamento de inquérito ou de procedimento criminal ao TPI, sob o fundamento de que ainda não foi definido se o crime cometido ensejou ameaça à paz com repercussão internacional, pelo prazo máximo de 3 meses. O procedimento padrão do TPI começa com o inquérito instaurado pelo procurador do tribunal, de ofício, por denúncia de membro do Estatuto de Roma ou por denúncia do CSNU. Exige-se que o crime tenha sido cometido após 2002, por nacional de Estado parte do Estatuto de Roma ou no território de um. Nos crimes de agressão, é necessário que o crime seja posterior a 2018 e que o acusado seja nacional de e tenha praticado o crime em Estado que ratificou as Emendas de Campala. Todas essas exigências não se sustentam em caso de indicação direta do indivíduo para o procurador do TPI pelo CSNU."
        }
    ]
}