{
    "Nota Máxima": 20.0,
    "Nota Média": 11.5,
    "Menor Nota": 6.0,
    "Pergunta": "Sua Alteza a Princesa Imperial do Brasil, Regente em nome do Imperador o Senhor D. Pedro II, e a República do Paraguai, estando de acordo em assinalar seus respectivos limites, convieram em declará-los, defini-los, e reconhecê-los do modo seguinte: o território do Império do Brasil divide-se com a República do Paraguai pelo álveo do rio Paraná, desde onde começam as possessões brasileiras na foz do Iguaçu até o Salto Grande das Sete Quedas do mesmo rio Paraná; do Salto Grande das Sete Quedas continua a linha divisória pelo mais alto da Serra de Maracaju até onde ela finda; daí segue em linha reta, ou que mais se lhe aproxime, pelos terrenos mais elevados a encontrar a Serra Amambaí; prossegue pelo mais alto desta serra até a nascente principal do rio Apa, e baixa pelo álveo deste até a sua foz na margem oriental do rio Paraguai; todas as vertentes que correm para Norte e Leste pertencem ao Brasil e as que correm para o Sul e Oeste pertencem ao Paraguai. A Ilha do Fecho dos Morros é domínio do Brasil. (Tratado de Limites, celebrado entre Brasil e Paraguai, no Rio de Janeiro, em 9 de janeiro de 1872, art. 1º). Se acontecer (o que não é de esperar) que uma das altas partes contratantes, por qualquer motivo que seja, deixe de nomear o seu comissário dentro do prazo acima marcado, ou que, depois de nomeá-lo, sendo mister substituí-lo, o não substitua dentro de igual prazo, o comissário da outra parte contratante procederá à demarcação, e esta será julgada válida, mediante a inspeção e parecer de um comissário nomeado pelos governos da República Argentina e da República Oriental do Uruguai. (Tratado de Limites, celebrado entre Brasil e Paraguai, no Rio de Janeiro, em 9 de janeiro de 1872, art. 2º, pri- meira parte). Da confluência do rio Apa, no rio Paraguai, até a entrada ou desaguadouro da Baía Negra, a fronteira entre os Estados Unidos do Brasil e a República do Paraguai é formada pelo álveo do rio Paraguai, pertencendo a margem esquerda ao Brasil e a margem direita ao Paraguai. (Tratado de Limites Complementar, celebrado entre Brasil e Paraguai, no Rio de Janeiro, em 21 de maio de 1927, preâmbulo, art. 1º). Além da ilha do Fecho dos Morros, que é brasileira, conforme ficou estipulado na parte final do artigo 1o do Tratado de Limites de 9 de janeiro de 1872, pertencem, respectivamente, aos Estados Unidos do Brasil ou ao Paraguai, 3as demais ilhas que fiquem situadas do lado oriental ou do lado ocidental da linha de fronteira, determinada pelo meio do canal principal do rio, de maior profundidade, mais fácil e franca navegação, reconhecido no momento da demarcação, segundo os estudos efetuados. Uma vez feita a distribuição geral das ilhas, elas só poderão mudar de jurisdição por acessão à parte oposta. As ilhas que se formarem posteriormente à data da distribuição geral das mesmas serão denunciadas por qualquer das partes contratantes e se fará a sua adjudicação de acordo com o critério estabelecido no presente artigo. (Tratado de Limites Complementar, celebrado entre Brasil e Paraguai, no Rio de Janeiro, em 21 de maio de 1927, preâmbulo, art. 2º). As Altas Partes Contratantes convêm em realizar, em comum e de acordo com o previsto no presente Tratado e seus Anexos, o aproveitamento hidrelétrico dos recursos hídricos do rio Paraná, pertencentes em condomínio aos dois países, desde e inclusive o Salto Grande de Sete Quedas ou Salto de Guaíra até a foz do rio Iguaçu. (Tratado de Itaipu, celebrado entre Brasil e Paraguai, em Brasília, em 26 de abril de 1973, art. 1º). A República Federativa do Brasil reconhece o domínio territorial e a soberania da República do Paraguai sobre a ilha denominada “Isla Margarita”, pelo Paraguai, e conhecida até agora como ilha de Porto Murtinho, ou Banco das Três Barras, pelo Brasil, de coordenadas aproximadas vinte e um graus, quarenta e um minutos, vinte e sete segundos e três décimos de Latitude Sul (21º 41’ 27.3” S) e cinquenta e sete graus, cinquenta e três minutos, vinte e três segundos e seis décimos de Longitude Oeste (057º 53’ 23.6” W). (Protocolo Adicional ao Tratado de Limites Comple - mentar, celebrado entre Brasil e Paraguai, em Assun- ção, em 4 de dezembro de 1975, art. 1º).A República do Paraguai reconhece o domínio territorial e a soberania da República Federativa do Brasil sobre a ilha denominada ilha do Chapéu, pelo Brasil, e conhecida até agora como “Isla Del Sombrero”, pelo Paraguai, de coordenadas geográficas aproximadas vinte graus, trinta e três minutos, trinta e oito segundos e nove décimos de Latitude Sul (20º 33’ 38” S) e cinquenta e oito graus de Longitude Oeste (058º 00’ 00.0” W). (Protocolo Adicional ao Tratado de Limites Comple - mentar, celebrado entre Brasil e Paraguai, em Assun- ção, em 4 de dezembro de 1975, art. 2º). Considerando que os excertos normativos apresentados têm caráter meramente motivador, redija um texto dissertativo a respeito da aplicação dos tratados concernentes à delimitação territorial e ao aproveitamento fluvial, que vinculam o Brasil ao Paraguai. Aborde, necessariamente, os seguintes tópicos: explanação acerca dos pressupostos da personalidade jurídica do Estado, vinculando-os ao Brasil, quando da celebração do Tratado bilateral de 1872, tendo em vista o seu art. 1º; definição, diferenciação e indicação dos critérios de delimitação territorial e aproveitamento hídrico utilizados pelo Brasil e pelo Paraguai nos Tratados bilaterais de 1872, 1927, 1973 e 1975; definição, diferenciação e indicação dos critérios de delimitação territorial e aproveitamento hídrico utilizados pelo Brasil e pelo Paraguai nos Tratados bilaterais de 1872, 1927, 1973 e 1975; análise da possibilidade de modificação de dispositivos do Tratado bilateral de 1973 em razão do princípio da utilização equitativa como obrigação jurídica ambiental.",
    "Padrão de Resposta": "Q1. Espera-se que o candidato seja capaz de identificar e dissertar a respeito da distinção entre a personalidade jurídica do Estado e a do seu representante. A personalidade jurídica do Estado é originária. Logo, todo Estado tem capacidade para celebrar tratados por meio de seu representante, que é, em regra, o chefe de Estado, mas pode ser um plenipotenciário (REZEK, 2018, pp. 60-61). No art. 1o, mencionam-se como partes do tratado o imperador D. Pedro II e a República do Paraguai, o que pode induzir que se trata de um instrumento celebrado entre uma pessoa física e um Estado. Q2. Espera-se que o candidato seja capaz de identificar e dissertar quanto aos elementos constitutivos do Estado, isto é, o que faz com que um Estado seja um sujeito de Direito Internacional. A personalidade internacional originária do Estado ostenta três elementos conjugados: base espacial territorial, comunidade humana nacional, forma e governo independente (REZEK, 2018, p. 201). É importante que o candidato faça uma análise individualizadas desses três elementos. Q3. Espera-se que o candidato seja capaz de identificar e dissertar acerca dos aspectos jurídicos da delimitação territorial como condição de igualdade entre Estados nacionais, tendo em vista que o exercício da soberania só se realiza especialmente até a fronteira com os vizinhos. Isso faz com que seja, muitas vezes, complexa a fixação dos limites espaciais do exercício da soberania ou de direitos soberanos. (MAZUOLLI, 2020, p. 429). Para tanto, a celebração de tratados de delimitação territorial é necessária. (MAZUOLLI, 2020, p. 431). 5Q4. Espera-se que o candidato seja capaz de identificar e dissertar com relação à delimitação territorial fluvial. Quando a fronteira entre Estados ribeirinhos é representada por cursos d’água, as controvérsias são ainda mais complexas. Sendo assim, alguns critérios têm sido utilizados pelos Estados, que compartilham cursos d’água internacionais. Espera- se que o candidato descreva os seguintes critérios: (i) critério de “uma das margens”, que corresponde à nacionalização do curso d’água contíguo, i.e., este encontra-se integralmente no território de um dos Estados ribeirinhos; (ii) critério do “condomínio”, segundo o qual o curso d’água é internacionalizado pelos Estados Partes do tratado internacional de delimitação; (iii) critério da “equidistância”, por meio do qual traça-se uma linha mediana entre as margens do curso d’água; (iv) critério do “talvegue”, segundo o qual a linha fronteiriça se confunde com o canal mais profundo do curso d’água internacional (MAZZUOLI, 2020, p. 432). Q5. Espera-se que o candidato seja capaz de identificar e dissertar a respeito dos critérios adotados por Brasil e Paraguai nos Tratados de 1872, 1927, 1973 e 1975. No primeiro, as partes adotaram dois critérios: (i) “talvegue”, no trecho que segue o álveo do Rio Paraná, da foz do Iguaçu até o Salto Grande das Sete Quedas; (ii) “talvegue” e “uma das margens” do trecho que vai da nascente principal do Rio Apa, até a sua foz na margem oriental do Rio Paraguai. No Tratado de 1927, adotou- se o critério do talvegue. No tratado de 1973, foi a vez do critério do condomínio. Por fim, no Tratado de 1975, legitimou- se um critério diferente dos quatro indicados no Q4, que corresponde a coordenadas geográficas por meio de georreferenciamento. Q6. Espera-se que o candidato seja capaz de identificar e dissertar quanto à possibilidade jurídica de criação de obrigação convencional para terceiros Estados. Nos termos do art. 36 da Convenção de Viena sobre o Direito dos Tratados, adotada em 1969, é possível que um tratado internacional crie direito a um Estado terceiro, i.e., Estado não parte, quando as partes do tratado têm a intenção de criar tal direito e o Estado terceiro, por sua vez, aceita-o de modo expresso ou tácito (AMARAL JÚNIOR, 2015, p. 75). Q7. Espera-se que o candidato seja capaz de identificar e dissertar acerca do fato de que, por meio do Tratado de 1872, Brasil e Paraguai, no art. 2, preveem o direito de a Argentina e o Uruguai inspecionarem e opinarem acerca da demarcação entre Brasil e Paraguai por intermédio de um comissário nomeado por tais Estados terceiros. Tais direitos só vão ser adquiridos em caso de consentimento pelo Uruguai e Argentina. Por este motivo, o mesmo artigo, em sua parte final, determina que “Se os ditos governos [da Argentina e do Uruguai] não puderem aceder à solicitação que para esse fim lhes será dirigida, começará ou prosseguirá a demarcação, da fronteira, da qual será levantado por duplicada um mapa individual com todas as indicações e esclarecimentos precisos para ser um deles entregue à outra parte contratante, ficando a esta marcado o prazo de seis meses para mandar, se assim lhe convier, verificar a sua exatidão”. Q8. Espera-se que o candidato seja capaz de identificar e dissertar a respeito da consolidação de um novo direito internacional dos cursos d’água, favorecido pela Declaração de Estocolmo (1972) e pela Declaração do Rio de Janeiro (1992), que culminaram na Convenção das Nações Unidas sobre Cursos d’Água, celebrada em 61997. Este novo direito internacional dos cursos d’água implica a obrigação de utilização equitativa, que é considerado um princípio do direito internacional (BIRNIE; BOYLE; REDGWELL, 2009, pp. 540-541). Nos termos do art. 38 do Estatuto da Corte Internacional de Justiça, são fontes do direito internacional os princípios gerais do direito (ACCIOLY; NASCIMENTO E SILVA; CASELLA, 2009, p. 122). Q9. Espera-se que o candidato seja capaz de identificar e dissertar acerca do fato de que o equilíbrio entre considerações econômicas e ambientais deve ser feito a partir da consolidação do princípio do desenvolvimento sustentável em meados dos anos de 1980. Desde a década anterior, tem-se reconhecido de modo amplo e geral a obrigação de preservação ambiental quando da aplicação de um tratado internacional em vigor anteriormente (LEE, 2007, p. 283). Existindo essa obrigação, cujos efeitos são erga omne, o Brasil e o Paraguai se vinculam por meio dela. Q10. Espera-se que o candidato seja capaz de identificar e dissertar em relação ao fato de que o Tratado bilateral de 1973, celebrado entre Brasil e Paraguai, deve ser cumprido pelas partes levando-se em conta a obrigação geral de não causar dano ambiental significativo ao Estados vizinhos ou em espaços fora de jurisdição nacional (BIRNIE; BOYLE; REDGWELL, 2009, p. 549). Desta forma, é possível que, quando da aplicação do Tratado de 1973, haja conflito entre a norma convencional e o princípio, aquela devem ser hermeneuticamente modificada para se adequar ao princípio (MAZZUOLI, 2020, p. 86). Será avaliada a capacidade do candidato de estabelecer uma tese e sustentá-la coerentemente. A avaliação seguirá o critério comparativo (i.e.). A avaliação individual será feita de acordo com a comparação do nível de outros exercícios. Nesse sentido, embora o candidato possa ter respondido de forma correta, abrangendo os requisitos anteriormente indicados, sua nota poderá ser menor do que a atribuída a outros que fizerem o exercício com maior qualidade intelectual, acadêmica e formal.",
    "Candidatos": [
        {
            "Nome": "Andrea Kakitani",
            "Inicio_candidato": 13923,
            "Inicio_redação": 13993,
            "Nota": 18.0,
            "Redação": "Os elementos constituidores de um Estado são listados na Convenção de Montevidéu de 1933: população permanente, território delimitado, governo constituído e capacidade de relacionar-se com outros Estados. Entende-se que o reconhecimento da personalidade jurídica do Estado é ato meramente declaratório. Quando da celebração do Tratado bilateral de 1872, o Brasil tinha população permanentemente instalada em seu território, delimitado por acordos territoriais da época da Colônia e do Império, e um governo soberano, sendo d. Pedro II o Chefe de Estado brasileiro, encarregado de representar o país nas relações com outros Estados. A Princesa Regente, a qual assinou o tratado em nome do Imperador, estava habilitada a realizar atos internacionais, representando o Império brasileiro, pelos poderes que lhe foram concedidos por d. Pedro II. Desse modo, não houve vícios na celebração do tratado. Nos tratados de 1872 e 1927, o critério utilizado para a delimitação territorial foram as fronteiras naturais: no primeiro, os rios Paraná, Apa e Paraguai foram usados para determinar os limites internacionais; no segundo, recorreu-se ao Paraguai. Esse método facilita a demarcação fronteiriça. Também no tratado de 1927, observa-se o critério de distribuição geral das ilhas formadas no rio Paraguai, cuja jurisdição só mudaria por consequências naturais (acessão). No tratado de 1973, o critério para a delimitação territorial e o aproveitamento hídrico foi a soberania compartilhada dos recursos hídricos do rio Paraná, com a formação de um condomínio entre os países. No tratado de 1975, Brasil e Paraguai realizaram compensação territorial, reconhecendo o domínio da “Isla Margarita” pelo Paraguai e o domínio da ilha do Chapéu pelo Brasil. Trata-se de casos de anexação parcial de território. No art. 2º do Tratado bilateral de 1872, Brasil e Paraguai criaram direitos convencionais para a Argentina e o Uruguai (Estados terceiros), os quais poderiam nomear um comissário para a inspeção e parecer de demarcação territorial e realizada pelo comissário de apenas uma das partes. Como regra geral, os direitos e obrigações criados em favor de Estados terceiros não os vinculam, pois, no direito internacional, impera a doutrina voluntarista. Seria necessária, assim, a manifestação de consentimento dos Estados que não participaram da negociação do tratado. Contudo, há tratados que geram efeitos para terceiros, como os tratados territoriais. No caso do tratado de 1872, Argentina e Uruguai teriam que consentir com o acordo para exercer seus direitos e não são juridicamente obrigados a cumprir o texto do art. 2º. Os dispositivos do Tratado bilateral de 1973 poderiam ser modificados pelo princípio da utilização equitativa como obrigação jurídica ambiental. À luz do Direito Ambiental, os Estados não podem fazer uso de recursos compartilhados de modo que outros países sejam afetados sem prévia consulta a esses países. Além disso, recursos fronteiriços devem ser utilizados de modo comum e sustentável. O uso não equitativo dos recursos pode 8resultar na responsabilização do Estado. Considerando que o Tratado de 1973 afetava os recursos hídricos argentinos, o princípio em discussão demandaria a inclusão da Argentina nas negociações. Isso foi realizado com o Acordo Tripartite de 1979."
        },
        {
            "Nome": "Luiza Valladares",
            "Inicio_candidato": 17287,
            "Inicio_redação": 17358,
            "Nota": 16.0,
            "Redação": "No Direito Internacional, a personalidade jurídica do Estado é plena (têm todas as capacidades), originária e objetiva (reconhecida ipso facto). Segundo os costumes e a Convenção de Montevidéu de 1933, a existência dos Estados pressupõe governo efetivo, independência jurídica, população permanente e território definido, ainda que sujeito a alterações. O Tratado de 1872 foi celebrado entre a República do Paraguai e o Império do Brasil. A transição brasileira para a República, em 1889, não afetou as relações jurídicas. Em primeiro lugar, porque os pressupostos da personalidade objetiva do Brasil foram mantidos, apesar da transição de governo (o reconhecimento de governo não é pressuposto de existência do Estado). Em segundo lugar, porque segundo os costumes refletidos na Convenção de Viena sobre Sucessão de Estados em matéria de Tratados (de 1978, ratificada pelo Brasil em 2020 [sic: ratificada em 2019, promulgada em 2020]), consagra-se a sucessão automática de tratados territoriais, em consonância com o princípio da aplicação territorial e da intangibilidade de fronteiras. Diferentes critérios de delimitação territorial e aproveitamento hídrico foram usados nos Tratados de 1872, 1927, 1973 e 1975. Tradicionalmente, usa-se o critério dos limites naturais, segundo o qual as fronteiras são definidas a partir de marcos geológicos ou hídricos, como rios (Rio Paraná, 1872), serras (de Maracaju, 1927), ilhas (Fecho do Morros, 1927 – e Margarita, 1975). O 9critério do uti possidetis (ocupação efetiva) também foi largamente usado. O condomínio territorial, segundo o qual os dois países exercem soberania paralelamente sobre um território e seus recursos, foi usado em 1973 para o aproveitamento hídrico da região das Sete Quedas. A demarcação por critérios de georreferenciamento, em que se faz uso de coordenadas geográficas para a delimitação precisa, foi usado em 1975. O art. 2º do Tratado de 1872 cria a prerrogativa, para a Argentina e para o Uruguai, de nomear comissários para o julgamento da demarcação entre Brasil e Paraguai. Segundo a Convenção de Viena sobre o Direito dos Tratados de 1969, é possível criar direitos para terceiros, desde que estejam previstos por escrito e que não tragam ônus, salvo quando o tratado cria situações jurídicas objetivas. Pode-se, também, criar obrigações, desde que sejam aceitas pelo terceiro. A exigibilidade do cumprimento no disposto no art. 2º do Tratado de 1872 _condiciona-se, portanto, à aceitação dessa incumbência pela Argentina e pelo Uruguai, na condição de terceiros Estados, já que não integram o Tratado de 1872, e tanto a CVDT de 1969, quanto os costumes vedam [sic: estabelecem, não?] o pacta tertiis. Os tratados, esclarece-se, vinculam apenas os signatários. O princípio da utilização equitativa não é uma obrigação jurídica ambiental absoluta. Por tratar-se de princípio, deve ser sopesado diante da existência de outras normas, no caso concreto. Se, por um lado, a utilização equitativa preconiza o aproveitamento proporcional e comum, por outro, o Direito Internacional reconhece princípios como a soberania sobre recursos e a aplicação territorial dos tratados. No caso do Tratado de 1973, estabeleceu-se condomínio para o aproveitamento conjunto dos recursos hídricos da região do Salto das Sete Quedas. Em que pesem as considerações anteriores, a própria noção de condomínio comporta uma interpretação favorável à aplicação do princípio da utilização equitativa. É o que se verifica no caso concreto: com efeito, o Tratado de 1973 criou a Itaipu Binacional, que faz a gestão da energia elétrica produzida, distribuindo igualmente seus benefícios entre os dois países. A noção de equidade,"
        },
        {
            "Nome": "Otávio Forattini",
            "Inicio_candidato": 24805,
            "Inicio_redação": 24884,
            "Nota": 11.5,
            "Redação": "A Conferência Americana de Montevidéu de 1933 gerou entendimento que se generalizou no direito internacional público a respeito do surgimento do Estado enquanto novo ator internacional. O Estado estaria condicionado a demonstração de efetivo domínio sobre um território, de população fixa e capacidade soberana externa e interna, podendo se fazer representar. Disputas territoriais, à luz do direito internacional, não infringem no reconhecimento do Estado enquanto tal. Em 1872, entretanto, quando da assinatura do Tratado de Limites com o Paraguai, a figura do Estado estava diretamente ligada ao soberano, no caso brasileiro, que se organizava em sistema monárquico. A personalidade jurídica internacional do Estado se realizava na figura do soberano, que era legítimo para o estabelecimento de fronteiras e de relações com os demais Estados na seara internacional. Em específico nas delimitações com o Paraguai, os dois países desenvolveram os métodos de delimitação acompanhando as evoluções tecnológicas. Se em primeiro momento, em 1872, a demarcação era realizada por comissários à luz de determinações imprecisas, seguindo nascentes de rio e formações de relevos de acordo com traçados gerais, o Tratado Complementar de 1927 evoluiu em critérios de delimitação. Possibilitou-se a indicação precisa do início e término da via fluvial utilizada 2para demarcação, incluindo-se ainda estudos científicos de demarcação do meio do rio, o que proporcionou a divisão de ilhas. Em 1972, verifica- se o viés econômico presente, pelo desenvolvimento de técnicas para uso dos recursos hídricos com finalidade energética, demonstrando a complexificação da temática fronteiriça. No Protocolo Adicional de 1975 ao Tratado de 1927, o avanço científico é nítido na troca de domínios territoriais pela menção a coordenadas exatas espaciais para identificação das ilhas. A evolução dos critérios de delimitação territorial garante maior segurança jurídica sobre o tema, evitando futuras disputas. Em evidência da dificuldade de demarcação física enfrentada à época, o Tratado de 1872 previu a participação de Estados terceiros para auferição e aprovação de demarcação quando esta fosse realizada por apenas uma das partes, em caso de ausência de comissário da outra parte. Esse mecanismo objetivava garantir a segurança jurídica dos resultados do tratado às duas partes, de forma reduzir os riscos de questionamentos futuros. O cumprimento dos direitos dos Estados terceiros (Argentina e Uruguai, no caso em tela) dependeria, no entanto, necessariamente da acquiescência de ambos em participarem do Tratado, tendo em vista a soberania que lhes permite recursar obrigações às quais não se vincularam expressamente. O mais intenso debate jurídico assenta-se no Tratado de Itaipu, cuja revisão está prevista para o ano de 2023, o que demanda densa negociação jurídica. Pelas bases do Tratado, o domínio dos recursos hídricos é compartilhado pelos dois países. Entretanto, foi previsto que o Paraguai venderia seu aproveitamento hidrelétrico excedente ao Brasil por valor reduzido diante do maior financiamento brasileiro da usina e da maior demanda energética nacional. Entretanto, o princípio da utilização equitativa é utilizado pelo Paraguai visando a possibilidade de fixação autônoma de preços e venda para países terceiros de sua metade do aproveitamento de recursos hídricos. Esse posicionamento conforma o cerne da negociação acerca da renovação do Tratado, tendo ambas as partes argumentos jurídicos válidos para manutenção ou modificação dos dispositivos em questão."
        },
        {
            "Nome": "Vinícius Kuczera",
            "Inicio_candidato": 21036,
            "Inicio_redação": 21109,
            "Nota": 15.5,
            "Redação": "O costume internacional e tratados como a Convenção de Montevidéu sobre os Dtos e Obrigações dos Estados consolidaram que a existência de um território definido, população permanente, governo (exercício da jurisdição) e soberania estatal representa os elementos constitutivos de um Estado. A presença de tais pressupostos confere personalidade jurídica internacional ao ente estatal, de forma que reconhecimentos posteriores possuem natureza meramente declaratória. Além disso, o elemento “governo” engloba todo o poder público. Contudo, cabe a cada Estado decidir soberanamente quem o representará nas relações externas. No caso do Brasil imperial, tal competência cabia ao Imperador (chefe de Estado), que poderia atribui-la a outro indivíduo. Atualmente, tal prerrogativa cabe ao P. da República e vigora o princípio da função (a presidência representa o país nas relações internacionais via previsão constitucional – competência exclusiva), de modo que deixa de prevalecer o caráter personalista característico dos regimes monárquicos (o que leva o monarca – e não o Estado em si – a figurar como contratante). O tratado bilateral de 1872 entre Brasil e Portugal prevê uma fronteira seca entre ambos no rio Paraná, atribuindo soberania integral ao Brasil de suas águas (entendimento pátrio até os anos 1970, recusado pelo Paraguai). Já o tratado de 1927 prevê o critério da equidistância para delimitar a fronteira no rio Paraguai, de modo que cada país exerce soberania exclusiva sobre uma porção do rio (linha paralela às margens). O tratado de 1973 resolveu a controvérsia lindeira ao prever o exercício da soberania em condomínio no trecho indicado do rio Paraná. Por fim, o acordo de 1975 adotou um critério geográfico natural ao indicar especificadamente a quem pertence a soberania de cada ilha. Segundo a CVDT, um tratado internacional pode criar direitos para terceiros, sem o seu consentimento expresso, desde que tal direito fique claro no corpo do documento e não preveja contrapartidas (relativização do pacta tertiis). Tal previsão gera o direito ao terceiro Estado de exigir a sua efetivação (via reclamação) e não pode ser excluída arbitrariamente sem o seu consentimento. Contudo, também se faz necessário analisar o conteúdo da previsão e se houve, de fato, intenção de criar o referido direito. A análise do art. 2º do tratado bilateral de 1872 demonstra que tal comprovação resta pouco evidente, visto que Argentina e Uruguai são mencionados como espécie de mediadores/árbitros, de modo que as partes contratantes, de comum acordo, poderiam modificar a solução de controvérsias eleita sem a necessidade de consultar os governos argentino e uruguaio. O Tratado de Itaipu (1973) previu o aproveitamento hidrelétrico conjunto do rio Paraná por Brasil e Paraguai, países que exercem soberania partilhada sobre suas águas. Tal previsão encontra respaldo no DIP, como comprova o princípio do direito soberano à exploração dos recursos naturais nacionais presente nas Declarações de Estocolmo e do Rio de Janeiro. Tal direito também foi previsto no T. da Bacia do Prata. Contudo, o DIP também prevê o dever de não causar dados ambientais a outros Estados e de informar previamente países à jusante acerca 1de modificações realizadas no curso dos rios. Tais previsões coadunam-se com o dever de utilização equitativa, também expresso no T. da Bacia do Prata. Apesar desse princípio não constar expressamente no tratado de 1973, as suas previsões não o violaram, fato reforçado pela solução pacífica da controvérsia envolvendo a Argentina (tese da otimização de Corpus, T. Tripartite, 1979). Tal acordo, inclusive, poderia servir de base para interpretar o de 1973, segundo a CVDT."
        },
        {
            "Nome": "Anônimo",
            "Inicio_candidato": 28448,
            "Inicio_redação": 28501,
            "Nota": 6.0,
            "Redação": "Os Estados são sujeitos plenos e originários de DIP, possuindo capacidades jurídicas ilimitadas. Se, atualmente, a titularidade da personalidade jurídica do Estado brasileiro é exercida pela República Federativa do Brasil, em 1872, na ocasião da celebração do tratado bilateral com o Paraguai, ela era exercida pelo Imperador, no caso, representado pela Princesa Regente Isabel. A análise dos tratados bilaterais entre Brasil e Paraguai, em 1872, 1927, 1973 e 1975, concernentes à delimitação territorial e ao aproveitamento fluvial, mostra que os princípios e as definições de território e de aproveitamento hídrico se transformam ao longo do tempo. Em 1827, o objetivo era elencar elementos naturais que fundamentassem a demarcação da fronteira, com um paradigma de aproveitamento hídrico soberanista - cada um aproveita os recursos presentes em seu território. Em 1927, acordou-se um ajuste no critério de delimitação do instrumento anterior, complementando-o. O álveo do rio Paraguai continua a ser referência, mas são acrescentados critérios para identificar a qual território pertencem as ilhas fluviais, também fundamentados em elementos naturais. Abre-se, porém, a possibilidade de mudança de jurisdição por acessão à parte oposta. O critério soberanista continua presente no aproveitamento hídrico. Em 1973, mantêm-se os critérios de delimitação, mas o paradigma de aproveitamento hídrico é alterado, prevendo-se o aproveitamento hidrelétrico dos recursos hídricos do Paraná. Finalmente, em 1975, Brasil e Paraguai reconhecem, respectivamente, a soberania paraguaia da Isla Margarita e a soberania brasileira da ilha do Chapéu, em linha com o que dispõe o tratado de 1927. No DIP atual, é preciso utilizar a Convenção de Viena de 1969 para que se formule um parecer quanto ao art. 2° do tratado de 1872. A rigor, tratados são instrumentos baseados em uma lógica sinalagmática, criando direitos e obrigações apenas para suas partes. Em casos excepcionais, é possível que um tratado crie direitos para terceiros, como faz o instrumento de 1872, ao estabelecer uma condição em que Argentina e Uruguai possam vir a participar, via nomeação de um comissário, do processo de demarcação. Se Brasil e Paraguai quiserem alterar esse dispositivo, devem comunicar e consultar os Estados citados. Não há uma incompatibilidade jurídica entre o Tratado de 1973, que define o aproveitamento hidrelétrico no rio Paraná e o princípio de utilização equitativa do direito ambiental. A prática e a interpretação, dessa maneira, deve levar o princípio em consideração. Caso desejem e haja um acordo, Brasil e Paraguai podem fazer uma emenda ao texto original, incluindo, textualmente, a utilização equitativa."
        }
    ]
}