{
    "Nota Máxima": 30.0,
    "Nota Média": 25.0,
    "Menor Nota": 20.5,
    "Pergunta": "A solução de controvérsias é uma das funções essenciais do Direito e isso vale igualmente para o Direito Internacional. De fato, a solução pacífica de controvérsias internacionais é um pré-requisito para a manutenção da paz e da segurança internacionais. Além disso, o estabelecimento de mecanismos de solução de controvérsias internacionais é necessário para garantir a efetividade do sistema jurídico internacional. A solução pacífica de controvérsias internacionais ocupa, portanto, um lugar central no Direito Internacional.TANAKA, Yoshifumi. The Peaceful Settlement of Inter - national Disputes. Cambridge: Cambridge University Press, 2018, p. 3 (tradução livre). Considerando que o excerto apresentado tem caráter meramente motivador e tendo em vista o lugar que a solução pacífica de controvérsias internacionais ocupa na estrutura do sistema jurídico-internacional, como um pré-requisito para a manutenção da paz e da segurança internacionais, entendimento delineado por Yoshifumi Tanaka, redija um texto dissertativo acerca desse assunto. Aborde, necessariamente, os seguintes tópicos: a obrigação de solução pacífica de controvérsias internacionais no Direito Internacional, delimitando as suas principais características e especificidades; os meios de solução pacífica de controvérsias internacionais: negociação, bons ofícios, mediação, conciliação e inquérito; indicação, de forma sucinta e objetiva, de dois tratados internacionais e de duas declarações internacionais, contendo menção expressa à obrigação de solução pacífica das controvérsias internacionais; descrição e explicação quanto à importância do Pacto de Bogotá ou Tratado Americano de Soluções Pacificas, assinado pelo Brasil e por outros países, em Bogotá, em 30 de abril de 1948, para a resolução pacífica de controvérsias internacionais perante a Corte Internacional de Justiça (CIJ); e possível relação a ser estabelecida entre a obrigação de solução pacífica de controvérsias internacionais, no âmbito do Direito Internacional, e a Constituição da República Federativa do Brasil de 1998.",
    "Padrão de Resposta": "Espera-se que o candidato redija o texto considerando os aspectos a seguir. Q1. Espera-se que o candidato discorra acerca da obrigação de solução pacífica de controvérsias internacionais, tanto no plano conceitual como no das características gerais desta obrigação no Direito Internacional. A título exemplificativo, segundo Yoshifumi Tanaka, “The obligation of peaceful settlement of international disputes means that States must settle disputes by peaceful means, not coercive means. It is not suggested that all international disputes must be resolved immediately. In appropriate circumstances, wisdom may require parties to freeze disputes and maintain the status quo. The 1959 Antarctic Treaty that freezes claims to territorial sovereignty over Antarctica is a case in point. However, it must be remembered that freezing of international disputes is only possible as long as all parties in dispute agree to do so. In addition, absence of solution must not constitute a threat to the maintenance of international peace and security.” TANAKA, Yoshifumi. The Peaceful Settlement of International Disputes. Cambridge: Cambridge University Press, 2018. p. 6 Q2. Espera-se que o candidato disserte, com riqueza de detalhes e características, a respeito de negociação e de bons ofícios, ambos como meios de solução pacífica de controvérsias internacionais. A título exemplificativo, segundo Yoshifumi Tanaka, (a) negociação: “Whilst negotiation is an elusive concept, the ICJ in the 2011 Georgia/Russia case clarified to some extent the concept of negotiations. Three points in particular merit highlighting. First, negotiations must be distinct from mere protests or disputations. Negotiation entails more than the plain opposition of legal views 7or interests between two parties, or the existence of a series of accusations and rebuttals, or even the exchange of claims and directly opposed counterclaims. Second, negotiation requires, at the very least, a genuine attempt by one of the disputing parties to engage in discussion with the other disputing party with a view to resolving the dispute, even though an obligation to negotiate does not imply an obligation to reach agreement.” Third, to meet the precondition of negotiation in the compromissory clause of a treaty, these negotiations must relate to the subject matter of the treaty containing the compromissory clause. In other words, the subject matter of the negotiations must relate to the subject matter of the dispute which must concern the substantive obligations contained in the treaty in question.” TANAKA, Yoshifumi. The Peaceful Settlement of International Disputes. Cambridge: Cambridge University Press, 2018. p.30. (b) Bons ofícios: “Good offices are a procedure in which a third party seeks to facilitate efforts towards a peaceful settlement of disputes between parties by providing them with a channel of communication. Good offices may be performed by a single State or a group of States, or by non-State actors, such as international institutions and individuals acting independently. […] Normally good offices involve no more than helping to bring the parties in dispute into direct negotiations. However, the role of a third party exercising good offices may change over time and involvement of the third party may be deepened according to the developments of the events concerning the dispute.Hence the distinction between good offices and mediation is thin in practice.” TANAKA, Yoshifumi. The Peaceful Settlement of International Disputes. Cambridge: Cambridge University Press, 2018. p.43. Q3. Espera-se que o candidato disserte, com riqueza de detalhes e características, acerca de mediação; e conciliação, ambas como meios de solução pacífica de controvérsias internacionais. A título exemplificativo, segundo Yoshifumi Tanaka, (c) mediação: “Mediation is a process whereby a third party actively assists two or more parties in dispute, with their consent, to develop a mutually acceptable solution in the settlement of an international dispute by offering its own proposals. By offering mediation, a third party intervenes in the negotiation process between parties to a dispute with a view to reconciling the claims of the contending parties and to advance his own proposals aimed at a mutually acceptable compromise solution. The ICJ formulated mediation as third States, on their own initiative, endeavoured to bring together the viewpoints of the States concerned by making specific proposals to them? The importance of mediation in the peaceful settlement of international disputes was acknowledged by UN General Assembly Resolution 70/304 of 2016.” TANAKA, Yoshifumi. The Peaceful Settlement of International Disputes. Cambridge: Cambridge University Press, 2018. p. 45. (d) Conciliação: “Conciliation performs a dual function: (i) To investigate and elucidate the issues of facts, and (ii) to facilitate the settlement of disputes by suggesting mutually acceptable solutions to the parties in dispute. […] Three requirements must be met to secure the effectiveness of conciliation: independence and impartiality of conciliation commission, confidentiality and non aggravation of the situation. […] Normally a conciliation commission is composed of three or five members. While the modes of selecting conciliators vary according to treaties, usually each party to a dispute appoints either one of the three conciliators or two of 8the five conciliators. The third or the fifth conciliator is then appointed by a joint decision of the two parties to the dispute or by a joint decision of either the two or the four conciliators already appointed by the parties. Under the traditional conciliation, composition of a conciliation committee is largely left in the hands of the parties in dispute.” TANAKA, Yoshifumi. The Peaceful Settlement of International Disputes. Cambridge: Cambridge University Press, 2018. p.65-68. Q4. Espera-se que o candidato disserte, com riqueza de detalhes e características, quanto ao inquérito, como meio de solução pacífica de controvérsias internacionais. A título exemplificativo, segundo Yoshifumi Tanaka, (e) inquérito: “As noted, the primary role of inquiry is to facilitate the settlement of international disputes by elucidating issues of facts underlying international disputes. The role of inquiry is increasingly important in the settlement of international disputes involving scientific and technical matters, such as international water disputes.6 Inquiry can also contribute to the prevention of international disputes.” TANAKA, Yoshifumi. The Peaceful Settlement of International Disputes. Cambridge: Cambridge University Press, 2018. P.53. Q5. Espera-se que o candidato elenque, de forma sucinta e objetiva, 2 (dois) Tratados internacionais, contendo menção expressa à obrigação de solução pacífica das controvérsias internacionais. A título exemplificativo, segundo Yoshifumi Tanaka, “The obligation of peaceful settlement of international disputes is clearly embodied in Article 2(3) of the Charter of the United Nations (hereafter the UN Charter). […] Whilst the obligation under this provision is primarily incumbent upon members of the United Nations, it is binding on every State as a rule of customary international law. This obligation is also to apply to the United Nations itself. Subsequently the obligation of peaceful settlement of international disputes is confirmed in multiple international instruments, such as the 1970 Friendly Relations Declaration, the 1982 Manila Declaration, and the 2012 Declaration on the Rule of Law.” TANAKA, Yoshifumi. The Peaceful Settlement of International Disputes. Cambridge: Cambridge University Press, 2018. p.05-06. Q6. Espera-se que o candidato elenque, de forma sucinta e objetiva, 2 (duas) Declarações internacionais, contendo menção expressa à obrigação de solução pacífica das controvérsias internacionais. A título exemplificativo, segundo Yoshifumi Tanaka, “The obligation of peaceful settlement of international disputes is clearly embodied in Article 2(3) of the Charter of the United Nations (hereafter the UN Charter). […] Whilst the obligation under this provision is primarily incumbent upon members of the United Nations, it is binding on every State as a rule of customary international law. This obligation is also to apply to the United Nations itself. Subsequently the obligation of peaceful settlement of international disputes is confirmed in multiple international instruments, such as the 1970 Friendly Relations Declaration, the 1982 Manila Declaration, and the 2012 Declaration on the Rule of Law.” TANAKA, Yoshifumi. The Peaceful Settlement of International Disputes. Cambridge: Cambridge University Press, 2018. p.05-06. Q7. Espera-se que o candidato descreva, ainda que de forma objetiva, o contexto de formação, a estrutura e a função do Pacto de Bogotá ou “Tratado Americano de Soluções Pacificas”, assinado pelo Brasil e por 9outros países, em Bogotá, em 30 de abril de 1948. A título exemplificativo, segundo María Teresa Infante Caffi, “The American Treaty on Pacific Settlement, or the “Pact of Bogota”, adopted at the Ninth International Conference of American States in 1948, relates to the structure of the Inter- American System while remaining independent from the Charter of the Organization of American States (oas), which sets forth the political premises of the System. The Pact inherits proposals already advanced by the Inter-American Juridical Committee since 1945, when a draft Inter-American System of Peace emerged. Draft studies conducted over the years 1938- 45 and the work of the Inter-American Juridical Committee to coordinate and systematize Inter-American Peace Agreements had shown preferences for a combination of procedures for dispute settlement, including voices in favor of a regional court. On the whole, the concept of an Inter-American System of Peace was enshrined at the Chapultepec Conference. Judicial and arbitral procedures subsequently took center stage in the discussion in Bogota, resulting in an innovative scheme of compulsory jurisdiction subject to limits and exceptions. […] The characteristics of the Pact of Bogota as an instrument for the settlement of disputes may be systematized as follows: • The Pact contains a complete set of mechanisms raging from diplomatic means including conciliation, to adjudication through judicial and arbitral procedures; • It establishes a complex relationship between recourse to the International Court of Justice, the competence of the Court, and arbitration, whereas the latter may be available in case the ICJ declares itself to be without jurisdiction in controversies other than those set out in Articles V, VI and VII of the Treaty (Article XXXV). Thus, the “High Contracting Parties obligate themselves to submit [a dispute] to arbitration, in accordance with the provisions of Chapter Five of this Treaty”. • It lists a number of conditionalities that establish limits to the competence and admissibility of cases before international tribunals as well to other mechanisms of dispute settlement. • It allows for reservations by the parties with the result that they can be subject to different mechanisms or obligations with respect to each and every other party. […] The jurisprudence illustrates that the jurisdictional clause embodied in Article XXXI considered together with Article VI, and even Article II, have stood up over the past 15 years. With all its weaknesses and despite the criticisms directed at it, the Pact has been considered a sort of corpus juris of international law in the Americas.” INFANTE CAFFI, María Teresa. The Pact of Bogota: Cases and Practice. ACDI, Bogotá, v. 10. p. 85-116, 2017. Disponível em: https: . Acesso em: 1o maio 2022. Q8. Espera-se que o candidato explique a importância do Pacto de Bogotá ou “Tratado Americano de Soluções Pacificas”, assinado pelo Brasil e por outros países, em Bogotá, em 30 de abril de 1948, para a resolução pacífica de controvérsias internacionais perante a Corte Internacional de Justiça (CIJ). A título exemplificativo, segundo María Teresa Infante Caffi, “The American Treaty on Pacific Settlement, or the “Pact of Bogota”, adopted at the Ninth International Conference of American States in 1948, relates to the structure of the Inter-American System while remaining independent from the Charter of the Organization of American States (oas), which sets forth the political premises of the System. The Pact inherits proposals already advanced by the Inter-American Juridical Committee since 1945, when a draft InterAmerican System of Peace emerged. Draft studies conducted over the years 1938-45 and the work of the 0Inter-American Juridical Committee to coordinate and systematize Inter- American Peace Agreements had shown preferences for a combination of procedures for dispute settlement, including voices in favor of a regional court. On the whole, the concept of an Inter-American System of Peace was enshrined at the Chapultepec Conference. Judicial and arbitral procedures subsequently took center stage in the discussion in Bogota, resulting in an innovative scheme of compulsory jurisdiction subject to limits and exceptions. […] The characteristics of the Pact of Bogota as an instrument for the settlement of disputes may be systematized as follows: • The Pact contains a complete set of mechanisms raging from diplomatic means including conciliation, to adjudication through judicial and arbitral procedures; • It establishes a complex relationship between recourse to the International Court of Justice, the competence of the Court, and arbitration, whereas the latter may be available in case the ICJ declares itself to be without jurisdiction in controversies other than those set out in Articles V, VI and VII of the Treaty (Article XXXV). Thus, the “High Contracting Parties obligate themselves to submit [a dispute] to arbitration, in accordance with the provisions of Chapter Five of this Treaty”. • It lists a number of conditionalities that establish limits to the competence and admissibility of cases before international tribunals as well to other mechanisms of dispute settlement. • It allows for reservations by the parties with the result that they can be subject to different mechanisms or obligations with respect to each and every other party. […] The jurisprudence illustrates that the jurisdictional clause embodied in Article XXXI considered together with Article VI, and even Article II, have stood up over the past 15 years. With all its weaknesses and despite the criticisms directed at it, the Pact has been considered a sort of corpus juris of international law in the Americas.” INFANTE CAFFI, María Teresa. The Pact of Bogota: Cases and Practice. ACDI, Bogotá, v. 10. p. 85-116, 2017. Q9. Espera-se que o candidato delimite a possível relação entre a obrigação de solução pacífica de controvérsias internacionais e a Constituição da República Federativa do Brasil de 1988, fazendo apenas menção, básica e elementar, ao princípio da solução pacífica dos conflitos inscrito no art 4º, inciso VII, da Constituição da República Federativa do Brasil de 1988. Q10. Espera-se que o candidato disserte, de modo criativo e analítico, a respeito da relação entre a obrigação de solução pacífica de controvérsias internacionais, no âmbito geral do Direito Internacional, e os princípios que devem reger a República Federativa do Brasil, em suas relações internacionais, mais particularmente, a solução pacífica dos conflitos, contida no art. 4, inciso VII, da Constituição da República Federativa do Brasil de 1988. Será avaliada a capacidade do candidato de estabelecer uma tese e sustentá-la coerentemente. A avaliação seguirá o critério comparativo (i.e.). A avaliação individual será feita de acordo com a comparação do nível de outros exercícios. Nesse sentido, embora o candidato possa ter respondido de forma correta, abrangendo os requisitos anteriormente indicados, sua nota poderá ser menor do que a atribuída a outros que fizerem o exercício com maior qualidade intelectual, acadêmica e formal.",
    "Candidatos": [
        {
            "Nome": "Ana Cecília",
            "Inicio_candidato": 24603,
            "Inicio_redação": 24675,
            "Nota": 29.0,
            "Redação": "O Direito Internacional, que surgiu como um direito “ad bellum”, tornou- se, paulatinamente, um direito “contra bellum”. São marcos desse processo a Carta da Liga das Nações e o Pacto Briant-Kellog (1928), mas, devido ao caráter não vinculante das decisões do Conselho da Liga e da abrangência limitada do Pacto, foi só com a promulgação da Carta da ONU (1945) que a guerra foi definitivamente proscrita do DIP. A Carta da ONU prevê que todos os Estados-membros têm a obrigação de solucionarem suas controvérsias por meios pacíficos, e, por força dos artigos 2.6 e 25 da Carta, o CSNU pode fazer inclusive com que Estados não membros se submetam aos seus preceitos, caso ameacem a paz e a segurança internacional. A obrigação de solução pacífica de controvérsias implica que a guerra não é mais meio legítimo de solução de conflitos (a não ser nas duas hipóteses previstas pela Carta da ONU: legítima defesa e autorização do CSNU), e o Estado que desrespeita essa obrigação comete um ilícito internacional e, portanto, pode ser responsabilizado internacionalmente. Tal obrigação reveste-se, ainda, de obrigação “erga omnes”, tendo em vista que a CIJ, no Caso Nicarágua (1984), já se pronunciou no sentido de que a Resolução 2625 da AGNU, que proíbe o uso da força, seria norma costumeira, com diversos autores chegando inclusive a defender que se trata de matéria de “jus cogens”.4Há uma gama de meios disponíveis para a solução pacífica de controvérsias, dentre os quais a negociação, os bons ofícios, a mediação, a conciliação e o inquérito. Na negociação, não há terceiro ator envolvido, e as partes buscam, por conta própria, negociar a resolução da questão. É o que se verifica, por exemplo, na fase de consultas do Sistema de Solução de Controvérsias (SSC) da OMC. No caso da utilização de bons ofícios, uma terceira parte coloca as partes conflitantes em contato, mas não oferece soluções nem participa diretamente do processo negociador. Na mediação, há uma atuação mais ativa de uma terceira parte, que propõe soluções e apresenta alternativas à saída do conflito, tal como feito pelo Papa João Paulo II no caso do Canal de Beagle, na década de 1980, entre Argentina e Chile. A conciliação, por sua vez, oferece um aparato mais elaborado para a solução pacífica, sendo normalmente feita por uma comissão conciliadora (ao invés de um único mediador), que participa ativamente do processo, tentando angariar concessões de ambas as partes para um acordo final. O inquérito é utilizado para esclarecer fatos e determinar autorias, de modo que, por vezes, o simples esclarecimento leva à resolução do conflito. Pode, ainda, ser usado por mediadores e conciliadores, para auxiliar seu trabalho. Vale notar, por fim, que todos esses meios diplomáticos são capazes de criar direito, diferentemente dos meios judiciais. Diversos tratados e declarações internacionais contêm menção expressa à obrigação de solução pacífica de controvérsias, coadunando- se, assim, com o novo “jus gentium” do Direito Internacional de proteção máxima do indivíduo. Entre os tratados, pode-se citar o tratado constitutivo da OMC, que, no seu Anexo referente ao SSC, prevê tal obrigação. A Convenção das Nações Unidas sobre Direito do Mar (CNUDM) também estabelece que os Estados têm o dever de solucionar qualquer conflito relacionado aos temas tratados pela Convenção de forma pacífica e prevê, ainda, uma série de meios para tal, como a arbitragem e o próprio recurso ao Tribunal do Mar (TIDM). Quanto a declarações internacionais, as declarações contidas nas Resoluções 1514 (1960) e 2625 (1970) da AGNU, sobre a Concessão de Independência dos Países e Povos Coloniais e as Relações Amistosas entre os Povos, respectivamente, preveem em seu texto a obrigação da solução pacífica, ainda que, posteriormente, a Resolução 2708 (1970) estabeleça que os povos coloniais poderiam lutar pela sua independência por todos os meios cabíveis (caso de direito à autodeterminação externa). Nesse contexto, merece destaque o Pacto de Bogotá, que prevê, entre os Estados-membros da OEA, uma série de mecanismos de solução pacífica de controvérsias e contem cláusula compromissória para a CIJ. Com efeito, trata-se do único instrumento jurídico abrangente no continente que prevê a possibilidade de resolução de uma controvérsia com potencial para abalar a paz hemisférica por meio de um tribunal internacional. Por meio dessa cláusula, diversos conflitos americanos já foram levados à CIJ, a exemplo da controvérsia envolvendo Chile e Bolívia a respeito do direito de uma saída para o mar do Estado boliviano, que se prolonga desde a Guerra do Pacífico – o que, por si só, já demonstra o potencial belicoso da controvérsia. É princípio constitucional das relações internacionais do Brasil a defesa da paz, assim como a solução pacífica de controvérsias, previstos no 5art. 4º da CRFB, de modo que o Estado brasileiro se coaduna com a evolução do Direito Internacional não só na prática – por meio da sua tradição pacifista -, mas também na lei. Esses princípios constitucionais inserem- se, ainda, na lógica da abertura do direito constitucional contemporâneo ao Direito das Gentes, fenômeno que Peter Häberle chama de “Estado Constitucional Cooperativo” e Gomes Canotilho de “constitucionalismo global”. Se a proscrição da guerra e a implementação da obrigação de solucionar os conflitos pacificamente foi um processo lento e gradual no DIP, a inter-relação entre o Direito Constitucional e o Direito Internacional é um fenômeno que avança rapidamente, e que nos faz perceber que vivemos mesmo em uma grande rede multissetorial, de diálogo não só de cortes e de fontes, mas também do direito, como assevera Anne Peters."
        },
        {
            "Nome": "Vinícius Henrique",
            "Inicio_candidato": 35597,
            "Inicio_redação": 35667,
            "Nota": 25.0,
            "Redação": "A Carta das Nações Unidas (CNU) prevê, em seu capítulo VI, que todos os seus membros busquem resolver os seus desentendimentos por meios pacíficos acima de qualquer ato de uso da força (capítulo VII da CNU). Qualquer nação pode chamar a atenção da Assembleia Geral das Nações Unidas ou do Conselho de Segurança para situações que possam representar ameaça ou ruptura da paz, sendo que o Conselho pode convidar os países a utilizar sua estrutura institucional para solucionar pacíficamente controvérsias. Sempre que o Conselho estiver deliberando sobre questões de ameaça ou ruptura da paz e segurança, a Assembleia Geral fica impedida de atuar (CNU, art.12). Há cinco meios de solução pacífica de controvérsias arroladas na CNU, em rol não exaustivo: negociação, bons ofícios, mediação, conciliação e inquérito. A negociação é realizada de forma direta pelas partes, sem a intervenção de um terceiro, sobretudo pela via diplomática. Os bons ofícios são oferecidos por um ator fora da disputa que fornece um espaço ou plataforma para que as partes possam dialogar, sem participação direta do ofertante. A mediação conta com a intervenção de um terceiro no sentido de busca ativa pelo diálogo e soluções, realizando propostas e sugestões. A conciliação funciona de modo semelhante à mediação, contudo costuma seguir um rito com maior grau de institucionalização. O inquérito, por 8sua parte, consiste na mera apuração dos fatos, sem qualquer juízo de mérito. Além desses cinco meios, conhecidos como extrajudiciais, há os métodos jurisdicionais de solução pacífica de controvérsias: a arbitragem e a apreciação judicial. A necessidade de solução pacífica das controvérsias aparece em tratados como a própria Carta das Nações Unidas e também na Convenção de Montego Bay sobre o Direito do Mar, de 1982. Em declarações internacionais, ou seja, sem caráter vinculante, a solução pacífica está presente na Declaração Universal dos Direitos Humanos, aprovada pela Assembleia Geral das Nações Unidas em 1948, e na Declaração do Rio, em 1986, sobre a intervenção dos Estados Unidos em países da América Latina. É inclusive dentro do sistema interamericano que se desenvolve parte importante da doutrina de soluções pacíficas das controvérsias com considerável sucesso, tendo em vista a ausência de conflitos bélicos internacionais ativos no continente. É uma tradição que vem desde o tempo de conferências e da União Pan-Americana, porém que ganha corpo em 1948 com a criação da Organização dos Estados Americanos, em Bogotá, e de todos os instrumentos que servem como seu arcabouço jurídico. O Tratado Americano de Soluções Pacíficas de Controvérsias prevê que as disputas entre Estados americanos sejam resolvidas sem recurso às armas, sendo possível às partes remeter o caso à Corte Internacional de Justiça. É um mecanismo facilitador, tendo em vista que a OEA não conta com uma corte de temática universal como a CIJ e que simplifica o processo de submissão, já que as partes devem estar de acordo para aceitação da jurisdição da Corte onusiana (ou terem depositado a cláusula facultativa de jurisdição obrigatória).O Brasil tem posição de destaque como país promotor de soluções pacíficas de disputas. A Constituição Federal de 1988 abraça, em seu artigo 4º, como princípios das relações internacionais, a defesa da paz e a solução pacífica de controvérsias, de forma expressa. Além disso, engaja-se em organismos multilaterais a fim de buscar ameaçar no aprimoramento do arsenal normativo internacional, como nos trabalhos realizados junto à Comissão de Direito Internacional, que realiza estudos e propõe projetos de resoluções. Mesmo dentro de organismos internacionais como o Conselho de Segurança, vinculados frequentemente ao uso da força, o Brasil busca avançar para uma agenda de paz, valorizando a prevenção e pacificação como pilar do mandato 2022-23."
        },
        {
            "Nome": "Vinícius Kuczera",
            "Inicio_candidato": 18976,
            "Inicio_redação": 19047,
            "Nota": 29.5,
            "Redação": "O dever dos Estados em buscar a solução pacífica de controvérsias internacionais representa um dos fundamentos (prima principia) do Direito Internacional, possui natureza costumeira e convencional, e conforma uma série de regras do sistema. Uma controvérsia entre Estados representa qualquer desacordo em relação à questão de fato ou de direito (Caso Mavrommatis, CPJI). A sua solução pacífica pode envolver meios diplomáticos ou jurisdicionais. No caso dos primeiros, as tratativas envolvem somente as partes ou terceiros, possuem diferentes graus de institucionalidade, demandam a concordância de todos os envolvidos e não necessitam estar de acordo com o DIP. As jurisdicionais englobam o recurso à arbitragem (discricionaridade das partes, escolha do árbitro e direito aplicável, obrigatoriedade do laudo arbitral) ou a algum tribunal internacional (como cortes universais – CIJ, T. do Direito do Mar – ou regionais), sendo necessário aceitar a sua jurisdição de forma tácita ou expressa. A busca de soluções pacíficas tem como base os princípios da boa-fé (ius cogens segundo a CIJ), igualdade soberana dos Estados e imunidade absoluta dos atores estatais para atos de império. Segundo a CIJ, contudo, os Estados não têm obrigação de encontrar uma solução e não há prazo determinado para as tratativas (Caso Bolívia x Chile). Por outro lado, a busca de uma solução pacífica não impede, ad aeternum, 2eventual jurisdicionalização frente ao fracasso de soluções diplomáticas (entendimento do T. I. do Mar, caso envolvendo instalação nuclear, Irlanda x GB). De forma paralela aos princípios e costumes, tal dever foi progressivamente codificado, ao mesmo tempo em que o direito à guerra (ius ad bellum) era restringido: Convenção Drago-Porter, C. de Paz de Paris, Tratado Constitutivo da LDN, Tratado do Rio de Janeiro (T. Saavedra Lamas). Como consequência, a Carta das NU reforçou tal previsão e elencou a solução pacífica de controvérsias como um de seus princípios, determinando também que qualquer ação do CSNU deve ser precedida de diplomacia preventiva. Ademais, a Declaração Universal dos DH também previu tal dever estatal e seguidas resoluções da AGNU o reforçaram, como a res. 2625 (Declaração sobre os princípios que regem as relações entre os Estados) e a res. 1415 (D. sobre o direito à independência dos povos colonizados). Como consequência, o princípio ganhou densidade (parte da doutrina defende o seu caráter de ius cogens). A Carta das NU elenca, em rol exemplificativo, alguns métodos diplomáticos. A negociação (bilateral, trilateral, plurilateral, multilateral) representa o mais simples deles, não havendo exigências de forma. Os bons ofícios envolvem a participação de um terceiro que atua para proporcionar um ambiente de diálogo, mas não oferece solução específica (exemplo: bons ofícios de Portugal na controvérsia da Ilha Trindade, Brasil x GB). Na mediação, por outro lado, permanece o caráter informal, mas o terceiro envolvido apresenta uma solução possível não-vinculante (exemplo: mediação dos EUA na controvérsia fronteiriça entre Brasil, Colômbia e Peru – Ata de Washington). A conciliação também envolve a apresentação de uma alternativa não-vinculante para a controvérsia, mas é revestida de maior formalidade (existência de uma estrutura e procedimentos pré-determinados, por exemplo). Tal mecanismo está previsto na CONVEMAR, que prevê uma lista em anexo de conciliadores e a necessidade de buscar a conciliação antes de acionar a jurisdição compulsória. Por fim, o inquérito representa um mecanismo de averiguação dos fatos envolvidos, geralmente realizada por uma comissão de inquérito, e pode preceder a conciliação (exemplo: comissão de inquérito criada durante a Guerra do Chaco, Paraguai x Bolívia). O Pacto de Bogotá (1948) deu continuidade à tradição latino- americana de valorização da solução pacífica de controvérsias (criação da Corte de Justiça Centro-Americana, doutrina Drago, Convenção Drago-Porter, T. do Rio de Janeiro) e previu o dever de seus membros em solucionar pacificamente eventuais controvérsias. Na convenção são elencados meios diplomáticos (rol exemplificativo) e também é previsto que, em falta de consenso, a parte que se sentir prejudicada pode acionar a CIJ. Assim, a convenção possui uma cláusula compromissória que vincula os Estados-partes à jurisdição compulsória da CIJ, um meio expresso de aceitação de sua jurisdição. Contudo, tal previsão só é válida entre as partes do Pacto de Bogotá (reciprocidade). Assim, o Brasil pode acionar a Corte ou ser acionado por outras partes, visto que ratificou o documento sem reservas. Logo, apesar de não mais fazer parte da cláusula Raul Fernandes, o Brasil está vinculado à jurisdição da CIJ cumpridos os requisitos do Pacto e do Estatuto da Corte. A Bolívia utilizou o Pacto para acionar o Chile na CIJ em duas ocasiões (dever de negociar e garantia de acesso ao mar).3 A primazia da busca por soluções pacíficas na arena internacional consta expressamente no preâmbulo da CF/88 (que serve de vetor interpretativo para toda a constituição) e no art. 4º, que elenca os princípios que devem guiar a política externa brasileira. Assim, a prevalência de um atuar pacífico e em prol do encontro de soluções comuns deve guiar não somente as ações do P. Executivo, como também do Legislativo (ao analisar tratados, aprovar indicações de embaixadores) e do Judiciário (julgamento de contenda envolvendo atores exteriores, análise de pedidos de cooperação jurisdicional), o que reforça o tradicional respeito e valorização do DIP pelo Brasil."
        },
        {
            "Nome": "Anônimo",
            "Inicio_candidato": 30363,
            "Inicio_redação": 30417,
            "Nota": 28.5,
            "Redação": "A solução pacífica de controvérsias internacionais configura-se como pré- requisito para a manutenção da paz e da segurança internacionais, conforme argumento exposto por Y. Tanaka. A obrigação de soluções pacíficas de controvérsias internacionais sempre foi uma reivindicação antiga dos Estados, mas encontrou sua máxima expressão na Carta da ONU, em diversos artigos, em especial os arts. 18, 45 e seguintes, bem como no Estatuto da CIJ. Trata- se de importante instrumento para coibir o uso da força nas relações internacionais, o qual, atualmente, apenas é permitido em situação de legítima defesa ou quando autorizado pelo CSNU. A solução pacífica de controvérsias é, assim, importante princípio de direito internacional, podendo o CSNU convidar as partes a ela se submeterem. Da obrigação de resolver pacificamente controvérsias internacionais, conforme dita a Carta da ONU, resulta a possibilidade de os Estados recorrerem a meios de solução pacífica dessas controvérsias. Esses meios recebem diversas categorizações didáticas, como a que os divide em meios jurisdicionais, judiciais, políticos, além de diplomáticos. Meios judiciais de solução de controvérsias são aqueles esposados por tribunais internais que exercem jurisdição, como a CIJ e o TIDM. Meios jurisdicionais configuram-se por meio da arbitragem internacional, por meio do qual as partes se submetem a cláusulas compromissórias e compromissos arbitrais, podendo, a depender do caso, escolher os árbitros e o procedimento a ser adotado.6Nos meios políticos e diplomáticos inserem-se a negociação, os bons ofícios, a mediação, a conciliação, o inquérito, além da atuação da AGNU e do CSNU na solução de controvérsias. A negociação corresponde ao método pelo qual as partes procurar resolver controvérsias por meio de negociações entre as suas autoridades ou delegações. Nesse sentido, os diplomatas podem exercer papel relevante nas negociações. Trata- se de meio pouco institucionalizado. Os bons ofícios ocorrem quando uma terceira parte se oferece para aproximar as partes, mostrando-se como interlocutora e promotora do diálogo. No caso do Canal de Beagle (Argentina vs. Chile), o Papa prestou bons ofícios para a resolução da questão. A mediação corresponde a método pelo qual as partes convidam uma terceira parte para mediar a controvérsias. A parte terceira busca, assim, aproximar as partes, identificar as demandas de cada mediado e apresentar uma solução para as partes. Essa solução, contudo, não é vinculante. Na conciliação, as partes também convidam uma parte terceira para empregar esse meio, o qual buscará aproximar as partes e apresentar uma solução. Trata-se, contudo, de meio mais institucionalizado que a mediação, uma vez que o conciliador apresentará uma solução concreta, definindo a responsabilidade ou o direito de cada parte. Apesar disso, a solução também não é vinculante. O inquérito corresponde a procedimento com o objetivo de investigar fatos pertinentes a uma controvérsia internacional. Reúnem- se, assim, informações a respeito dos fatos que deram origem ou agravaram a controvérsia. O inquérito normalmente ocorre antes da utilização de outros meios, mas essa ordem não é obrigatória. Lembrando que a negociação pode ocorrer por meio de notas diplomáticas, encontros de cúpula ou reuniões entre autoridades, bem como que não há uma ordem de utilização dos meios de solução. Alguns órgãos exigem, contudo, que os Estados empreguem prontamente esses meios antes de analisar as controvérsias (ex: consultas da OMC). Recorde-se que as decisões da CIJ possuem caráter vinculante. Sucintamente, pode-se citar o Pacto de Bogotá (1948), a Convenção de Viena sobre Relações Diplomáticas, a Declaração de Havana, a Declaração de Cartagena e a Convenção de Viena sobre Relações Consulares, que contêm a obrigação de solução pacífica de controvérsias. Quanto à importância do Pacto de Bogotá para a solução pacífica de controvérsias, é possível identificá-lo como marco interamericano da questão. Por meio dele, os países signatários, inclusive o Brasil, se obrigaram a resolver suas controvérsias pacificamente perante a CIJ. Assim, antes de submeter um caso à Corte, as partes devem recorrer aos meios pacíficos de solução, como a mediação, a negociação, a conciliação, entre outros, compromisso que tem ajudado na manutenção da paz no continente. São exemplos de soluções que ocorreram ao seu amparo, a questão do Canal de Beagle e a Guerra do Cenepa.  Há uma íntima relação entre a obrigação de solução pacífica de controvérsias internacionais e a CF/88. Como é cediço, o artigo 4º da Constituição enuncia os princípios que devem reger as relações internacionais do Estado Brasileiro (RFB). Entre eles, encontramos diversos pontos de contato com a sobredita obrigação, como o fato de esses princípios determinarem a busca pela cooperação entre os Estados, a solução pacífica de 7controvérsias, o respeito à soberania e à autodeterminação dos povos, além do respeito à paz e o repúdio ao terrorismo. Frise-se, ademais, que o ar.t 5º determina o respeito à legalidade, privilegiando, assim, soluções que estejam em consonância com o Direito Internacional e com o primado do Direito."
        },
        {
            "Nome": "Anônimo",
            "Inicio_candidato": 39526,
            "Inicio_redação": 39582,
            "Nota": 20.5,
            "Redação": "A Carta da ONU inaugurou um novo período nas reações internacionais, porque afirmou a proscrição do uso da força em seu artigo 2 (4). A proibição da guerra de agressão também possui natureza costumeira e de jus cogens, como reconheceu a CIJ no Caso Nicarágua; as Emendas de Kampala ao Estatuto de Roma criaram a competência rationae materiae para o TPI julgar indivíduos pelo crime de agressão. A obrigação de solução pacífica de controvérsias consiste em uma obrigação positiva imposta aos Estados. Essa obrigação é prevista no preâmbulo, no art. 2 (6) e no capítulo VI da Carta da ONU; o Estatuto da CIJ também privilegia a solução pacífica de conflitos por meios jurisdicionais. Os Estados têm a obrigação de negociar para encontrar uma solução pacífica toda vez que surgir uma controvérsia internacional. A busca por uma solução pacífica pode tomar três formas: a diplomática (entre Estados), a política (com intermédio de uma organização internacional) e a jurisdicional (com a participação de um tribunal internacional). Os artigos 41 e seguintes da Carta da ONU estabelecem que o CSNU poderá recomendar medidas a serem tomadas por Estados no âmbito de uma controvérsia internacional, quando considerar que existe uma ameaça à paz e à segurança internacionais. O capítulo VII da Carta da ONU prevê as duas únicas hipóteses de uso da força: a legítima defesa (individual ou coletiva) e a autorização pelo CSNU (art. 51).O art. 42 da Carta da ONU prevê meios de solução pacífica de controvérsias. A negociação consiste no contato direto, sem intermediários, entre dois Estados soberanos, com vistas a uma solução pacífica transacional. Os bons ofícios consistem na participação de um 3º Estado como facilitador do diálogo entre duas partes envolvidas em uma controvérsia, como ocorreu recentemente com Israel, no tocante à invasão russa da Ucrânia. A mediação consiste na participação ativa de um 3º Estado nos diálogos entre dois Estados envolvidos em uma controvérsia internacional, como ocorreu com a Noruega nos Acordos de Oslo, entre Israel e Palestina. A conciliação consiste em uma participação ainda mais ativa de um 3º Estado, que chega a apresentar uma proposta de solução (não obrigatória) para os Estados envolvidos em uma controvérsia. O inquérito consiste na coleta das informações factuais de uma controvérsia jurídica, e essas informações poderão ser utilizadas em qualquer outro modo de solução pacífica de conflitos. Além da Carta da ONU, o Pacto Briand-Kellog e o Tratado do Rio de Janeiro (Saavedra Lamas) previam a solução pacífica de conflitos. O otimismo de Briand-Kellog foi rompido com o flagelo das duas guerras mundiais, e o Tratado do Rio chegou a contar com a ratificação de diversos Estados europeus. Em nenhum dos dois casos, todavia, a proibição do uso da força foi absoluta. Apesar de existir uma obrigação inicial de solução pacífica, a possibilidade de uso da força estava resguardada. A Declaração de Princípios (Resolução 2625 da AGNU) afirmou a solução pacífica de conflitos como um princípio internacional, ao lado da independência e do direito à autodeterminação. A Declaração de Teerã, negociada por Brasil e Turquia antes da assinatura do Acordo Nuclear iraniano (P5+1), também afirmava a solução pacífica de controvérsias.0Para exercer sua jurisdição contenciosa, a CIJ precisa verificar 3 requisitos: existência de controvérsia jurídica (objetiva, Caso Mavrommatis; ou subjetiva, Caso Ilhas Marshall), a parte deve ser um Estado, e a parte deve reconhecer a jurisdição da CIJ. O reconhecimento da jurisdição pode ocorrer de maneira ad hoc (caso a caso) ou por tratado. O reconhecimento por tratado pode ocorrer de 3 formas: tratado com cláusula compromissória (CVDT/1969, Brasil fez reserva ao artigo), cláusula Raul Fernandez (Brasil fez reserva) ou tratado de solução de controvérsias. O Pacto de Bogotá (48) é um tratado de solução de controvérsias no âmbito interamericano. Em seu preâmbulo e art. 3º e seguintes, o tratado prevê que uma controvérsia entre os Estados- partes será remetida à CIJ em caso de fracasso dos meios diplomáticos e políticos de solução de controvérsias. O Pacto de Bogotá, assim, é importante mecanismo de garantia da paz no hemisfério Ocidental. Controvérsia entre Chile e Bolívia pelos territórios anexados na Guerra do Pacífico foi enviada à CIJ com base no Pacto de Bogotá. A CF/88 inovou na tradição constitucional brasileira ao prever os princípios constitucionais de relações internacionais (art. 4º), que possuem natureza dupla: quanto à forma, são princípios de direito interno; quanto ao conteúdo, são princípios de direito internacional, conforme definição de João Christófolo. O art. 4º replica, em grande parte, a Declaração de Princípios da AGNU da década de 1970, o que comprova a relação entre a CF/88 e a solução pacífica de controvérsias. O art. 4º prevê, explicitamente, a solução pacífica de controvérsias, a não intervenção, a independência nacional e a igualdade entre os Estados. Todos esses princípios estão intimamente relacionados à histórica atuação brasileira em defesa da paz internacional, como comprovam a participação de Ruy Barbosa na 2ª Conferência da Haia, a não participação brasileira em guerras desde 1945 e o engajamento nacional em missões de paz (comando da MINUSTAH, comando naval da UNIFIL e force- commander da missão na RDC). A afirmação constitucional também inclui a defesa da paz, o que se coaduna com o pleito brasileiro por um assunto permanente no CSNU."
        }
    ]
}