{
    "Nota Máxima": 30.0,
    "Nota Média": 30.0,
    "Menor Nota": 27.0,
    "Pergunta": "Durante uma batalha, uma bandeira preta tremulando de um ponto no alto costuma ser a maneira habitual de mostrar a localização de postos de primeiros socorros ou de hospitais de campanha militar, e existe um acordo tácito de que ninguém deve disparar naquela direção. Porém, às vezes os obuses atingem mesmo assim esses locais, e seus oficiais intendentes e homens que servem nos hospitais não são mais poupados do que os vagões carregados de pão, vinho e carne para preparar sopa para os feridos. […] numa época em que escutamos falar tanto de progresso e civilização, uma vez que infelizmente não podemos sempre evitar as guerras, não seria uma questão de urgência apoiar, dentro de um espírito humano e verdadeiramente civilizado, a tentativa de evitar, ou pelo menos aliviar, os horrores da guerra? DUNANT, Henry. Lembrança de Solferino. CICV: Gene - bra, 2016, pp. 37 e 126. Considerando que o excerto apresentado tem caráter meramente motivador, redija um texto dissertativo acerca do Direito Internacional Humanitário que se desenvolveu contemporaneamente a partir da segunda metade do século 19, em particular após a Segunda Guerra Mundial, de modo a constituir conjunto normativo que disciplina as relações entre Estados, organizações internacionais e outros sujeitos de Direito Internacional em tempo de guerra. Aborde, necessariamente, os seguintes tópicos. definição de Direito Internacional Humanitário e identificação de suas características fundamentais; embora a base normativa convencional do Direito Internacional Humanitário seja constituída por dezenas de tratados, não é exagero afirmar que as quatro Convenções de Genebra de 1949 e os dois Protocolos Adicionais de 1977 continuam a ser a pedra angular desse ramo do direito. A esse respeito, identifique o conteúdo principal de cada um desses seis textos convencionais; citação e explicação de três das principais normas ou princípios que regulamentam as operações militares em um conflito armado; 2explanação quanto ao estatuto das armas químicas e das armas biológicas à luz dos princípios e das normas do Direito Internacional Humanitário e menção aos principais marcos normativos concernentes à matéria; e comentários acerca do estatuto das armas nucleares e das controvérsias jurídicas com base no assunto, à luz dos desenvolvimentos recentes envolvendo a matéria.",
    "Padrão de Resposta": "Q1. Espera-se que o (a) candidato(a) mencione que o Direito Internacional Humanitário é um conjunto de normas internacionais provenientes principalmente dos tratados e do costume internacional. Deve afirmar, ademais, que tais normas devem ser aplicadas em conflitos armados, internacionais ou não (SWINARSKI, 1996; CICV, 2015). Q2. A definição proposta pelo (a) candidato(a) deverá, também, mencionar que as normas de Direito Internacional Humanitário limitam, por razões humanitárias, o direito das partes em conflito de escolher livremente os métodos e os meios utilizados na guerra, e que protegem, além disso, as pessoas e os bens afetados ou que venham a ser afetados pelo conflito (SWINARSKI, 1996; CICV, 2015). Q3. Espera-se que o (a) candidato(a) cite que a primeira Convenção de Genebra de 1949 disciplina a Melhoria das Condições dos Feridos e dos Enfermos das Forças Armadas em Campanha; que a segunda Convenção de Genebra de 1949 versa acerca da Melhoria das Condições dos Feridos, Enfermos e Náufragos das Forças Armadas no Mar; que a terceira Convenção de Genebra dispõe a respeito do Tratamento dos Prisioneiros de Guerra. Espera-se, ainda, que o (a) candidato(a) se recorde que a quarta Convenção de Genebra de 1949 regulamenta a Proteção dos Civis em Tempos de Guerra, como civis estrangeiros no território das partes em conflito, civis em territórios ocupados, civis detidos e internados e pessoal sanitário e religioso ou unidades de defesa civil; que o Primeiro Protocolo de 1977 fortalece a proteção das vítimas de conflitos armados internacionais, e que o Segundo Protocolo de 1977 disciplina a proteção das vítimas de conflitos armados não internacionais.3Q4. O (A) candidato(a) poderá recordar, por exemplo, que a norma básica da “distinção” obriga as partes a “distinguir, em todas as circunstâncias, entre pessoas e bens civis por um lado, e combatentes e objetivos militares por outro. Uma parte em um conflito armado pode dirigir um ataque unicamente contra combatentes e objetivos militares. Nem a população civil, nem indivíduos civis podem ser atacados, exceto se participarem diretamente das hostilidades e enquanto durar a sua participação” (CICV, 2015). Dessa forma, ataques indiscriminados são proibidos, como determinam os arts. 48 e 52 (2) do Primeiro Protocolo Adicional de 1977 e as Regras 7, 11, 12 e 13 do Estudo de Direito Consuetudinário de Direito Internacional Humanitário do Comitê Internacional da Cruz Vermelha. Deverá dizer que a Corte Internacional de Justiça, na Opinião Consultiva no caso “Armas Nucleares” (1996), afirma que o princípio da distinção é um dos “princípios cardeais” do Direito Internacional Humanitário e um dos “princípios inderrogáveis do direito consuetudinário internacional”. Q5. Nesse quesito poderá citar, por exemplo, que os ataques contra um combatente ou um objetivo militar devem estar de acordo com o princípio da “proporcionalidade”. Isso significa que “é proibido lançar um ataque que provavelmente cause a morte incidental ou danos a civis e (ou) estragos excessivos aos bens civis em relação à vantagem militar concreta e direta prevista” (CICV, 2015). O dever de calcular a proporcionalidade do ataque está codificado nos arts. 51 (5) (b) e 57 do Primeiro Protocolo Adicional de 1977. Tornou-se regra do direito consuetudinário, aplicável tanto a conflitos internacionais quanto a conflitos não internacionais, e se encontra codificada na Regra 14 do Estudo de Direito Consuetudinário de Direito Internacional Humanitário do Comitê Internacional da Cruz Vermelha. Deverá se referir, por oportuno, que a Corte Internacional de Justiça, na Opinião Consultiva no caso “Armas Nucleares” (1996), reconheceu a aplicabilidade do princípio da proporcionalidade, ao afirmar que “o respeito ao meio ambiente é um dos elementos a serem levados em conta para avaliar se uma ação está em conformidade com os princípios da necessidade e da proporcionalidade”. Q6. Poderá indicar, por exemplo, que, segundo o dever de precaução, uma parte em um conflito “deve tomar cuidado constantemente para poupar civis ou bens civis durante a realização de operações militares. A parte que conduz um ataque deve fazer todo o possível para verificar que os alvos sejam objetivos militares. Deve escolher meios e métodos de ataque que evitem, ou pelo menos minimizem, os danos incidentais a civis e a bens civis. Deve abster-se de lançar um ataque se parecer claro que as perdas ou danos causados seriam excessivos em relação à vantagem militar concreta e direta prevista” (CICV, 2015). Os arts. 57 e 58 do Primeiro Protocolo Adicional de 1977 determinam o dever de precaução quando objetivos civis e militares estão próximos um do outro. As Regras 18, 19, 22, 23 e 24 do Estudo de Direito Consuetudinário de Direito Internacional Humanitário do Comitê Internacional da Cruz Vermelha determinam que medidas de precaução devem ser tomadas em face dos efeitos dos ataques. Q7. Poderá também relatar que as armas químicas e as armas biológicas (ou bacteriológicas) integram a categoria das armas de destruição em massa. Uma vez que seus efeitos são indiscriminados por natureza, seu uso é incompatível com o Direito Internacional Humanitário, embasado no dever de distinguir entre objetivos militares e civis, e entre civis e membros de forças armadas (BOUCHET-SAULNIER, 2014). Além disso, deverá relatar o banimento 4do emprego de armas químicas e biológicas depois da Primeira Guerra Mundial, mediante o Protocolo de Genebra para a Proibição do Emprego na Guerra de Gases Asfixiantes, Tóxicos ou Similiares e de Meios Bateriológicos de Guerra, de 1925. Cumpre mencionar do mesmo modo que tal banimento foi reforçado em 1972, com a Convenção sobre Armas Biológicas, que entrou em vigor em 1975 e constitui o primeiro tratado multilateral de desarmamento a proscrever uma categoria inteira de armas de destruição em massa. Q8. Quanto às armas químicas, desde o século 19, há textos proibindo a utilização dessa categoria de armas. A Convenção sobre Armas Químicas firmada em 1992 baniu o emprego de tais armas, seu desenvolvimento, armazenamento e transferência, além de exigir a destruição dos arsenais. Ensejou, ademais, a criação da Organização Internacional para a Proscrição das Armas Químicas, sediada na Haia. Finalmente, as Regras 74, 75 e 76 do Estudo de Direito Consuetudinário de Direito Internacional Humanitário do Comitê Internacional da Cruz Vermelha proíbem o emprego de armas químicas e biológicas. Q9. A proibição abrangente ou universal do emprego de armas nucleares é inexistente, embora parte da doutrina considere que tais armas são de destruição em massa e, por consequência, geram efeitos indiscriminados. Por ambas as razões, deveriam ser proibidas nos termos do Primeiro Protocolo Adicional de 1977, que veda armas incapazes de distinguir entre civis e combatentes e que causam sofrimentos desnecessários (BOUCHET-SAULNIER, 2014). Apesar disso, potências nucleares, como os Estados Unidos da América, a França e o Reino Unido, apuseram reservas quanto a eventuais efeitos do Primeiro Protocolo sobre armas nucleares quando da assinatura ou adesão ao mencionado texto convencional. Q10. Caberá, ademais, mencionar que a Corte Internacional de Justiça afirmou, em 1996, em opinião consultiva a pedido da Assembleia Geral das Nações Unidas, que o uso de armas nucleares não é nem formalmente proibido nem formalmente autorizado; que a ameaça ou uso de armas nucleares em violação do art. 2 (4) e do art. 51 da Carta das Nações Unidas é ilegal; que a ameaça ou o uso de armas nucleares seriam geralmente contrários a normas fundamentais do Direito Internacional Humanitário, particularmente o princípio da distinção e a proibição de causar sofrimento desnecessário. Não obstante, a Corte não concluiu definitivamente se, na circunstância extrema de ameaça à sobrevivência de um Estado, o uso de armas nucleares seria legítimo. Os quesitos correspondem aos seguintes tópicos do enunciado da questão: Q1 e Q2 : tópico 1; Q3: tópico 2; Q4, Q5 e Q6: tópico 3; Q7 e Q8: tópico 4; e Q9 e Q10 : tópico 5. Será avaliada a capacidade do candidato de estabelecer uma tese e sustentá-la coerentemente. A avaliação seguirá o critério comparativo (i.e.). A avaliação individual será feita de acordo com a comparação do nível de outros exercícios. Nesse sentido, embora o candidato possa ter respondido de forma correta, abrangendo os requisitos anteriormente indicados, sua nota poderá ser menor do que a atribuída a outros que fizerem o exercício com maior qualidade intelectual, acadêmica e formal.",
    "Candidatos": [
        {
            "Nome": "Dandara Miranda",
            "Inicio_candidato": 11874,
            "Inicio_redação": 11953,
            "Nota": 30.0,
            "Redação": "O Direito Humanitário consiste em vertente dos direitos humanos destinada à prevenção a graves violações à integridade e à vida de combatentes e civis em situação de guerra. O Direito Humanitário visa, portanto, a evitar que os horrores da guerra gerem maiores danos aos povos, mesmo em situações políticas em que ela é tida como inevitável. O Direito Internacional Humanitário desenvolveu-se a partir da segunda metade do século XIX, ganhando maior força após a Segunda Guerra Mundial, dada a percepção de que a ausência de um regime internacional de proteção aos seres humanos fortalecido resulta em graves crimes contra a humanidade. Essa vertente dos direitos humanos impulsionou a criação de instituições como a Cruz Vermelha e a violação de seus tratados constitutivas encontra respaldo no Estatuto de Roma, que tipifica o crime de guerra e confere ao Tribunal Penal Internacional a competência para julgá-los. Apesar de a base normativa do Direito Internacional Humanitário ser constituída por diversos tratados específicos, as quatros Convenções de Genebra, de 1949, e seus Protocolos Adicionais, de 1977, configuram-se como pedra angular desse ramo do direito. Elas dispõem sobre diversas situações com possível violação de direitos humanos in bellu (sic.), como a não escravização e a proteção de prisioneiros de guerra, a proteção de civis e combatentes em caso de deslocamento por navio ou outro meio que ofereça riscos, a proteção a 6civis e a prevenção de situações que os atinjam desproporcionalmente no momento de guerra, a livre passagem e a proteção daqueles que realizam assistência humanitária, devendo ser reconhecida sua neutralidade; o direito de assistência médica dos civis e dos combatentes feridos; a não submissão de combatentes e civis à tortura e à violações a sua integridade física. Ademais, os tratados também preveem a proteção de estabelecimentos públicos não militares, pois atingem desproporcionalmente civis, além da proteção de símbolos nacionais, como as instituições do Congresso ou Palácio Presidencial. O Direito Humanitário também subsidia as normas e princípios que regulamentam as operações militares em um conflito armado. A atuação militar deve ser pautada pelo princípio da necessidade, de modo que ela não pode exacerbar o objetivo previamente determinado é gerar danos desnecessários. Cabe mencionar ainda o princípio da proporcionalidade, isto é, não se pode empregar meios desproporcionais ao objetivo, gerando mais prejuízos do que o necessário. As operações militares devem igualmente serem pautadas pela adequação estrita, devendo haver sempre uma análise dos benefícios e do custo humano da missão. O respeito ao Direito Humanitário, a proteção aos civis e o respeito aos combatentes são os princípios básicos das operações. As normas de Direito Humanitário também são constituídas por tratados que proíbem o uso de armas químicas e biológicas. Inicialmente, os princípios tratados sobre a matéria consistiriam nas Convenções de Haia, que previam, desde meados do século XX, a proibição utilização de tipos específicos de armas químicas e biológicas, como gases e coquetéis. Atualmente, a proibição desses armamentos conta com a Convenção das Nações Unidas sobre Armas Químicas, que conta com uma organização internacional que fiscaliza e fomenta a destruição de armas químicas de Estados membros no prazo de 10 anos, aproximadamente. Ademais, há também a Convenção das Nações Unidas sobre Armas Biológicas, que foi a primeira a proibir totalmente a utilização de uma categoria interna de armas de destruição em massa. Os estatutos coadunam-se com o Direito Humanitário e proíbem a sua utilização em situações de guerra. Quanto ao estatuto das armas nucleares, o Direito Humanitário prevê claramente a proibição de sua utilização, porém essa vertente proibitiva precisa ser mais fortalecida. Embora o Tratado de Proliferação de Armas Nucleares preveja a proibição de armas nucleares, sua regulamentação só ocorreu com o TPAN, que está em vigor, mas não possui como membros nenhum Estado detentor de armas nucleares. Ademais, parecer da CIJ da década de 1970 não concluiu de forma inequívoca a proibição desses armamentos. Atualmente, a ameaça de uso de armas nucleares na guerra da Ucrânia demonstra a fragilidade do Direito Humanitário nesse aspecto. Há, hoje, somente um acordo, o Novo Start, que regula a diminuição de armas nucleares entre Rússia e Estados Unidos. Exceção a esse cenário são o Tratado de Proibição de Parcial de Testes Nucleares, a Convenção de Terrorismo Nuclear em vigor e as zonas livres de armas nucleares, como Tlatelolco e Pedinlaba."
        },
        {
            "Nome": "Daniel Nogueira",
            "Inicio_candidato": 16571,
            "Inicio_redação": 16642,
            "Nota": 30.0,
            "Redação": "Embora se possa asseverar que, atualmente, exista um ius contra bellum no contexto do direito internacional, de modo que as alternativas para o uso da força são exceções delimitadas na Carta da ONU, conflitos armados ainda existem. Nesse contexto, ainda é fundamental o ius in bello ou Direito de Genebra, que dispõe sobre os direitos e garantias a combatentes e não combatentes. Ainda que não seja suficiente para evitar as guerras, esse ramo do direito é capaz de regular as condutas em combate, apontar ilícitos internacionais e limitar o uso de determinados armamentos. O Direito Internacional Humanitário surge na segunda metade do século 19, no contexto da criação do Comitê Internacional da Cruz Vermelha, após os horrores da batalha de Solferino. Como objetivo, esse direito busca regulamentar a conduta durante conflitos armados, no que se refere à utilização de armamentos, proteção de prisioneiros de guerra e de civis, determinação de alvos militares e contenção de represálias. Houve uma grande evolução do Direito de Genebra, com contribuições como a Cláusula Martens, na Conferência da Haia de 1899, a respeito de normas gerais de humanidade durante os conflitos de modo a representar restrições mínimas que deveriam ser seguidas nas confrontações, o que foi reconhecido pela Comissão de Direito Internacional da ONU. Nesse contexto, após os horrores da Segunda Guerra Mundial, surgiu a necessidade de maior regulamentação do direito internacional humanitário, o que engendrou as quatro Convenções de Genebra de 1949, que tratam da proteção de combatentes e não combatentes, dos prisioneiros de guerra (com a exceção de que espiões e mercenários não estão por ela protegidos) a da proteção de infraestruturas que não tem importância militar. Além disso, em 1977, outros dois protocolos são adicionados às convenções, incorporando avanços como a limitação de certos tipos de armas em combate e dispondo sobre conflitos internos e grupos beligerantes, no segundo protocolo. Dessa forma, o direito de Genebra constitui o arcabouço elementar para a regulamentação da conduta dos agentes durante conflitos armados. Como qualquer ramo do direito, o direito internacional humanitário apresenta suas normas e princípios específicos. Há o impedimento de se causar sofrimento desnecessário, de modo que, ainda que toda ação militar cause danos, esses devem ser condizentes com os objetivos determinados, evitando meios cruéis ou armamentos que causem terror. Além disso, há a necessidade de distinção de combatentes e não combatentes, a fim de proteger civis de serem alvos em confrontos armados, mas com a ressalva de que civis que passem a participar do conflito como se fossem combatentes terão tratamento semelhante. Ademais, há a necessidade de proteção dos prisioneiros de guerra, na medida em que, uma vez que deponham suas armas, eles passam a ser responsabilidade do Estado que os capturou e os custodia, devendo respeitar seus direitos humanos. Finalmente, há a questão sobre a impossibilidade de o meio ambiente ser alvo de represálias militares, o que constitui uma inovação no âmbito do direito internacional humanitário.8Entre as classes de armas que mais causam sofrimento em conflitos armados, as armas químicas são um paradigma importante. Desde seu uso na Primeira Guerra Mundial, a comunidade internacional apresenta profundo repúdio quando armas químicas e biológicas são empregadas no campo de batalha. Entre os princípios do direito internacional humanitário desrespeitadas por esse arsenal estão causar sofrimento desnecessário e não discriminar combatentes de não combatentes. Nesse contexto, a comunidade internacional não poupou esforços para estabelecer a Convenção Internacional para a Eliminação de Armas Químicas e Biológicas, que teve adesão de quase todos os Estados, além da criação da Organização para a Proscrição de Armas Químicas (OPAQ), que atual inspecionando programas nacionais que possam vir a desenvolver esses armamentos, bem como prevenindo seu uso futuro. Nesse sentido, o direito humanitário evoluiu, significativamente para a solução desse tipo de armamento. Em contrapartida, as armas nucleares seguem uma questão para o direito de Genebra. Apesar da assinatura do Tratado de Não Proliferação Nuclear pela imensa maioria dos Estados e do estabelecimento de zonas livres de armas nucleares, seu artigo 6º, que trata sobre o desarmamento das potências nuclearmente armadas segue sem execução, consequentemente, enquanto o desarmamento não for completo, a proliferação será um risco. Em parecer à AGNU, outrossim, a CIJ fez o non liquet, ao não decidir se o uso de armas nucleares estaria de acordo com o direito internacional, caso a existências do Estado esteja em risco. Ainda assim, a Corte determinou a necessidade do desarmamento e as afetações das armas nucleares ao direito humanitário, como sendo um armamento desproporcional, que não diferencia combatentes de não combatentes e causa sofrimento desnecessário. Nesse contexto, para cumprir o art. 6º do TNP, a Coalizão da Nova Agenda, com protagonismo do Brasil, propôs o Tratado para o Banimento de Armas Nucleares, que já está em vigor, mas que não conta com a assinatura de nenhum país nuclearmente armado. Dessa forma, embora muito se haja conquistado, há, ainda, muito que evoluir no âmbito do Direito de Genebra."
        },
        {
            "Nome": "Jonas Paskauskas",
            "Inicio_candidato": 21972,
            "Inicio_redação": 22043,
            "Nota": 30.0,
            "Redação": "Surgido, em sua faceta moderna, durante o século XIX, o Direito Internacional Humanitário resulta da sensibilização dos países e da sociedade civil acerca da necessidade de proteção a indivíduos vulneráveis no contexto de conflitos armados entre Estados. Durante o século XX, o “jus in bellum” passa por significativo avanço conceitual, ampliando-se o escopo, os temas regulamentados e o rol de direitos e obrigações relativos a indivíduos de alguma forma envolvido em conflitos armados. Hodiernamente, o Direito Humanitário subdivide-se em vários ramos, a saber: o Direito de Genebra, que trata de combatentes e não combatentes durante um conflito; o Direito de Haia, referentes aos meios e métodos passíveis de utilização em um contexto de guerra; o Direito de Roma, pertinente à responsabilização penal de indivíduos sob os auspícios de TPI; e o Direito de Nova York, uma tentativa de afirmar, ainda que não integralmente, a vigência dos Direitos da Declaração Universal dos Direitos Humanos de 1948 no contexto de um conflito. Sendo uma das derivações do estudo mais amplo dos Direitos Humanos, o Direito Humanitário busca trazer alguma previsibilidade e princípios de humanidade à excepcional situação da guerra, onde nem todos os Direitos Humanos vigoram. (13 linhas) No estudo do Direito Humanitário, evidencia-se a centralidade do Direito de Genebra, que é o ponto de partida histórico-conceitual do “jus in bellum”. Nesse sentido, a despeito da existência de instrumentos anteriores e posteriores, as quatro Convenções de Genebra de 1949 e os Protocolos Facultativos de 1977 fornecem a matriz normativa essencial no contexto de um conflito armado. Nesse contexto, as convenções tratam de: não combatentes (civis); prisioneiros de guerra (também considerados não combatentes); náufragos e prisioneiros no contexto de batalhas navais; e feridos e médicos voluntários. Por outro lado, os Protocolos de 1977 buscaram tratar de omissões relevantes das quatro convenções iniciais. A primeira omissão suprida refere-se à extensão do Direito de Genebra a conflitos intraestatais, como guerras civis, que, até então não estavam no escopo das convenções, exceto por ilações doutrinárias e jurisprudenciais acerca da “cláusula Martens” (aplicação geral de regras de humanidade) prevista nas quatro convenções e instrumentos predecessores. A outra omissão que se buscou suprir foi a garanta de direitos a combatentes e a reafirmação da validade dos Direitos Humanos “lato senso” no contexto de um conflito. Destaca-se que, para ser considerado “não combatente”, civis, feridos, prisioneiros e náufragos não podem se engajar no conflito, sob pena de se perder o enquadramento jurídico na referida condição. (16 linhas) Com relação ao conflito armado propriamente dito, regulam-se, sobretudo, os meios e métodos utilizados o que perpassa pelos princípios da utilidade, da proporcionalidade e imediaticidade, todos ligados ao princípio geral de proteção a não combatentes. Por utilidade, entende-se que, durante um conflito militar, as forças em combate devem atacar apenas alvos úteis a objetivos militares, como bases, acampamentos, certos modais de infraestrutura, de modo a não agredir alvos desnecessários ao fim militar, como escolas, hospitais, residência civis. Quanto à proporcionalidade, entende-se 0que a destruição causada pelo meio de combate escolhido deve ser proporcional ao objetivo que se pretende atingir, de modo a evitar danos excessivos no âmbito do conflito, sobretudo à população civil. Por fim, o terceiro princípio indica que os meios escolhidos pelos combatentes devem evitar ao máximo que os efeitos do conflito perdurem no tempo, afetando as populações envolvidas mesmo após o encerramento das hostilidades. (11 linhas) A partir desses princípios, passaram- se a criar instrumentos normativos internacionais com o fim de conter a proliferação e o uso de algumas armas convencionais, mas sobretudo de armas de destruição em massa (químicas, biológicas e nucleares). A Convenção pela Proibição de Armas Biológicas (CPB), de 1978, é o primeiro acordo internacional a proibir integralmente o uso, desenvolvimento, transporte, estocagem e produção de um tipo específico de armamento. A CPB não prevê a criação de organismo fiscalizador, mas obteve êxito em extinguir a maior parte das armas biológicas, contando com ampla adesão dos países. No tocante às armas químicas, a Convenção de 1993 estabelece proibição nos mesmos termos da CPB, porém cria a OPAQ como organismo internacional capaz de fiscalizar a completa destruição dos arsenais químicos declarados, o que deveria ocorrer em até 5 anos após a adesão de cada Estado ou entrada em vigor do acordo. (10 linhas) Quanto às armas nucleares, a questão torna-se mais complexa na medida em que o TNP (1968), embora proíba Estados não nuclearmente armados de obter armas nucleares, não estabelece controle tão rígido quanto ao compromisso de desarmamento dos nuclearmente armados, o que sempre levantou críticas ao tripé do acordo (não proliferação, desarmamento e uso pacífico) como desigual. O TPAN, que proscreve as armas nucleares completamente e foi firmado em 2017, não conta com a participação de nenhum Estado nuclearmente armado. Por outro lado, em parecer consultivo solicitado pela AGNU, a CIJ afirmou que, embora, via de regra, o uso de armas nucleares seria contrário ao Direito Internacional Humanitário, sobretudo por violar o princípio da proporcionalidade, a Corte não teria como responder ao questionamento na hipótese de risco à existência do Estado. Apesar da inexistência de costume internacional sobre o assento, Cançado Trindade defende que o uso dessas armas viola norma de “jus cogens”. (10 linhas)"
        },
        {
            "Nome": "Anônimo",
            "Inicio_candidato": 27736,
            "Inicio_redação": 27790,
            "Nota": 30.0,
            "Redação": "O Direito Internacional Humanitário é um ramo específico dos Direitos Humanos aplicável aos conflitos armados, o que não impede que também o Direito Internacional dos direitos Humanos se aplique a essas situações. Há quem separe o Direito Internacional Humanitário em 4 categorias: o Direito de Genebra, o Direito de Haia, o Direito de Nova Iorque e, mais recentemente, o Direito de Roma. Dessas categorias o Direito de Genebra acaba por destacar-se, com suas 4 convenções e seus dois protocolos adicionais, documentos que, de maneira geral, assentam- se nos princípios gerais do Direito Internacional Humanitário. O primeiro princípio a regulamentar as operações militares em conflitos armados é o que impõe a obrigação de não haver ataques a civis, a bem civis ou a infraestrutura civil. Nesse sentido, esse princípio proíbe a guerra total, restringido os conflitos armados a alvos militares. O segundo princípio basilar é o da humanidade. Os métodos utilizados em uma guerra devem ser aqueles que proporcionem o menor sofrimento humano possível, motivo pelo qual inúmeras são armas proibidas pelo Direitos Internacional Humanitário, como as armas químicas e as biológicas. No caso específico dessas espécies de armas, sua proibição decorre não apenas do princípio da humanidade, mas também de convenções específicas, a saber a Convenção para Proibição de Armas Químicas e a Convenção para a Proibição de Armas Biológicas. Ambas as convenções impõem um banimento geral e sem exceções a essas armas, inclusive obrigando que os países signatários eliminem, imediatamente, seus arsenais químicos e biológicos. O Brasil é parte das duas convenções e faz parte da OPAR, organização humanitária criada para fiscalizar o cumprimento da Convenção para a Proibição das Armas Químicas. Por fim, o terceiro grande princípio do Direito Internacional Humanitário é o da proporcionalidade. De acordo com este, ao atacar-se um alvo militar, é preciso que os meios utilizados sejam proporcionais aos gastos militares que advirão do ataque, a fim de reduzir, ao máximo, os danos colaterais a bem, infraestrutura e pessoas civis. O Direito Internacional moderno teve seu desenvolvimento iniciado no século XIX, momento em que já alguns tipos de armas foram proibidas por tratados internacionais. Além disso, é também desse período as 3 primeiras Convenções de Genebra, cada uma delas tratando de um aspecto específico quanto à proteção daqueles que não participam da guerra ou que deixaram de participar. São objetos da proteção dessas convenções os náufragos e o feridos de guerra, os ex-combatentes e aqueles que atuam como profissionais da saúde. Esses mesmos três grupos seriam objeto das 3 primeiras Convenções de Genebra de 1949, elaboradas após a Segunda Guerra Mundial, a fim de atualizar as proteções conferidas pelas convenções do século XIX. A grande novidade, naquele momento, foi a proteção conferida aos civis, os quais foram o objeto específico da quarta Convenção de Genebra. Em comum, as 4 Convenções de Genebra tinham o fato de dirigir-se, precipuamente, à regulamentação dos conflitos armados envolvendo Estados. A respeito de conflitos armados internos, as convenções de 1949 eram silentes, à exceção de seus artigo 3º, 2comum a todas elas. Esse artigo permite vislumbrar que aquelas convenções também se direcionavam aos conflitos internos. Apesar disso, estes vieram, mais tarde, a ser regulamentados pelo Protocolo I à Convenções de Genebra de 1949, o qual trata especificamente sobre conflitos envolvendo civis e o Estado ou apenas entre civis. O Protocolo II às Convenções de 1949, por sua vez, trouxe regulamentações sobre a atuação da Cruz Vermelha e do Crescente Vermelho, como seus símbolos. Preocupação do Direito Internacional Humanitário, as armas nucleares ainda são um tema controverso, dados os aspectos políticos que, sempre, o envolvem. O Tratado de Não Proliferação (TNP), ao contrário de seus homólogos referentes às armas químicas e biológicas, nunca vedou, expressamente, as armas nucleares, pois embora não permitisse o desenvolvimento destas àqueles que não as tinham no momento da ratificação/adesão, não impõe, de forma peremptória, a obrigação de desarmamento àqueles países que já eram nuclearmente armados. Por sua vez, a CIJ, no caso Testes Nucleares, afirmou que não havia, no Direito Internacional, proibição do uso dessas armas. Ainda assim, seu uso estaria restrito: apenas em caso de resposta a ataque nuclear, em razão dos princípios da humanidade e da proporcionalidade. Apenas mais recentemente uma vedação expressa às armas nucleares foi estabelecida. Primeiramente, por meio do Tratado de Proibição Total de Testes Nucleares (CTBT), já ratificado pelo Brasil, mas ainda não vigente. Em segundo lugar, pelo Tratado de Proibição de Armas Nucleares (TPAN), que o Brasil assinou, após ser um grande defensor seu, e que já está em vigor."
        },
        {
            "Nome": "Anônimo",
            "Inicio_candidato": 32665,
            "Inicio_redação": 32719,
            "Nota": 27.0,
            "Redação": "O Direito Internacional Humanitário compreende normas destinadas à restrição de determinados tipos de armamentos em conflitos (Direito de Haia) e à proteção de não combatentes e locais civis (Direito de Genebra). A origem desse ramo do direito remonta ao fim do século 19, quando foram realizadas as primeiras conferências em Haia, foi criada o Comitê Internacional da Cruz Vermelha (CICV, dotado de personalidade jurídica internacional) e foi firmada a primeira Convenção de Genebra. O Direito Internacional Humanitário evoluiu rapidamente após a II Guerra Mundial, pois os países foram e suas populações civis foram profundamente abaladas pelo conflito. As normas em questão estabelecem um patamar de proteção em tempo de guerra, sendo consideradas normas de jus cogens. Desse modo, não pode um Estado alegar sua não vinculação ao Direito Internacional Humanitário, e a violação dessas normas acarreta a responsabilidade internacional do país ou do indivíduo violador. As quatro Convenções de Genebra de 1949 e os dois Protocolos Adicionais de 1977 formam a base do Direito Internacional Humanitário. As Convenções possuem um art. 3º em comum, o qual garante um patamar mínimo de proteção em conflitos não internacionais, uma vez que as normas das convenções são primordialmente destinadas aos conflitos internacionais. Cada convenção regula temas específicos: os grupos de pessoas que não devem ser alvos de ataques; os locais que não devem ser alvos de ataques; 3o auxílio humanitário concedido pela CICV, por outras organizações interacionais e por terceiros Estados; e a proteção a combatentes feridos que não mais estão em batalha. Os Protocolos aprofundaram o grau de proteção das convenções, sendo um destinado a regular o Direito Humanitário em conflitos internacionais e outro destinado a estabelecer regras para os conflitos não internacionais. A violação dos textos mencionados constitui crime de guerra, conforme os termos do Estatuto de Roma do TPI. A regulamentação das operações militares em um conflito armado é âmbito do Direito de Haia, o qual tem seu conjunto normativo segmentado em uma série de tratados. No entanto, observa-se três princípios centrais do Direito de Haia. Primeiro, o princípio da necessidade: as operações militares só devem ser executadas caso sejam necessárias para os objetivos do grupo beligerante, sendo vedadas ações supérfluas. Segundo, o princípio da humanidade: as operações militares devem causar o menor nível de sofrimento humano possível, sobretudo no que diz respeito aos civis. Terceiro, o princípio da proporcionalidade: as operações militares devem realizar ações proporcionais à situação de guerra e aos atos que lhe foram infligidos. O Direito Internacional Humanitário, no ramo do Direito de Haia, também compreende a proibição a determinados tipos de armamentos, os quais são considerados excessivamente danosos aos civis e aos combatentes, como é o caso das armas químicas e biológicas. Na década de 1920, o Protocolo de Genebra determinou a proibição do uso de armas químicas e biológicas, sem mencionar sua produção, estocagem ou venda. A proibição completa desses armamentos foi estabelecida apenas após o fim da II Guerra Mundial. Primeiro, foi firmada a Convenção sobre Armas Biológicas e, depois, nos anos 1970, foi firmada a Convenção sobre Armas Químicas. Ambas proíbem o uso, a produção, a estocagem e a transferência desses armamentos, além de prever sua destruição e/ou entrega. No entanto, apenas a segunda convenção conta com um órgão fiscalizador de seu cumprimento, a OPAQ. A essa organização compete a monitoração do desenvolvimento de armas químicas, a exemplo de suas atividades na Síria. O principal tratado acerca do estatuto das armas nucleares é o TNP, baseado nos pilares de não proliferação, uso pacífico da tecnologia nuclear e desarmamento. Esse tratado “congelou” o poder mundial, pois permitiu que os Estados nuclearmente armados em 1968 (EUA, URSS, Reino Unido, França e China) mantessem seus arsenais e apenas se comprometessem de forma vaga com o desarmamento (art. 6º). Os demais Estados-parte foram proibidos de adquirir armas nucleares. Os testes nucleares foram, de início, regulados pelo PTBT (proíbe testes de superfície) e, depois, pelo CTBT (proibição completa dos testes). Nos anos 1990, o Protocolo Adicional do TNP determinou maior ingerência da AIEA nos estabelecimentos nucleares dos países signatários. Em 2017, com a contribuição do Brasil, foi firmado o TPAN, que proíbe as armas nucleares de forma similar ao regime de armas químicas. Os países nuclearmente armados não assinaram o TPAN. Em parecer consultivo, a CIJ já afirmou que o uso de armas nucleares é, a priori, contrário ao Direito Humanitário, mas, em caso de ameaça à integridade do Estado, a Corte afirmou o “non liquet”. No caso das Ilhas Marshall sobre armas nucleares, a CIJ não analisou a questão, pois não haveria uma controvérsia jurídica. Em voto divergente, Trindade condenou a posse e o uso dessas armas."
        }
    ]
}