{
    "Nota Máxima": 20.0,
    "Nota Média": 15.0,
    "Menor Nota": 12.0,
    "Pergunta": "Pesa sobre a geração 1870 a acusação de ter se interessado mais em edificar novos sistemas filosóficos que em interpretar a realidade nacional, ignorando solenemente, salvo honrosas exceções, como Joaquim Nabuco, os problemas cruciais da sociedade brasileira, sobretudo a escravidão: “Os brasileiros liam [...] de regra sem nenhum espírito crítico. [...] Caudatários. Na sua cultura, imitativos, no pensamento – e cônscios disso - [...], estavam mal preparados para discutir as últimas doutrinas sociais da Europa”. Acredito que o diagnóstico da imitação resulta de dois procedimentos adotados pelos analistas. De um lado, a incorporação acrítica das interpretações e classificações construídas pós-factum por membros da própria geração de 1870, em suas memórias, já na República. Assim endossaram a clivagem doutrinária como eixo explicativo do movimento. De outro, supuseram que o campo intelectual fosse autônomo, analisando, em decorrência, o movimento por comparação com sistemas intelectuais europeus. Alonso, Angela. Ideias em movimento: a geração de 1870 na crise do Brasil-Império. São Paulo: Paz e Terra, 2002, pp. 21 e 22, com adaptações. Considerando que o excerto apresentado tem caráter meramente motivador, redija um texto dissertativo acerca das relações entre a crise do Estado Monárquico e a vida acadêmica, científica e literária no Segundo Reinado. Aborde, necessariamente, os seguintes tópicos: o contexto sociopolítico que levou ao surgimento da geração de 1870; a circulação intelectual na segunda metade do século 19; e a crise da Monarquia. ",
    "Padrão de Resposta": "Espera-se que o candidato redija o texto considerando os aspectos a seguir. Q1. A geração 1870 é alvo de investigações desde o seu surgimento na segunda metade do século 19. De lá para cá, muitos intérpretes buscaram elucidar as causas de sua formação, bem como os seus pensamentos, a origem social, além do impacto político e intelectual. Espera-se, nesse sentido, uma reflexão mais ampla acerca do lugar ocupado pelos atores desse movimento na conjuntura que antecede a queda do Segundo Reinado, logo, sabendo situá- lo dentro de sua importância histórica para o referido período. Q2. Como elemento inicial de análise, o candidato deve ressaltar que, antes de tudo, os movimentos intelectuais e políticos encabeçados pela geração 1870 assumiram um caráter de contestação à ordem estabelecida, a saber, o domínio dos saquaremas e o liberalismo estamental; sendo assim, tal geração adotou uma postura crítica ao status quo dominante. Q3. Cabe ressaltar a importância de se considerar que a hierarquização social, herdeira do Antigo Regime e inserida no jogo de dominação das elites liberais e conservadoras, barrava o ingresso ao poder de novos agentes, bem como a ascensão daqueles que, já inseridos nas estruturas de poder, se encontravam marginalizados. Dessa forma, as críticas e as reformas almejadas visavam também à inserção desses agentes no cenário político em vigor ou na alteração dele.  Q4. Ainda em relação ao contexto sociopolítico que levou ao surgimento da geração 1870, é fundamental destacar as mudanças ocasionadas pela chamada modernização conservadora, a qual, mesmo incompleta, possibilitou uma maior permeabilidade social e econômica. Além disso, tais reformas foram responsáveis por uma cisão na elite política dominante, assim, foi aberto o espaço para as contestações extrainstitucionais. Q5. No que concerne à circulação intelectual na segunda metade do século 19, o candidato deve mencionar também que a geração 1870 se destacava pela propagação de ideologias progressistas, vistas amiúde como radicais por seus detratores enraizados na estrutura estatal do Império. Apesar de serem muito influenciados por filosofias europeias, como darwinismo social, spencerianismo, positivismo, entre outras, as apropriações por parte dos agentes envolvidos – outrora interpretadas pela historiografia como cópias ornamentais de ideias europeias – davam-se mediante necessidades das disputas políticas em vigor; desse modo, o repertório intelectual do movimento era formado por elementos estrangeiros, mas também pela tradição e peculiaridades nacionais. Q6. O estabelecimento de uma unidade doutrinária e intelectual para o grupo é inviável, dado que as ideias eram tão diversas quanto as apropriações e as necessidades de sua aplicação nas disputas políticas. Por isso, demonstrará erudição e domínio do conteúdo o candidato que considerar o ecletismo e o sincretismo dessas ideias, que longe de serem “puras” na Europa muito menos eram no Brasil. Reputam-se como defasadas as teses que visam a analisar os postulados intelectuais do movimento pelo viés da fidelidade doutrinária, ou não, a suas raízes europeias. Q7. É necessário destacar também que os debates se davam, na maioria das vezes, em esferas públicas de discussão, e não pelas vias institucionais, como 7o Parlamento e as instituições educacionais, mantidas pelo Estado. Aliás, muitos de seus agentes somente integraram as estruturas oficiais de ressonância intelectual e política durante a República. Desse modo, a imprensa, as publicações diversas e os palanques eram, frequentemente, as formas mais usuais de propagação de seu pensamento. Q8. É imprescindível que o candidato mencione a impossibilidade de se desvincular a trajetória da geração 1870 da crise que se abateu sobre o Império nas últimas décadas do século 19. A grande experiência social compartilhada por esse grupo era a exclusão nas entranhas do aparato político e administrativo do Segundo Reinado, e o seu nascimento deu-se justamente em contestação a essa ordem. Á medida em que se fendia, a estrutura do regime abria espaço para novas ideias contestatórias; dessa forma, pode-se dizer que a ação dos membros desse movimento alimentou- se da crise e fomentou-a. Ao pregarem o fim do sistema de trabalho escravista vigente, a extinção do Poder Moderador e a laicização do Estado, os integrantes dessa geração minavam os pilares que sustentavam o regime desde então. Q9. Em que pese a constatação da marginalização e da exclusão do grupo representado pela geração 1870, diante do cenário político vigente na época, é importante destacar que tal grupo fazia parte de certa elite nacional, haja vista que o próprio letramento era um fator de distinção. Mesmo aleijada das altas instâncias de poder, essa elite não buscou uma ruptura radical e, sim, uma profunda reforma nos aparelhos do Estado, e uma prova disso é a opção por ideologias não revolucionárias – como, por exemplo, o positivismo – ao invés de opções revolucionárias como o marxismo, também disponíveis no repertório daquela época. Q10. O candidato deve ressaltar, por fim, que muitos integrantes dessa geração posteriormente ocuparam lugares de destaque na construção política e intelectual da República, como é o caso de Júlio de Castilhos, Campos Sales, Prudente de Moraes, Rui Barbosa, Sílvio Romero, entre outros. Armados de ideias abolicionistas e republicanas, muitos desses atores pavimentaram os caminhos que o novo regime percorreria.",
    "Candidatos": [
        {
            "Nome": "Gabriela Barcelos",
            "Inicio_candidato": 7515,
            "Inicio_redação": 7593,
            "Nota": 17.0,
            "Redação": "As ideias que circularam no Império do Brasil ao longo da segunda metade do Segundo reinado foram importantes fatores para a desestabilização do regime monárquico. A chamada geração de 1870 foi influenciada, internamente, pelas reformas instauradas pelo Visconde do Rio Branco, pela renovação empreendida no Parlamento após a implementação da Lei dos Círculos, pelo contexto de crise econômica oriunda da Guerra do Paraguai, entre outros, e, externamente, pelas ideias liberais que circulavam nos Estados Unidos e na Europa. A emergência da Geração de 1870 traz uma reorganização da configuração partidária que havia se estabelecido desde o início do Segundo Reinado. Até o período, dois partidos dominavam as relações no Parlamento, os liberais e os conservadores, tendo havido ainda entre 1853 e 1858 a união dos dois no chamado Gabinete da Conciliação. O breve período de predomínio liberal no Gabinete Zacarias no início dos anos 1860 é interrompido pela atuação do Imperador em favor do conservador Visconde do Rio Branco a fim de finalizar o conflito no Paraguai. Se, por um lado, a intervenção no Imperador gerou um racha entre os liberais, que formaram dois outros partidos, o Partido Liberal e o Partido Radical – posteriormente Partido Republicano –, por outro, possibilitou ao Visconde do Rio Branco implementar uma série de reformas que teriam importante consequências nos anos seguintes. Com uma agenda destinada a implementar pautas liberais, o Visconde do Rio Branco foi responsável, entre outras coisas, pela criação de faculdades, notadamente a faculdade de Geologia de Ouro Preto, possibilitando a jovens de classe média formar-se e terem ambições de ter mais poder político, e implementou também a Lei do Terço, que garantia que a cada dois deputados eleitos na província, um seria de oposição. Tais medidas são importantes para a compreensão dos debates da década de 1870. Uma nova classe média urbana formava-se e, como tal, refletia uma dada percepção de sua exclusão do debate político. Compreende-se, nesse sentido, a formação mesmo do Partido Republicano logo após o lançamento do Manifesto Republicano de 1870. Majoritariamente formado por profissionais liberais urbanos, defendia o fim do Conselho de Estado, do Poder Moderador, a defesa de direitos civis e políticos, embora não tocasse no tema da escravidão. Cabe, no entanto, ressaltar que o Partido Republicano Paulista, criado na Convenção de Uti, tinha outras prioridades. Formado, sobretudo, por proprietários rurais de novas zonas de produção cafeeira, tinham interesse na autonomia regional para levarem à frente seus negócios estando os direitos civis e políticos em segundo plano. A efervescência intelectual que marca o período não é apenas fruto de uma conjuntura interna, mas também da absorção de desenvolvimentos internacionais, do que são exemplo a Guerra Civil nos Estados Unidos e a instauração da III República na França, após a queda da Comuna de Paris. Noções de defesa do liberalismo rapidamente difundiram-se no Brasil e, embora muitos pesquisadores defendam que essas ideias foram 9adotadas acriticamente, pesquisas mais recentes como a de Angela Alonso advogam que essas ideias foram selecionadas à partir de sua adaptação ao contexto brasileiro, e lidas sob uma perspectiva local. Assim, liberalismo, darwinismo e positivismo encontraram bastante receptividade no Brasil. Sob vários aspectos essas ideias estiveram presentes na crise que levou ao ocaso da Monarquia. O liberalismo, notadamente político, estava presente no Parlamento com o Partido Republicano e com as intensas críticas levantadas pelo grupo e pelos jornais à manutenção do regime e à crise oriunda do conflito no Paraguai. O positivismo também esteve presente, sobretudo na formação de cadetes na Praia Vermelha. Sob liderança de Benjamin Constant, os jovens receberam formação altamente intelectualizada que pregava a participação do soldado na vida política, o que foi nomeado por José Murilo de Carvalho como a ideologia do soldado-cidadão. Embora outras questões também tenham sido fundamentais para a crise do Império, a difusão de ideias renovadoras teve importante papel."
        },
        {
            "Nome": "Guilherme Dias",
            "Inicio_candidato": 20959,
            "Inicio_redação": 21023,
            "Nota": 15.0,
            "Redação": "Nas últimas décadas do Segundo Reinado, ocorre um fortalecimento do exército brasileiro após a Guerra do Paraguai, uma crescente luta contra a escravidão até sua abolição, e o que foi chamado por alguns especialistas de “ideias fora do lugar, que foi a incorporação das novas ideologias europeias na política e na cultura brasileira da geração de 1870. Estas três questões estão entre as principais que levaram à proclamação da república.  A cultura durante o Segundo Reinado era pujante. Instituições como o IHGB, as faculdades de direito de Olinda e de São Paulo e a imprensa dinâmica eram verdadeiras pontos focais de desenvolvimento de ideias, debates e manifestações culturais. Além disso, o próprio Estado financiava e fomentava a cultura e a literatura brasileira, chegando a subvencionar artistas como Pedro Américo para estudar na Europa. O IHGB realizava concursos para desenvolvimento da academia brasileira, como o que Von Martius ganhou sobre a história brasileira, e a Coroa financiava exposições científicas típicas da Belle époque no Rio de Janeiro, e selecionava as melhores exposições nacionais para representarem o Brasil nas grandes exposições internacionais, como as de Paris ou de Londres. Ademais, o Brasil foi importante participante de organizações internacionais científicas, como a União Internacional do Telégrafo, primeiro organismo internacional do mundo e do qual o Brasil e membro fundador. 3Tamanha pujança cultural, no entanto, fez os brasileiros entrarem em contato com as novas ideologias europeias, como o Positivismo, o Darwinismo social, o Naturalismo, o Realismo, o Republicanismo, entre outras. Esse contato teve seu ápice durante a geração de 1870, tendo como expoentes, por exemplo, Olavo Bilac no positivismo e Machado de Assis no Realismo. Esses movimentos, ocorrendo após uma certa queda de prestígio da monarquia após a Guerra do Paraguai, e devido à ascensão de grupos intelectuais e políticos que se sentiam alijados do poder, levou a um cenário de instabilidade progressiva que resultaria no fim da monarquia. Ocorre, em 1870, a popularização do abolicionismo, da ideia de branqueamento, surge o embrião dos partidos republicanos, e fortalece-se o exército O exército tinha pouco prestígio político desde a independência do Brasil por ser considerada uma instituição portuguesa. Na década de 1860, no entanto, com a vitória decisiva na Guerra do Paraguai, e com a queda do gabinete liberal e a ascensão de Duque de Caxias, a instituição começou a ter um prestígio que nunca havia tido, porém ainda não se sentiam representados politicamente. Na década de 1870, devido à participação de escravos na Guerra do Paraguai, a instituição foi ficando progressivamente abolicionista, chegando a declarar no final da monarquia que não mais perseguiria escravos fugidos. Além disso, com esse novo prestígio, a instituição passou a ter conflitos com os civis, principalmente os gabinetes liberais, que eram contra manifestações políticas de oficiais militares, como o caso de Sena Madureira. “O exército tem que pedir permissão até para gemer”, diziam. Além disso, com o ensino positivista de Olavo Bilac nas escolas militares, os novos oficiais passaram a ser contra as elites políticas e o regime, almejando um governo forte para acabar com a corrupção dos civis. Nos anos 1880, com a perda de prestígio da monarquia perante os liberais, e com os conflitos entre civis e militares, o regime perde seu último sustentáculo com a abolição da escravidão. Agora, nem a elite escravocrata sustentava a monarquia. Com a perda de prestígio e sustentação da monarquia e as acusações de corrupção na elite política, como no caso do baile da ilha fiscal, os jovens militares positivistas cooptam a liderança militar de Deodoro da Fonseca e derrubam a monarquia em 1889 com apoio dos republicanistas.4"
        },
        {
            "Nome": "Jonas Paskauskas",
            "Inicio_candidato": 11743,
            "Inicio_redação": 11818,
            "Nota": 17.0,
            "Redação": "A vida acadêmica, científica e literária no Segundo Reinado é fortemente influenciada por instituições e pelo ideário difundido a partir do “Regresso Conservador”. Já na regência uma de Araújo Lima, criar-se-iam instituições destinadas a reforçar a coesão política das elites a partir da difusão de uma identidade nacional que se pretendia superior aos regionalismos. OIHGB, responsável pela narrativa historiográfica marcada pelo “mito das três raças”, sobretudo após a tese Von Martius e a teorização de Varnhagen, o Colégio Pedro II, difusor de um modelo de educação e um ponto de congressão das elites, e as reformas educacionais que estabeleceriam coerência curricular entre as Faculdades de Direito de São Paulo e Recife teriam papel central na estabilidade política do Segundo Reinado. Por outro lado, a Guerra do Paraguai, que foi um dos principais eventos durante o chamado “Renascer Liberal” (Basile), soma-se ao alijamento de grupos políticos da burocracia e à chegada de novas ideias, de origem europeia, que influenciaram figuras como Joaquim Nabuco, Rui Barbosa e outros, que elaboraram o projeto alternativo à monarquia ante a erosão de suas bases. Durante a década de 1860, o Partido Progressista, cujo nome de maior destaque era Zacaria Goes de Almeida, encarnou o espírito da conciliação entre liberais e conservadores moderados, após cerca de 15 anos de domínio do Partido Conservador nos gabinetes. Nesse contexto, a Guerra do Paraguai, devido à sua duração e elevada mortalidade, 0acabou enfraquecendo o partido e levando à sua queda em 1868, reiniciando um período de predominância conservadora até 1878. Nesse contexto, indivíduos, sobretudo jovens bachareis ligados a ideias liberais foram, em grande medida, impedidos de integrar ou de obter maior proeminência na burocracia estatal, o que os levou a adotar postura crítica ao governo. No âmbito externo, o ideário positivista se difundia em formas variadas, promovendo o cientificismo nos campos político e social e ensejando a elaboração de novos sistemas teóricos de governo e mesmo de um ideário racista pautado no darwinismo social. As chamadas “ideias fora do lugar” reverbariam no Brasil a partir, sobretudo, da geração de 1870, da qual muitos indivíduos seriam abolicionistas, republicanos, defensores do embranquecimento e da imigração europeia, entre outras ideias que, nem sempre, seriam convergentes. Embora os membros da “Geração de 1870” pertencessem, em grande medida, à elite cafeicultura, figuras de origem popular, como Luiz Gama e José do Patrocínio, sem jamais pertencerem a esse grupo, estabeleceram pontos de contato relevantes com essas personalidades. Na segunda metade do século XIX, a imprensa se afirma como uma das principais maneiras de circulação intelectual. Considerando o elevado índice de analfabetismo do Império, os debates políticos de maior envergadura acabavam restritos a uma elite letrada e europeizada pelas instituições e visão cultural estabelecidas pelo Regresso Conservador. Evidentemente, isso não obstava totalmente o engajamento político da população via “murmuração” de ideias, embora a “cidadania em negativo” fosse a regra do período. De toda sorte, os anos 1870 apresentariam algumas inovações em matéria de circulação intelectual, para além da imprensa e dos meios acadêmicos, o que se verificaria nos “meetings” e nos manifestos políticos dos partidos conservador, liberal, liberal radical e republicano. O “reform mongering” deflagrado pelo Gabinete Rio Branco, do qual a Lei do Ventre Livre seria a maior expressão, tinha como objetivo esvaziar a agenda liberal ao se implementar, de forma controlada, algumas propostas que persistiam desde o renascer dos anos 1860. Não obstante, o contexto da década representava a difusão de ideias que atacavam as próprias bases do regime monárquico, como o abolicionismo e a república. Após a Lei do Ventre Livre, o movimento abolicionista ganha força e forma efetiva, tendo na geração de 1870 alguns de seus principais defensores. Os chamados “meetings”, espécies de comícios, ajudariam na difusão do ideário abolicionista entre a população, somando- se à crescente pressão internacional de organizações civis e estrangeiras e à crescente insatisfação do exército com o escravismo brasileiro desde a Guerra do Paraguai. Sendo o Brasil, desde o fim da Guerra de Secessão Americana, o último grande Estado escravista, a posição se tornava cada vez mais insustentável. Por outro lado, a difusão do positivismo entre oficiais da escola militar da praia vermelha, influenciados pelo salvacionismo de B. Constant, se somaria à Questão Militar, deflagrada pela insatisfação com a inclusão de contribuição obrigatória à caixas de montepio e agravada pelos episódios envolvendo as punições a Sena Madureira por suas declarações à imprensa e manifesta adesão ao abolicionismo (convite a Dragão do Mar à escola de tiro do RJ). A abolição em 1888, vitória política da Princesa Isabel, terminaria por erodir a última base de apoio do Império.1"
        },
        {
            "Nome": "Mateus de Andrade",
            "Inicio_candidato": 16819,
            "Inicio_redação": 16898,
            "Nota": 16.5,
            "Redação": "Para analisar a crise do Estado monárquico brasileiro, cumpre analisar as transformações ocorridas em função das gerações de 1860 e 1870. Essa análise é feita por Ângela Alonso por meio do conceito de “ideias fora do lugar”. Cumpre analisar também as transformações ocorridas no Gabinete Rio Branco (1871-1875), no exército e na literatura. A década de 1860 seria marcada pelo “Renascer Liberal”, causado principalmente pela Lei dos Círculos (1855). Os autores, cientistas e políticos da década de 1860 se orientariam, de acordo com José Murilo de Carvalho, de acordo com ideias da sociologia histórica. Deriva daí o fato da Geração de 1860 ser mais radical do que a Geração de 1870, visto que essa última era orientada por ideias advindas do determinismo biológico, expressado por Spencer e Gobineau. A Geração de 1860, por meio do Clube Radical, pedia pela abolição da escravidão, enquanto a Geração de 1870 não o fazia, haja vista a presença de proprietários de terra no Movimento Republicano, e em especial no Partido Republicano Paulista. Além do determinismo biológico, a Geração de 1870 sofreu influências do Positivismo, formulado por Auguste Comte. Essa ideologia seria presente principalmente no seio do exército, que seria o responsável pela queda da monarquia. A Geração de 1870 encontraria fertilidade em função da modernização levada a cabo pelo Gabinete Rio Branco. Após anos de Hegemonia Progressista, as ideias liberais não haviam sido aplicadas, em função da heterogeneidade do Partido Progressista. Coube ao Gabinete Rio Branco “roubar” a agenda liberal. Logo, foram criadas diversas vagas no ensino superior; o Brasil integrou-se à Europa por meio de uma rede telegráfica; a Guarda Nacional foi desmobilizada e promulgou-se a Lei do Ventre Livre. A modernização de Rio Branco levaria ao aumento da circulação de ideias dentro do Brasil e entre o país e a Europa. Logo, a Geração de 1870 teria maior facilidade de articulação do que as anteriores. Antes dela, por mais que existissem ideias abolicionistas (vide os poemas de Castro Alves) e republicanas (vide a influência iluminista), as mesmas não logravam circular pelo país. Logo, a partir de 1870, ideias que gerariam o ocaso do Império passam a proliferar-se. O Movimento Republicano seria formado a partir do Manifesto Republicano. O exército, recém saído da Guerra do Paraguai, seria influenciado, em todo território nacional, por ideias abolicionistas. Já o abolicionismo teria melhores meios de organização, visto que comícios e rifas seriam organizados em prol da libertação de cativos. No campo científico, notar-se-ia grande progresso. A circulação de ideias científicas pode ser comprovada pelo aumento de ferrovias no país e pela presença do Imperador na Conferência Científica da Filadelfia. Já na literatura, observa-se a ascensão de Machado de Assis. O autor não teria tido tamanha popularidade, caso não houvesse veículos disponíveis para veicular sua obra. Estava completo o sistema literário segundo Antônio Candido.2Contudo, os intelectuais surgidos em 1870 não encontravam espaço no sistema político brasileiro. O exército não se via representado nas instituições políticas após a morte de Osório e Caxias. Os abolicionistas, durante o Gabinete Cotegipe, só tinham Joaquim Nabuco como representante. Já os republicanos não logravam organizar-se em função de sua heterogeneidade. Desse modo, a Geração de 1870 levaria ao fim do Império por meio da questão militar e da questão abolicionista. O abolicionismo tomaria as ruas após a Lei dos Sexagenários (Saraiva-Cotegipe) e o exército pressionaria o Império em função da Questão Sena Madureira e das fichas sujas pelos gabinetes liberais da década de 1880. Logo, após o Baile da Ilha Fiscal, o Império conheceria seu fim, sacramentado pelo movimento militar positivista do 15 de Novembro de 1889. Angela Alonso discorda da noção de que a Geração de 1870 orientava- se por ideias europeias fora do lugar. Tratava-se de ideias interpretadas por brasileiros, aplicadas em um contexto específico, diferente daquele da Europa."
        },
        {
            "Nome": "Anônimo",
            "Inicio_candidato": 24853,
            "Inicio_redação": 24910,
            "Nota": 12.0,
            "Redação": "O Segundo Reinado foi um momento de ebulição de ideias, seja pela produção intelectual nacional, seja pelo “bando de ideias novas” que vinham de além-mar. Duas instituições criadas na regência tiveram destaque no reinado tiveram destaque no reinado de Dom Pedro II: o Colégio Pedro II e o Instituto Histórico e Geográfico Brasileiro (IHGB). O IHGB, em especial, foi fundamental para as discussões acerca da construção da identidade nacional, como nos trabalhos de Von Martius sobre as três raças e de Adolpho de Varnhagen e a importância da herança portuguesa. Outras instituições de ensino também foram relevantes, como as escolas de direito de São Paulo e de Recife (antes Olinda), de matriz coimbrã e que serviram para a homogeneização das elites, como pondera José Murilo de Carvalho. Ademais, havia as escolas de medicina do Rio de Janeiro e de Salvador, de minas e farmácia em Ouro Preto e as escolas de matriz militar, como a Politécnica e a Escola Militar, de grande relevância a partir dos anos 1870 como difusora das ideias positivistas, ensinadas tanto a civis quanto a militares por Benjamin Constant. O Imperador atuou como um mecenas da atividade científica e literária no Brasil. Escritores como Gonçalves de Magalhães e José de Alencar tiveram obras patrocinadas pelo monarca, que também trouxe ao Brasil inovações tecnológicas, como o telefone. Entretanto, esse movimento intelectual ainda estava restrito às elites. Outros meios de circulação de ideias ganharam relevância, como os panfletos e os jornais. Nesse contexto, surge a chamada “Geração de 1870”. Esse movimento é antecedido por outro de viés mais progressista, agregado em torno do chamado “Clube Radical”, criado em 1868 como uma reação à queda do gabinete Zacarias, de cunho liberal. Essa agremiação advogava o fim de instituições como o Senado Vitalício, o Conselho de Estado e, principalmente, da escravidão o mais brevemente possível. O grupo passou a promover suas ideias pela imprensa mas também fez uso de comícios públicos, método que seria replicado pela geração de 1870. A geração de 1870, como aponta Ângela Alonso, não estava preparado para discutir as ideias vindas da Europa. Em sua maioria, não era um corpo de intelectuais, mas sim de políticos que se apropriavam do discurso e o moldavam ao seu melhor servir. O abolicionismo, central para o Clube Radical, não entrou com vigor na pauta da geração de 1870, porém ideias como o positivismo e outras doutrinas socio-políticas sim. Alguns abraçaram conceitos da frenologia e corruptelas do evolucionismo para descartar a manumissão de escravos como um ato de dignidade humana e torná-lo um objetivo ”gradual”. O primeiro grande documento dessa geração é o Manifesto Republicano de 1870. Difundido pelos jornais, inova em relação aos radicais de 1868 ao defender essa forma de governo. Defende uma centralização de poder em nível mais aprofundado do que o prezado pelos radicais.5A geração de 1870 é composta por profissionais liberais em menor número do que a sua antecessora. Em compensação, há o crescimento da importância da elite cafeicultora paulista, que em 1873 fundaria o Partido Republicano Paulista em Itu. Destaca-se também a influência que o positivismo exerce sobre os militares lotados no Rio Grande do Sul, especialmente. Esses grupos terão influência decisiva na queda da monarquia ao buscarem alternativas ao sistema centralizador. Assim, as crises da monarquia podem ser entendidas como uma combinação de insatisfação militar, desejo por maior poder pelos civis eleitos democraticamente e descontentamento com a forma pela qual foi conduzida a questão abolicionista, em especial pelas elites escravocratas (republicanos do 14 de maio, como rotulados por José do Patrocínio)."
        }
    ]
}