{
    "Nota Máxima": 30.0,
    "Nota Média": 17.0,
    "Menor Nota": 9.5,
    "Pergunta": "A todos nos pareceu tão bem esta terra, que o capitão determinou de a povoar, e deu a todos os homens terras para fazerem fazendas e fez uma vila na ilha de São Vicente[...]. pôs tudo em boa obra de justiça, de que a gente toda tomou muita consolação com verem povoar vilas, e ter leis e sacrifícios, e celebrar matrimônios, e viverem em comunicação das artes, e ser cada um senhor do seu, e vestir as enjúrias particulares, e ter todos os outros bens da vida segura e conversável. SOUSA, Pero Lopes. Diário de Navegação de Pero Lopes de Sousa (1530-1532). v.1. Rio de Janeiro: Typogra- phia Leuzinger, 1927, pp. 340-342, com adaptações.Considerando que o excerto apresentado tem caráter meramente motivador, redija um texto dissertativo a respeito da configuração territorial da América portuguesa no Período Colonial (séculos 16 a 18). Aborde, necessariamente, os seguintes tópicos: a relação entre o paradigma jurisdicionalista do governo e a organização territorial do poder; a formação de capitanias e do governo geral, com as respectivas características; as vilas, as cidades e outras expressões do poder local; e as mudanças nas concepções e as práticas ligadas à territorialidade no século 18 ",
    "Padrão de Resposta": "Espera-se que o candidato redija o texto considerando os aspectos a seguir. Q1. Deve-se iniciar sublinhando a importância da administração da justiça, que estruturava a governação nas sociedades do Antigo Regime da época moderna, situando o papel do monarca na organização das gentes e do território. Deve-se destacar que governar de forma justa significava, entre outros elementos daquele pacto político, conservar e expandir o reino, estabelecer a justiça e a equidade, bem como recompensar os vassalos com mercês e privilégios.  Q2. Território e jurisdição faziam parte da mesma perspectiva de administração do poder na América portuguesa, estruturada pela institucionalização dos territórios. É necessário observar as características da colonização, marcada pela atuação de feitores e almoxarifes como representantes da Monarquia no território, e a primeira divisão territorial em capitanias na década de 1530, ressaltando-se a emergência de um governo geral em 1549. Q3. Entre as características gerais da formação das capitanias hereditárias, cabe marcar a noção de recompensa segundo a lógica das mercês, o desenvolvimento de um conjunto de estratégias visando ao povoamento e a sua proteção, e a defesa da fé católica, premissa da expansão. Além disso, deve-se mostrar que as capitanias eram senhorios jurisdicionais, cabendo aos donatários administrar os territórios particulares que lhes cabiam, arrecadar rendas, nomear funcionários, distribuir sesmarias e manter a comunicação política com a Monarquia. Q4. Cumpre assinalar o processo lento e descontínuo de territorialização nos séculos 16 e 17, podendo-se definir a América portuguesa no período como um “arquipélago de assentamentos”. É necessário mencionar que essa situação teve repercussões administrativas relevantes, impelindo à autonomização jurisdicional e à formação de polos socioeconômicos específicos. Um exemplo de destaque é o do estado do Maranhão, autonomizado nas primeiras décadas do século 17. Q5. Deve-se discutir a coexistência de capitanias da Coroa e de capitanias hereditárias, o que deu origem a duas perspectivas político-territoriais e de administração. Também é importante indicar que o processo não foi planejado e (ou) linear, sendo orquestrado ao longo dos séculos 16 e 17 a partir de desafios contingentes. Além disso, deve-se também marcar a sobreposição de jurisdições, em que a atuação dos oficiais de justiça dos donatários coincidia com os territórios das capitanias, enquanto a organização da Coroa levou à criação das comarcas, cuja área de atuação nem sempre coincidia com aquelas das capitanias. Q6. É preciso considerar, ainda, a afirmação de setores de povoamento esparsos e com considerável grau de autonomia que limitava as prerrogativas do governo da Bahia. Não obstante, sua capacidade de ingerência nos territórios variava conforme a matéria; em certos casos, como a defesa do Estado do Brasil, o lugar hierárquico do governo geral era forte. Por outro lado, as matérias de ordem local, como a concessão de sesmarias, conferiam alta margem de manobra aos capitães- mores e (ou) aos governadores. Q7. Quanto aos conselhos dirigidos pelas Câmaras, cabe ao candidato destacar que eles desempenharam papel decisivo no âmbito político- territorial como bases da organização do poder local. Tratava-se de um modelo presente em todo o território continental, o qual foi transferido para os territórios ultramarinos, sendo preciso indicar que esse processo foi pontuado por adaptações segundo as circunstâncias. São exemplos disso os desafios impostos pela extensão dos territórios e pela configuração social da América portuguesa. Ademais, é fundamental citar que esses espaços também recebiam as manifestações dos interesses dos colonos, instituindo- se como arenas de negociação. Q8. É imprescindível mencionar que houve alterações significativas nas concepções de territorialidade na segunda metade do século 18, sobretudo a partir do Tratado de Madrid e da expulsão dos jesuítas, momento em que também se configurava a chamada “ciência de polícia” que sustentou projetos de racionalização das estruturas do poder. É necessário referir-se a essas características no bojo do projeto pombalino. Q9. Ao tratar do processo de expansão das estruturas administrativas para o interior, é fundamental observar que ele foi acompanhado pela construção de novas hierarquias e por uma nova forma de soberania da monarquia portuguesa. Faziam parte dela, entre outros exemplos possíveis, a emergência de paróquias e vilas no interior e a perda de patrimônios e privilégios das ordens religiosas. Q10. As políticas territoriais da segunda metade do século 18 acarretaram a criação de políticas demográficas, com expedições de demarcação e elaboração de censos populacionais, nas quais atuaram cartógrafos e naturalistas, engenheiros militares e até mesmo astrônomos. Tratava-se, nesse sentido, de orientar o assentamento de populações em territórios litigados por outros potentados, com a consequência de fomentar uma nova consciência geográfica.",
    "Candidatos": [
        {
            "Nome": "Fernanda Brandão",
            "Inicio_candidato": 30630,
            "Inicio_redação": 30707,
            "Nota": 17.0,
            "Redação": "No Período Colonial, o paradigma jurisdicionalista do governo e da Coroa portugueses influenciou a ocupação e a colonização das terras do Novo Mundo e determinou a organização territorial de poder na América Portuguesa. Haja vista os escassos recursos de poder do Império Português, sobretudo em termos demográficos, não havia, a princípio, uma definição clara acerca de qual modelo colonizador seria o mais adequado na colonização americana. Inicialmente, as decisões foram influenciadas por tratados negociados com a Espanha, sobretudo o Tratado de Tordesilhas, de 1494, o qual substituiu a Bula Inter Coetera (1493), proferida então por ordem papal, e determinou que jurisdição portuguesa seria demarcada a partir de linha a 370 léguas do arquipélago de Cabo Verde; Tordesilhas possibilitou, portanto, que Portugal garantisse a Volta do Mar, em seu projeto de colonização rumo às Índias, e estabelecesse seu domínio “de jure” sobre a parte oeste da América Portuguesa, a partir da linha que tangenciava a foz do Tocantins e a do Amazonas do Brasil atual. Devido à prioridade conferida às rotas comerciais rumo às Índias, a ocupação da América Portuguesa ficou, a princípio, em segundo plano. Com exceção da capitania pioneira concedida, em 1504, a Fernão de Loronha, houve o estímulo à construção de feitorias no litoral brasileiro. Por meio do estanco, particulares tiveram o direito de realizar escambo com as populações autóctones, em troca das obrigações de defender o novo território de ameaças advindas de outros países europeus, como França e Inglaterra. Contudo, devido à decadência do comércio com as Índias e às constantes ameaças estrangeiras ao território americano, providenciou- se solução que fosse mais duradoura e eficiente na ocupação da América Portuguesa. A partir de 1530, com a expedição de Martim Afonso de Sousa, a qual se destinava a cartografar o litoral brasileiro, estabelecer capitanias não hereditárias de terra e iniciar núcleo de povoamento, o que se desdobrou na formação de São Vicente, iniciou- se projeto mais bem definido de colonização do território. Com o intuito de fortalecer a ocupação, determinou- se base econômica fixa, a qual visava a complementar a atividade extrativa de pau-brasil, predominante até então, em modelo análogo ao estabelecido nas ilhas do Atlântico, com base em plantações de cana-de-açúcar. Além disso, pautadas por decisão de 1532, as capitanias hereditárias foram determinadas, em 1534, como modelo basilar da ordenação administrativa do território. Aos donatários, geralmente membros da pequena nobreza lusa, eram destinadas a carta de doações, que determinava a extensão das possessões do donatário, e o foral, que estabelecia direitos e deveres do donatário, como poderes judiciais e policiais. Com amplos poderes sobre o seu território, os donatários deveriam estabelecer bases de ocupação, defender suas terras e poderiam, inclusive, conceder sesmarias, as quais foram determinantes para a futura configuração fundiária brasileira. Em 1549, adicionalmente, foi estabelecido o governo-geral, com sede na capitania real de Salvador; seu objetivo, contudo, não era suplantar ou subordinar as capitanias hereditárias já concedidas. Ao contrário, o governo- geral destinava-se a viabilizar essas capitanias e formular medidas de coordenação com elas. Desse modo, portando o Regimento de Tomé de Souza e acompanhado de companhias jesuíticas e de assessores relacionados a questão de finanças, defesa e justiça, estabeleceu-se o primeiro governador- geral no Brasil, Tomé de Souza, o qual foi sucedido, posteriormente, por Duarte da Costa e Mem de Sá. Apesar dessas disposições iniciais de organização territorial da América Portuguesa, houve diversas alterações ao longo dos séculos XVI a XVIII. Primeiramente, nem todas as capitanias obtiveram o êxito esperado. Com efeito, apenas a capitania de Pernambuco, de Duarte Coelho, logrou estabelecer produção canavieira consolidada, que suplantou, inclusive, a prosperidade inicial experimentada por São Vicente. Esta, por sua vez, perdeu o impulso econômico inicial, diante da competição pernambucana, e reduziu-se a núcleos de povoamento rústicos, em que predominava o contato com grupos indígenas e a língua geral. Nesse sentido, o sistema de capitanias malogrou com o tempo, e todas as capitanias foram recuperadas pela Coroa, no século XVIII, no Período Pombalino. A ocupação territorial da América Portuguesa tampouco se restringiu ao litoral, em que pesem as determinações de Tordesilhas. A partir de São Vicente, foram formadas as bandeiras vicentinas, as quais eram compostas por homens rústicos que se propuseram a desbravar o interior do território, em busca de apresamento de indígenas e de prospecção de metais preciosos, além de serem caracterizadas, também, pelo sertanismo de contrato. A ocupação ultrapassou Tordesilhas, também, no Norte. A princípio, houve a ocupação Norte-Nordeste em razão da pecuária, que se alastrou pelo interior do Nordeste brasileiro, como subproduto da economia canavieira, e direcionada pelo curso dos rios, sobretudo o Rio São Francisco, o Rio dos Currais. No entanto, logo houve a ultrapassagem de Tordesilhas, estimulada, inclusive, pela Coroa Espanhola no momento da União Ibérica. Houve a interiorização de colonos pela Bacia do Amazonas, com vistas a explorar especiarias locais e defender o território de assédio estrangeiro. Nesse sentido, houve diversas fortificações, como o Forte do Presépio (1616), que deram origem a cidades e visavam a afastar estrangeiros, como os franceses que estabeleceram São Luís (1612), com a França Equinocial. Esses fatores, conjugados com a presença jesuítica na Amazônia, fortaleceram a jurisdição portuguesa sobre os territórios do Centro-Norte da América Portuguesa, como se definiu nos Tratados de Madri (1750) e Santo Ildefonso (1777). Nessa perspectiva, evidencia- se o papel de defesa assumido por fortificações e por cidades territorializadas. A exemplo de Belém e de Manaus ao Norte, a Colônia de Sacramento (1680) consistiu em enclave ao sul da América Portuguesa, que possibilitou a jurisdição portuguesa além-Tordesilhas na região meridional, também consolidada pela pecuária extensiva. As vilas e cidades, por conseguinte, foram essenciais para atual configuração do território brasileiro. Embora a rede urbana fosse rarefeita no Período Colonial, os poucos núcleos urbanos eram posicionados de modo estratégico no território, como medida de defesa e como expressão do poder local. O “status” de vila era importante para a ascensão política das elites locais, como se observou na Guerra dos Mascates (1709-1711), pois era o que possibilitava a existência de câmaras municipais, as quais eram compostas por vereadores locais (além do juiz de fora, selecionado pelo Conselho Ultramarino, criado em 1642) e que expressavam os interesses dessas elites, muitas vezes mais efetivos que as determinações da longínqua Coroa. O pelourinho também constituía símbolo de poder que demonstrava a função destacada das cidades no processo de decisão na América Lusa. No século XVIII, a mineração viabilizou mudanças nas concepções e práticas ligadas à territorialidade e à função das cidades no território. Houve fortalecimento relativo da rede urbana no território, em decorrência do comércio realizado na Estrada Real e que conectava os produtores e consumidores do Centro-Sul, por meio do comércio de charque provindo do Sul e da logística de escoamento até os portos do Rio de Janeiro. No Período Pombalino, a mudança da capital para o Rio de Janeiro (1763) evidenciou a centralidade do Centro- Sul e de Sacramento, em detrimento da decadente região nordestina. Medidas de ocupação dirigida, como a presença de açorianos em Porto dos Casais, também evidenciaram a crescente importância econômico-político-militar do Centro-Sul. Essa trajetória evidencia a importância da organização territorial de poder, que, embora comandada por códigos dispersos, como as Ordenações Filipinas (1603), garantiu a jurisdição lusa sobre ampla porção da América Portuguesa."
        },
        {
            "Nome": "Guilherme Augusto",
            "Inicio_candidato": 23459,
            "Inicio_redação": 23547,
            "Nota": 24.0,
            "Redação": "A descoberta do Brasil não provocou entusiasmo imediato em Portugal, que, no início do século XVI, tinha suas atenções voltadas sobretudo para os negócios lucrativos que mantinha na África e na Ásia. Logo após o descobrimento, houve um breve ensaio de transferir as responsabilidades de exploração da nova terra para particulares, que, no entanto, foi rapidamente interrompido. A ocupação ganhou mais solidez após expedição guarda-costas a serviço da Coroa, sob liderança de Martim Afonso. A expedição pretendia, num contexto em que se intensificava a presença de corsários estrangeiros na costa brasileira, lançar as bases de uma presença definitiva mais sólida. Entre 1530 e 1532, foram distribuídas terras a particulares, em caráter não hereditário, e foram estabelecidos pontos de proteção do território no litoral. A partir de 1532, o território foi finalmente repartido em capitanias hereditárias, que foram distribuídas, principalmente, a membros da baixa nobreza portuguesa. Os capitães eram responsáveis pela colheita de impostos, pela exploração econômica, pela proteção do território (podendo doar sesmarias a posseiros) e pela difusão da fé cristã. A empreitada revelou-se de difícil execução para particulares, a despeito dos amplos poderes que possuíam. Apenas as capitanias de Pernambuco e São Vicente conseguiram, em alguma medida, exitosamente conciliar exploração econômica – com base, principalmente, no açúcar – e convívio relativamente pacífico com as populações autóctones.As fragilidades do modelo das capitanias hereditárias levaram a Coroa portuguesa a estabelecer, ao longo da década de 1540, o Governo- Geral, cargo cujo primeiro ocupante foi Tomé de Sousa. Tratava-se de tentativa de centralizar o poder, mas a tarefa era bastante dificultada pela escassa comunicação existente entre a capitania da Bahia de Todos os Santos, onde se estabeleceu o Governo-Geral, e as demais partes do território. As instruções dadas a Tomé de Sousa refletiam as prioridades da Coroa, no sentido, sobretudo, de organizar as rendas da Coroa e solidificar a exploração econômica, em benefício da metrópole. O estabelecimento do Governo-Geral foi acompanhado da vinda dos primeiros jesuítas, liderados por Manuel da Nóbrega. Geralmente, a Companhia de Jesus se tornaria ator de fundamental importância na Colônia, controlando grande volume de terras e mão de obra, na forma de índios catequizados. A despeito desses esforços centralizadores, a administração da Colônia continuava a ser marcada pela baixa hierarquização do poder. A administração era complementada, ainda, pelos ocupantes dos cargos de provedor-mor, capitão-mor e responsáveis pela aplicação da justiça; e pelas câmaras municipais. As câmaras municipais, instituição que se repetia em todo o Império português, eram os locais por excelência da representação dos interesses locais e do embate entre forças centrífugas e centrípetas. Eram lócus compostos pelos chamados homens bons, homens brancos, católicos e proprietários de terras e escravos, que eram eleitos. A existência das câmaras municipais e a importância a elas atribuídas, ao menos inicialmente, eram evidência da importância da cidade como centro de exercício do poder político e administrativo. Embora as bases econômicas e, efetivamente, demográficas fossem rurais, o poder se exercia nas vilas e nas cidades. O governo-geral, em função das dificuldades de centralização, foi eventualmente dividido, em mais de uma ocasião. Passavam, dessa forma, a existir o Estado do Brasil, de um lado, e, de outro, o Estado do Maranhão e Grã-Parã [sic], embora este último tenha ocasionalmente recebido outra nominação. Cada um dos Estado dialogava diretamente com Lisboa, sem relação de hierarquização entre si. A repartição persistiu, de forma geral, até o governo de Pombal, quando, num contexto marcado pelos desentendimentos quanto à repartição territorial entre possessões lusas e hispânicas, o governo foi definitivamente unificado, tendo, ademais, sua capital transferida de Salvador para o Rio de Janeiro. Essas transformações, além de acompanhar o deslocamento crescente do eixo dinâmico da economia, pretendia aproximar a administração da fronteira conflagrada ao Sul, já que o Tratado de Madri havia sido repudiado por d. José e seu principal ministro. Este foi um período, também, de construções de fortalezas (como Humaitá e Forte Príncipe da Beira) no espaço amazônico e de estímulo à criação de vilas naquela região, como forma de estimular uma maior presença estatal, que conferisse maior solidez aos pleitos territoriais portugueses, em sua disputa com a Espanha. Outras transformações importantes quanto à organização do poder foram realizadas sob Pombal. Além das reformas militares do Conde de Lippe, foram expulsos da colônia os jesuítas, acusados de formar um “Estado dentro do Estado”, tamanho o poder que haviam acumulado, sem que suas prioridades coincidissem invariavelmente com as da Coroa. Ademais, foi estimulada a integração do elemento indígena, por meio de casamentos, da proibição da língua geral e da aprovação de um estatuto que lhes era específico, a fim de fazer coincidir seus interesses com os da Coroa. Além disso, foi concluído o processo de passagem do controle privado para o público sobre as capitanias, o que representou o fim definitivo do sistema de capitanias hereditárias, embora o território continuasse a se organizar em capitanias. Finalmente, houve um redimensionamento dos poderes do Conselho Ultramarino, que teve sua influência reduzida. Essa instituição havia sido criada na segunda metade do século XVII, num cenário em que Portugal, fragilizado e recém-saído da União Ibérica, buscava centralizar a administração de suas colônias. Este foi um período, ainda, em que Portugal viu seu império crescentemente assediado por potências hostis, com destaque para os neerlandeses, que, além de ocuparem temporariamente partes importantes do Nordeste açucareiro e portos africanos fundamentais para o tráfico de escravos, tomaram de Portugal territórios de grande valor na Ásia, como Ceilão. Dessa forma, a criação do Conselho Ultramarina era uma tentativa de reforçar o controle luso sobre os territórios ainda agregados ao Império. Este “ministério das colônias” perdeu parte significativa de seus poderes sob Pombal, que se caracterizou, ademais, pelas concepções mercantilistas, pelo absolutismo ilustrado e pelo fiscalismo. Ao longo de toda a Colônia, o sistema produtivo foi caracterizado pela grande propriedade monocultora e baseada na mão de obra escrava, tendo em vista o enriquecimento da metrópole. A base econômica era fundamentalmente agrária, da mesma forma que a maioria da população vivia no campo. A mineração, em contraste, contribuía para o estabelecimento de redes sensivelmente mais baseadas no espaço urbano, além de estabelecer ligações mais profundas com partes mais distantes do território. De toda forma, as cidades e vilas foram os lócus da expressão do poder político e administrativo. Com efeito, formou- se, no Recôncavo Baiano, a primeira rede urbana de toda a América do Sul."
        },
        {
            "Nome": "João Pedro",
            "Inicio_candidato": 6969,
            "Inicio_redação": 7058,
            "Nota": 28.5,
            "Redação": "O absolutismo português organizava-se, desde Dom Afonso Henriques, em uma estrutura com predomínio do poder monárquico e relativamente fraca nobreza, que dependia internamente dos favores reais, na chamada “economia das mercês”. Esses favores estavam intimamente ligados aos objetivos da expansão marítima: difundir a Fé católica e alargar o Império português. Por outro lado, conforme esse Império dilatou-se pelo globo, assumiu caráter notadamente descentralizado. Da mesma forma que a distribuição do poder na metrópole se dava entre rei, de um lado, e a fidalguia dos “Concelhos”, de outro, nas colônias havia protagonismo de instituições descentralizadas, como as Câmaras Municipais e as Misericórdias. O Brasil, uma vez descoberto, não foi imediatamente ocupado. A carreira das Índias ainda prometia maiores lucros e a América portuguesa, conforme a divisão estabelecida pelo Tratado de Tordesilhas, não parecia oferecer riquezas imediatas além do pau-brasil, cujo tráfico se dava em um regime de delegação à iniciativa privada, com monopólio (“estanco”) e escambo com indígenas. O risco de perder as terras descobertas para invasores franceses e holandeses, comprovado pela expedição guarda- costas de Martim Afonso em 1530, fez com que a Coroa mudasse de estratégia. Partindo da experiência bem-sucedida de colonização dos Açores, Portugal estabelece na América o regime de capitanias hereditárias em 1532-1534. A função do regime seria facilitar a ocupação da terra, delegando-a a agentes privados, e sua exploração produtiva apesar da aparente ausência de metais preciosos. Os capitães donatários, em sua maioria membros da pequena nobreza ou da classe militar que não tinham recursos ou mercês para explorar as Índias, receberiam dois documentos: uma Carta de Doação, que encerrava a doação das terras na América em caráter hereditário, e o Foral, que assegurava ao Capitão os poderes de administração necessários, como a competência para administrar a justiça, recolher impostos ou mesmo conceder doações de sesmarias, conforme a Lei das Sesmarias de 1375. Adicionalmente, os capitães donatários poderiam exigir dos sesmeiros que erigissem engenhos, limpassem a vegetação e ocupassem produtivamente a terra doada. As capitanias, traçadas a partir de linhas retas do litoral para o interior até o meridiano de Tordesilhas (370 léguas de Cabo Verde), tiveram limitado sucesso inicial. Alguns donatários nunca chegaram à América, enquanto outros foram repelidos pelos indígenas, pela dificuldade de tratar a terra ou pela baixa rentabilidade dos engenhos, que exigiam alto endividamento inicial. Apenas Pernambuco, beneficiada pela maior proximidade em relação a Portugal e pela presença do solo de massapê, e São Vicente, que fora fundada por Martim Afonso e rapidamente se convertera à atividade de capturar escravos indígenas, sobreviveram a esses anos iniciais. De modo a corrigir o problema, a Coroa instala, em 1548, o Governo Geral, com sede na agora Capitania Real de Salvador. O objetivo do Governo Geral seria o de facilitar a ocupação das capitanias e sua defesa contra indígenas e invasores, centralizando parcialmente o poder sem verticalizá-lo, uma vez que os capitães donatários ainda gozavam de ampla autonomia. O primeiro Governador Geral foi Tomé de Sousa, que chega à América em 1549 com seu “regimento”, chamado por alguns de “primeira constituição do Brasil”, uma vez que estabelecia textualmente a autoridade do Governador, incluindo o poder de arregimentar milícias e coletar tributos. Tomé de Sousa foi acompanhados dos jesuítas, que teriam papel na aculturação dos nativos e na expansão territorial. A partir desse momento, as capitanias começam a prosperar. Apesar da presença do Governo Geral, permanece na América a característica geral do Império português, comparado a um “Império de Repúblicas”. As duas principais forças centrífugas do Império Luso — as câmaras municipais e as Misericórdias — também estavam no Brasil, consequência do comportamento da Coroa de delegar a ocupação colonial a entes privados. As Câmaras Municipais eram o locus privilegiado do poder local e eram dominadas pelos “homens bons”, isto é, proprietários, cristãos- velhos e “brancos” do sexo masculino que compunham a “nobreza da terra”. Não bastava fortuna para ser homem bom e exercer a vereança: era necessário ter terras e escravos, o que, na sociedade de “antigo regime nos trópicos”, era identificado com mercês e poder. Por isso, comerciantes e traficantes estavam, a princípio, excluídos do exercício do poder. As Câmaras Municipais, que detinham competências amplas na administração local, como a zeladoria urbana e o julgamento de pequenos delitos, concorriam ainda com o poder exercido autocraticamente pelos senhores de terras em seus latifúndios, onde raramente enfrentavam limitações externas. A depender, ainda, do número de “fogos” (lares), os povoados eram organizados hierarquicamente e vilas e cidades, com maiores ou menores privilégios reais. Assim, conviviam a descentralização do poder e a intensa hierarquização deste, característica do Antigo Regime. Mesmo entre os escravos havia hierarquia, dada entre os nascidos na América, os traficados que haviam dominado o português (“ladinos”) e os recém-chegados da África (“boçais”). As Misericórdias, por fim, eram instituições privadas, mantidas pela “nobreza da terra”, para a prática da caridade, o que também era, de certa forma, um recurso de poder. A partir de 1626, com a necessidade de facilitar a ocupação e a defesa do Norte da colônia, a América portuguesa é dividida entre o Estado do Brasil e o Estado do Maranhão e Grão-Pará. Essa racionalização da administração territorial é acompanhada da criação, ainda no século XVIII, do Conselho Ultramarino, destinado a fortalecer a presença da Coroa na colônia, que, com o fim da União Ibérica, se tornara a principal possessão portuguesa no além-mar. Nas Câmaras Municipais, surge a figura do “juiz de fora”, enviado da Coroa, e no Norte o comércio passa a ser monopolizado por Companhias de Comércio criadas por Portugal. Inicia- se, assim, um processo de verticalização do Poder que está ligado à necessidade de Lisboa por extrair recursos da colônia. Com a descoberta do ouro em Minas Gerais, a Coroa não deixa de delegar a exploração econômica a entes privados, tampouco a coleta de impostos, feita pelos “coletadores”, mas empreende diversas tentativas de arrochar a cobrança dos tributos, como as Casas de Fundição, a “capitação” e a “Finta”, complementada pela “Derrama”. Outrossim, o controle do território passa pela garantia de suas aparentes “fronteiras naturais”, isto é, a foz do Amazonas e o estuário do Prata. Este último, apesar da fundação de Colônia do Sacramento em 1680, é ferrenhamente disputado com a Espanha. Em 1750, após uma série de conflitos europeus (notadamente a Guerra de Sucessão Espanhola) arrastar Portugal e Espanha ao confronto e causar reveses nas fronteiras coloniais, as duas Coroas assinam o Tratado de Madri, destinado a consolidar suas fronteiras na América após as expansões territoriais portuguesas além-Tordesilhas e evitar, mediante cláusula secreta (art. XXI), que conflitos entre as metrópoles alterassem o status quo nas Colônias. O tratado foi idealizado pelo santista Alexandre de Gusmão e baseou-se nos critérios de “uti possidetis” (quem tem a posse deve mantê-la) e fronteiras naturais. Além disso, implicou a entrega de Colônia do Sacramento aos espanhóis, em troca de Sete Povos das Missões. A morte de D. João V em 1750 e a ascensão do Marquês de Pombal, valido do rei D. José I, provocaram mudança de rumos. Pombal discordava da cessão de Colônia e, por isso, boicotou a demarcação do tratado (que passa pelas Guerras Guaraníticas no Sul), obtendo sua anulação em 1761, pelo Tratado de El Pardo. Adepto do despotismo esclarecido, Pombal interferiu diretamente na administração da Colônia, criando o vice-reino do Brasil em 1774 (encerrando a divisão em dois Estados), com capital no Rio de Janeiro. A nova capital deveria auxiliar a presença portuguesa nas Minas Gerais e funcionar como base de operações para uma reconquista da região Sul, notadamente o Rio Grande, ocupado por Dom Pedro de Cevallos desde 1763. Pombal reformou a coleta de impostos nas Minas, colocando autoridades locais em postos de governo de moda a assegurar sua cooptação, criou o Diretório dos Índios, proibindo a escravização destes e estimulando seu casamento com “brancos”, e instituiu aulas régias para a educação da nobreza local. Centralizava-se ainda mais o poder, sem ignorar a relevância do poder local, que fora largamente responsável pela expansão territorial e pela expulsão dos holandeses do Nordeste e de Angola, no séc. XVII. A morte de D. José e a ascensão de D. Maria I interromperam as reformas pombalinas, desfazendo a expulsão dos jesuítas operada por Pombal, limitando as manufaturas locais e dando início à “Viradeira”."
        },
        {
            "Nome": "Vinícius Kuczera",
            "Inicio_candidato": 15976,
            "Inicio_redação": 16057,
            "Nota": 25.0,
            "Redação": "A ocupação portuguesa de sua colônia nas Américas ganha força em 1530, após um período de relativo descaso (maior interesse nas Índias, prevalência do escambo e feitorias), em razão do sucesso espanhol na região e do crescente interesse de potências como a França. Como consequência, é enviada a expedição de Martim Afonso de Sousa (patrulhamento, criação de fortificações, fundação da primeira vila) e criado o sistema de capitanias hereditárias, que já havia sido utilizado por Lisboa em razão da falta de recursos materiais para uma ocupação estatal. Tal sistema representou uma descentralização da colonização (doação de faixas de terra para nobres e militares, regulação pela carta de doação e pelo foral, dever de colonizar e proteger o território por meio da doação de sesmarias e cobrança de impostos, permanência de atividades sob o domínio da Coroa, como a extração de Pau-brasil), mas somente as capitanias de São Vicente e Pernambuco apresentaram relativo sucesso. Esse fracasso levou à criação do Governo-Geral, movimento de centralização administrativa (nomeação de um governador pela Coroa, que governaria desde Salvador; criação dos cargos de provedor-mor e capitão-mor; partilha de competências entre o governador e os donatários; dever de proteger a colônia, povoar as suas terras, espalhar a fé cristã e incentivar atividades econômicas). O primeiro governador foi responsável por incentivar o plantio de cana, trazer mão de obra escrava e missionários jesuítas (Tomé de Sousa). No século XVI, as câmaras municipais também desempenharam um papel central na organização territorial de poder (administração da vida local, manutenção da infraestrutura das vilas, cobrança de impostos, julgamento de pequenas causas, envio de reclamações à Lisboa por meio do instituto da ab-rogação). A câmara, presente em vilas, era criada por decreto real e formada pelos chamados homens bons, membros da elite local eleitos a cada três anos. Cidades também podiam ter câmaras, já agrupamentos de menor extensão eram privados desse instituto cuja origem data da influência moura na administração portuguesa. Apesar dessa presença do poder real, no século XVI a presença portuguesa nas Américas se limitava ao litoral e tinha como limites Pernambuco ao norte e São Vicente ao sul. Com relação aos limites jurídicos, vigorava o T. de Tordesilhas, que delimitava as terras portuguesas à 340 léguas da Ilha de Cabo Verde e era negado por outras potências (criação da França Equinocial na Baia de Guanabara por Nicolas Villegaignon, expulsão realizada por Mem de Sá). O fim do século XVI marca o início da União Ibérica (Reino de Portugal sob a administração de Filipe II em razão da morte de D. Sebastião e de sua vitória sobre os demais pretendentes, previsão de direitos e obrigações editados pelas Cortes de Tomar). Tal período deixou marcas profundas na administração colonial (vigência das Ordenações Filipinas; expansão ao norte em razão do desejo de conter a presença estrangeira; criação de uma estrutura administrativa mais racional e interiorizada; inúmeras tentativas de invasão ao norte com a ocupação do Cabo Norte, holandeses em Salvador e posteriormente em Pernambuco, onde permanecem por anos e se expandem por toda a Zona da Mata, ingleses e holandeses na Amazônia; centralização administrativa; aumento do comércio ao sul por meio do estuário do Prata). Apesar de tais ganhos, a tentativa espanhola de aprofundar a integração e a insatisfação do clero e dos nobres levaram ao fim da União e ao início da Dinastia Bragança (D. João IV). Este enfrentou uma situação delicada (guerra com a Espanha e Holanda, início da crise da cana, falta de prata), o que o levou a uma nova tentativa de centralização colonial (criação do Conselho Ultramarino, criação do cargo de juiz nomeado por Lisboa, instituição de novas companhias de comércio, concessão de direito de representação nas Cortes para a colônia americana, atribuição de título de vice-rei ao governador- geral). No seu reinado também houve continuidade na expansão ao norte (envio da expedição Castelo Branco, da expedição Pedro Teixeira, que chega a Quito pelo Amazonas; criação de vilas e fortificações no estuário do Amazonas) e ao sul (criação de Laguna, ocupação da ilha de Santa Catarina pelos bandeirantes, expulsão de missionários espanhóis do território do Rio Grande). O início da administração de D. Pedro II também foi marcado por ocupação territorial (criação de Sacramento no estuário platino em prol da consolidação da fronteira sul – enclave militar – e da manutenção do comércio peruleiro, para além do escoamento do couro para novos mercados e da garantia de acesso ao Mato Grosso) e por uma tentativa de implementar um projeto de feição colbertista (revitalização da economia colonial em prol da metrópole). Tal anseio levou ao encontro de metais preciosos na região das Minas Gerais no final do século por Gato Borba. A extração de ouro marcou o reinado de D. João VI, pois aumentou o poderio português e ocasionou a ocupação da região central da colônia (Minas, Goiás, Mato Grosso). Além disso, cresceu a presença da administração portuguesa (criação da Intendência das Minas, edição de regulamentos reais, criação da Capitania de São Paulo e Minas de Ouro Preto, aumento do fiscalismo) e houve uma maior integração entre diferentes partes da colônia, mesmo que ainda diminuta (transporte de gado pelo sul via Sorocaba, aumento da imigração, criação de novas cidades e vilas). Tal cenário possibilitou à Coroa a celebração do T. de Madri, que delimitou as fronteiras nas Américas (uso do princípio do uti possidetis e de acidentes geográficos para delimitar a fronteira, permuta entre Sacramento e Sete Povos das Missões, reconhecimento da ocupação portuguesa da Amazônia e da região Centro-Oeste, paz entre os súditos americanos). No século XVII, contudo, houve importantes mudanças relacionadas à territorialidade. O início do reinado de D. José marca a implementação de um projeto ilustrado, liderado pelo Marquês de Pombal, com a intenção de fortalecer o poder real, diminuir a influência inglesa e revitalizar a economia metropolitana. Como resultado, realiza reformas administrativas (extinção das capitanias hereditárias, mudança da administração colonial para o Rio de Janeiro, concessão do título de Vice- Reino, integração de colonos em cargos relevantes), econômicas (incentivos à criação de manufaturas, criação de companhias de comércio, revitalização da agricultura e da extração de ouro – retorno do quinto, finta e derrama –, combate ao comércio triangular), militares (reforma idealizada pelo Conde de Lippe e executada pelo Conde da Cunha, criação de fortificações) e sociais (instituição de um regime municipalista na Amazônia, transformação de indígenas em súditos, expulsão da C. de Jesus, criação da capitania do Rio Negro). Na esfera territorial, houve a celebração de uma série de tratados: El Pardo (revogação do T. de Madri), T. de Paris (retorno de Sacramento para Portugal no contexto da Guerra dos 7 anos), T. de Santo Ildefonso (Sacramento e Sete Povos para Espanha, reconhecimento das demais fronteiras portuguesas, retorno da ilha de Santa Catarina para Lisboa). Como resultado, ao fim do período colonial as fronteiras terrestres do Brasil independente estavam parcialmente consolidadas, apesar de internamente reinar grande descentralização entre as províncias e o Rio de Janeiro."
        },
        {
            "Nome": "Anônimo",
            "Inicio_candidato": 38763,
            "Inicio_redação": 38823,
            "Nota": 9.5,
            "Redação": "A América Portuguesa foi o fruto colhido por Portugal não só de seus avanços na região, mas também de sua unificação como Estado, o que deu condições para o desenvolvimento e a manutenção de um império com amplos domínios coloniais. No caso da América Portuguesa, é preciso compreender a formação territorial, de um lado, sob a perspectiva de uma disputa por domínio entre as potências europeias, notadamente Portugal e Espanha, e, de outro, como um movimento contínuo de expansão do litoral em direção ao interior, cuja maior parte ocorre entre os séculos 16 e 18. Nesse sentido, a experiência colonial portuguesa caracterizou-se como uma série de experiências administrativas, que se alteravam de acordo com os acertos e erros e com mudanças na balança de poder europeia. Nos primeiros momentos, até a década de 1530, Portugal mostrava mais interesse na exploração do comércio com as Índias do que com o estabelecimento de uma estrutura administrativa complexa na América. Nesse período, a ocupação permaneceu concentrada no litoral, onde se construíram algumas feitorias, que serviriam de pontos para o embarque de pau-brasil para a Europa e para a defesa da costa. A mata atlântica constituía um obstáculo para a penetração ao interior, onde também não se encontraram metais preciosos, diferentemente da América Espanhola. Os portugueses estabeleceram alguns monopólios comerciais e fizeram trocas com os indígenas. Sua ocupação, apesar de restrita, estava baseada juridicamente no Tratado de Tordesilhas, celebrado entre espanhóis e portugueses, que dividiram para si o Novo Mundo, com base em uma linha imaginária 370 léguas a oeste de Cabo Verde. Na década de 1530, no intento, ocorre uma inflexão, com a missão de Martim Afonso de Sousa. Enviado pelo rei, ele implantou o sistema de capitanias-gerais, que Portugal já havia usado anteriormente em outras experiências coloniais menores. A divisão em capitanias, de modo geral, era feita com base em critérios cartográficos - alguns limites influenciam as divisões dos estados brasileiros até os dias atuais. Era concedida uma carta foral ao capitão, que costumava ser um militar ou um nobre de hierarquia mais baixa, que passava a ser responsável pela defesa, pela exploração econômica e pela distribuição de terras. De modo geral, foi uma espécie de parceria público- privada, que permitia a Portugal dividir os custos da colonização com os particulares. Todavia, Portugal e Espanha foram, aos poucos, perdendo as vantagens iniciais no campo da navegação. Nesse escopo, outros europeus foram tentando conquistar territórios nas Américas. Para os portugueses, a principal ameaça veio dos franceses, que tentaram ocupar Salvador, o norte (Maranhão) e a baía de Guanabara. A percepção de crescente ameaça leva o rei a criar o governo geral, com sede inicial em Salvador. Cabe lembrar, ainda, que a América Portuguesa tinha duas grandes regiões administrativas, o Brasil e o Grão-Pará-Maranhão, que tinham governos distintos. Em um cenário em que nem todas as capitanias tinham sido bem-sucedidas, o governo geral, ocupado, em um primeiro momento, por Tomé de Sousa, ampliaria o controle da metrópole por meio de um representante oficial, que também organizaria a defesa, a cobrança de impostos e a administração da colônia. Aos poucos, os portugueses também empreenderam um processo de interiorização que, em última instância, expandiu seus limites para além do que havia sido definido em Tordesilhas. Destaca-se, nesse ponto, o período da União Ibérica, em que os espanhóis foram relativamente condescendentes com os avanços portugueses. A Coroa portuguesa teve um papel chave, estimulando expedições como as de Pedro de Teixeira na bacia amazônica, os estudos cartográficos e a ação dos bandeirantes. Ela teve, também, alguns aliados essenciais: grupos privados que iam ao interior buscar riquezas e mão de obra indígena e as ordens religiosas, especialmente os jesuítas. Estes, sob o pretexto de catequização dos nativos, não só estabeleceram missões que alargaram o domínio português, mas também desenvolveram instrumentos que facilitaram o contato e a subordinação dos povos indígenas, como a língua geral. No plano organizacional, o território caracterizava-se pela pouca integração, o que contribuía para o fortalecimento das estruturas administrativas locais. As cidades encontravam-se no grau mais baixo da hierarquia administrativa, sendo seguidas pelas vilas, que eram centros locais. Com a existência das câmaras dos homens bons, as vilas eram um espaço que permitia a expressão política dos colonos, com destaque para os proprietários de terras. Esses órgãos serviam como organizadores locais da justiça e da polícia, por exemplo. A elevação de uma cidade à condição de vila, ademais, podia ensejar conflitos nas balanças de poder locais, como foi o caso da Guerra dos Mascates, em Pernambuco, em que os olindenses resistiram ao crescimento da influência do Recife. Durante todo o tempo, Portugal enfatizou o paradigma jurisdicionalista, algo que vai ao encontro de sua condição de pequena potência europeia, sem grandes excedentes de poder militar, em que a lei era uma forma de manter a ordem e a influência. No plano interno, esse paradigma levou a constantes reformulações da política administrativa da colônia americana. No século 18, isso significou esforços de maior controle da Coroa, especialmente após a descoberta de metais preciosos. Aperfeiçoaram- se, por exemplo, as cobranças de impostos, com a criação das casas de fundição e de novos impostos, como a capitação e a finta. Com a chegada ao trono de José I, o marquês de Pombal dedica-se a aperfeiçoar e a racionalizar ainda mais a administração. No plano internacional, o século 18 também foi importante, pois marcou o esforço português de legitimar sua expansão territorial em tratados internacionais. Para isso, Portugal aliou-se à Inglaterra, uma potência militar em expansão, o que lhe deu algumas vantagens em negociações territoriais, como as dos tratados de Utrecht de 1713 e 1715. Outrossim, a Coroa trouxe uma inovação jurídica, o uti possidetis, introduzida por Alexandre de Gusmão nas negociações do Tratado de Madri. Privilegiava-se, desse modo, a ocupação efetiva, o que ajudou os portugueses a consolidar a posse de territórios além-Tordesilhas, como a Amazônia e o Centro-Oeste. A análise da configuração territorial da América Portuguesa entre os séculos 16 e 18 já nos permite entender a parte principal do corpo da pátria brasileiro. O desafio, depois da expansão, passa a ser a garantia da unidade e a integração. Afinal, como afirma Evaldo Cabral de Melo, o Brasil fez-se território antes de ser pátria."
        }
    ]
}