{
    "Nota Máxima": 30.0,
    "Nota Média": 23.0,
    "Menor Nota": 13.5,
    "Pergunta": "Os dirigentes do Estado Novo perceberam a importância de atrair setores letrados a seu serviço: católicos, integralistas, entre outros, ocuparam cargos e aceitaram as vantagens que o regime oferecia. FAUSTO. Boris. História do Brasil. São Paulo: Editora da Universidade de São Paulo/Fundação do Desenvolvi- mento da Educação, 1995, p.376, com adaptações. É a partir da década de 1930 que eles [os intelectuais] passam sistematicamente a direcionar sua atuação para o âmbito do Estado, tendendo a identificá-lo como a representação superior da ideia de nação. Percebendo a sociedade civil como corpo conflituoso, indefeso e fragmentado, os intelectuais corporificam no Estado a ideia de ordem, organização, unidade. Assim, ele é o cérebro capaz de coordenar e fazer funcionar harmonicamente todo o organismo social. VELLOSO, Monica Pimenta. Os intelectuais e a política cultural do Estado Novo. In: FERREIRA, Jorge DEL - GADO, Lucília de Almeida Neves (orgs.). O tempo do nacional-estatismo: do início da década de 1930 ao apogeu do Estado Novo (O Brasil republicano, v.2). Rio de Janeiro: Civilização Brasileira, 2011 [2003], 4. ed, pp. 145-179. A legitimidade [...] do Estado Novo dependia de que seus agentes o associassem a Vargas, combinando [...] a imagem do líder com a representação da nação . SCHWARCZ, Lilia Moritz; STARLING, Heloisa Murgel. Brasil: uma biografia. São Paulo: Companhia das Letras, 2015, p.377. Considerando que os excertos apresentados têm caráter meramente motivador, redija um texto dissertativo concernente à política cultural na era Vargas (1930-1945). Aborde, necessariamente, os seguintes tópicos: a criação de órgão governamentais com atuação na área cultural; as iniciativas de controle estatal referentes às manifestações da cultura popular; e a relação dos intelectuais com o regime político no contexto de iniciativas estatais nos campos da arquitetura, da preservação do patrimônio e dos museus.",
    "Padrão de Resposta": "Espera-se que o candidato redija o texto considerando os aspectos a seguir. Q1. A caracterização do Estado que se construiu a partir da Revolução de 1930 como um Estado centralizador e com mais autonomia em relação às classes e aos agentes sociais do que o Estado oligárquico da Primeira República, com ímpeto intervencionista tanto na área econômica – inclusive com objetivos de promoção da industrialização – como na área social, na qual procurou desempenhar um papel de mediador ou árbitro entre a classe trabalhadora e os empresários a partir de iniciativas de proteção do trabalhador urbano. Deve-se ressaltar que também marcou o período o fortalecimento do papel das Forças Armadas como garantia da ordem interna, além de grupo de pressão, dentro da administração pública, a favor da industrialização. Q2. Cabe ressaltar que, entre as primeiras medidas do chefe do Governo Provisório, se incluem a criação, ainda em novembro de 1930, dos Ministérios do Trabalho, Indústria e Comércio e da Educação e Saúde Pública, que traduziam duas prioridades: a política trabalhista – voltada para a subordinação dos sindicatos ao Estado, ao mesmo tempo em que reconhecia direitos aos trabalhadores, como as oito horas de jornada diária, férias remuneradas e salário mínimo –; e a política educacional que almejou, desde uma perspectiva autoritária, centralizadora e conservadora, a reforma do ensino e da educação pública com vistas à formação de um “novo homem”. Q3. Quanto à preocupação com a preservação de monumentos históricos, entendidos como referenciais da identidade nacional, levou-se à criação, em 1937, do Serviço do Patrimônio Histórico e Artístico Nacional (SPHAN), o qual arregimentou vários intelectuais vinculados ao Modernismo. Enquanto o projeto de criação do SPHAN – elaborado por Rodrigo de Melo Franco de Andrade por encargo de Gustavo Capanema, ministro da Educação e Saúde Pública – tramitava no Legislativo, o Congresso Nacional foi fechado em 10 de novembro de 1937. Deve-se destacar que gestões junto a Getúlio Vargas levaram à aprovação do projeto pelo Decreto-Lei no 25, em 20 de novembro, que fixou o campo de atuação do novo órgão e estabeleceu um marco jurídico que conciliou a proteção de bens culturais e o direito à propriedade, pois o tombamento não implicava a desapropriação do bem tombado pelo Estado. Além do conceito de tombamento, o Decreto- Lei no 25 institucionalizou o Conselho Consultivo, instância decisória à qual competia deliberar sobre o que seria ou não tombado. Q4. Instaurado por um golpe que fechou o Congresso Nacional, sem resistências significativas e sem mobilização popular, sob o pretexto de ameaça de nova insurreição comunista, denunciada por militares a partir de documento chamado Plano Cohen (que, posteriormente, se revelou forjado), o Estado Novo não representou uma ruptura drástica com o período de 1930-1937. Apesar de rejeitar a democracia liberal como modelo de organização política – e, nesse sentido, ter representado uma ruptura institucional –, o Estado Novo aprofundou tendências presentes no período anterior, entre elas, o autoritarismo, a centralização político- administrativa e o aprimoramento da máquina administrativa do Estado.2Q5. É necessário mencionar a criação, em dezembro de 1939, do Departamento de Imprensa e Propaganda (DIP) como instrumento de comunicação social diretamente subordinado ao chefe do Poder Executivo e com amplo poder de interferência na área da cultura, o que evidencia o caráter estratégico que o controle da opinião pública representava para o regime. As seções em que se dividia o DIP exprimem o alcance da nova agência: imprensa, propaganda, radiodifusão, teatro e cinema, turismo e serviços auxiliares. O fundamento das atividades exercidas pelo DIP consistia em promover a legitimação social do regime. Diante do exposto, espera-se a menção de que, para isso, o órgão não hesitou em interferir na vida cultural brasileira seja por meio da censura a manifestações artísticas e aos meios de comunicação, seja mediante a divulgação da doutrina ideológica do regime em periódicos voltados para um público letrado (Cultura Política e Ciência Política). Q6. Como testemunhos da multiplicidade de competências do DIP, podem ser citados, entre outros exemplos: a produção do programa radiofônico A hora do Brasil, utilizado como instrumento de propaganda do regime e de educação cívica em uma época na qual o rádio era o principal veículo de comunicação de massa; a organização oficial do Carnaval pela Prefeitura do Distrito Federal, juntamente com a seção de turismo do DIP, que passaram a impor temas de conteúdo nacionalista e de exaltação patriótica a escolas de samba e ranchos; e a organização de cerimônias cívicas multitudinárias segundo um calendário oficial de eventos que incluíam o Dia do Trabalho (1o de maio), o Dia da Bandeira (19 de novembro), o aniversário de Getúlio Vargas (19 de abril) e a celebração da instalação do Estado Novo (10 de novembro). Q7. Espera-se que o candidato cite as comemorações do 1o de maio no estádio de São Januário, no Rio de Janeiro, e, a partir de 1944, no Pacaembu, em São Paulo, que reuniam multidões que aguardavam, com ansiedade, o anúncio de algum benefício social para os trabalhadores. A comemoração do aniversário de Getúlio Vargas era mais um dos instrumentos de propaganda oficial em torno da construção simbólica da imagem do ditador como protetor dos trabalhadores. A publicação de A nova política do Brasil e o ingresso na Academia Brasileira de Letras foram outros investimentos oficiais no sentido de criar para Getúlio uma aura de intelectual e, ao mesmo tempo, de homem de ação. Q8. Acerca das relações entre o Estado como patrocinador e as artes e a cultura ao longo do período, o candidato deve frisar que elas também se desenvolveram no campo da arquitetura, quando concursos públicos para a construção de novas sedes para os Ministérios deram lugar a disputas entre diferentes correntes. É fundamental que cite o seguinte: a capital da República foi objeto de projetos de remodelação urbana, que incluíram a construção de novos edifícios públicos, em especial na Esplanada do Castelo, grande área central disponível para ocupação a partir do desmonte do Morro do Castelo, em 1922; o exemplo mais icônico das novas ideias de racionalismo e funcionalidade foi o projeto para a sede do Ministério da Educação e Saúde, resultado da colaboração de vários arquitetos modernos sob a liderança de Lúcio Costa, convidado por Gustavo Capanema, que não se satisfizera com o projeto vencedor do concurso; a equipe recebeu uma espécie de consultoria do franco-suíço Le Corbusier que, a convite do governo, visitou o Rio de Janeiro entre junho e julho de 1936.3Q9. É preciso mencionar que a discricionariedade de altos dirigentes públicos – ao se anular o resultado de concursos e escolher arquitetos por convite pessoal – não excluía o convívio e as disputas entre defensores de correntes arquitetônicas distintas, como os acadêmicos, dominantes na Escola de Belas Artes, e os adeptos do estilo neocolonial, além dos modernos. Deve-se destacar que a diversidade de estilos se expressou em obras como os Ministérios do Trabalho, da Fazenda, da Marinha e da Guerra e em projeto não realizado para o das Relações Exteriores. Outra evidência que deve ser ressaltada é que, com o apoio e o patrocínio do Estado, o modernismo arquitetônico brasileiro se consolidaria como dominante e reivindicaria participação no mercado internacional, para o que a exposição Brazil Builds, organizada em Nova Iorque, em 1943, representou excelente oportunidade de divulgação. Q10. Também deve-se comentar acerca de outro setor no campo da cultura que recebeu atenção do Estado Novo, que foi o dos museus, embora não se possa afirmar que tenha havido uma política coesa para o setor, com planejamento orgânico, exceto talvez no caso do SPHAN. A criação de instituições museais no período de 1930-1945 correspondeu a iniciativas diferenciadas em resposta a impulsos desconexos entre si. Alguns exemplos podem ser mencionados. Cabe evidenciar que as iniciativas do SPHAN valorizaram o patrimônio monumental herdado do Período Colonial, como o museu das Missões, em São Miguel das Missões/RS, de 1940, e o da Inconfidência de Ouro Preto/MG. No caso mineiro, a operação envolveu o repatriamento dos restos mortais dos heróis da Conjuração Mineira de 1789, a montagem de um Panteão e a instalação do museu na antiga Casa da Câmara e Cadeia, em 1944. A criação do Museu Nacional de Belas Artes, no Rio de Janeiro, em 1937, com a pretensão de expor uma narrativa universal da história da arte, à qual a arte brasileira reivindicava inserção, expressou o tradicionalismo predominante no meio acadêmico, antimodernista. É importante destacar ainda que o Museu Imperial de Petrópolis, inaugurado em 1943, dedicava-se a cultuar a memória de Pedro II como monarca esclarecido, justo e incentivador das ciências e das artes, pacificador e garantidor da unidade da nação.",
    "Candidatos": [
        {
            "Nome": "Adriana de Medeiros",
            "Inicio_candidato": 11961,
            "Inicio_redação": 12040,
            "Nota": 30.0,
            "Redação": "A Revolução de 1930, que levou Vargas ao poder em 03 de novembro de 1930, originou-se de uma aliança ampla e heterogênea, formada por oligarquias “ressequidas”, tenentes e liberais, que buscavam efetivar reformas no sistema político, educacional e social. Como consequência, os quinze anos da era Vargas foram caracterizados pela mediação varguista entre os distintos interesses dos grupos políticos que o apoiavam, mediante o fortalecimento do poder estatal em sua própria figura: tratava-se do Estado de compromisso, que centralizava o poder no Estado, a fim de mediar os grupos políticos, fossem eles trabalhadores, católicos, liberais, industriais, militares e intelectuais. Nesse contexto, conforme apontado por Boris Fausto, o Estado Novo – ápice dessa centralização – empenhou-se em atrair também os intelectuais para o governo. Na década de 1930, as ideias modernistas de 1922 ecoavam no pensamento social brasileiro, levando a uma nova interpretação do Brasil e do brasileiro: o darwinismo social e a política do embranquecimento do fim do XIX foram substituídos pelo orgulho da mestiçagem, conforme ideias de Gilberto Freyre em Casa-Grande e Senzala (1933), ao qual se somariam as obras de Buarque de Holanda (Raízes do Brasil, 1936) e Caio Prado Júnior (Formação do Brasil Contemporâneo, 1944). Politicamente, a substituição da ideologia do embranquecimento (ilustrado na Redenção de Cam, de Brocos) pela modernidade e orgulho da miscigenação (ilustrado em Operários, de Tarsila do Amaral) era posta em prática pelas políticas de nacionalização do trabalho, com quotas de imigração, e de valorização da cultura nacional. Nesse ponto, porém, destaca-se que havia candente debate sobre que era “cultura nacional”: enquanto os herdeiros da Antropofagia – e seu índio caraíba, a capivara, o “herói de nossa gente”, Macunaíma (1933, de Mário de Andrade) – defendiam que a cultura brasileira seria a mistura, a incorporação crítica do estrangeiro, os herdeiros da Escola da Ante e do Verde-amarelismo – com o “bom selvagem”, a anta, Martim- Cererê (Cassiano Ricardo) – excluíam qualquer influência estrangeira em busca da pureza nacional, ligando-se ao ufanismo. Ademais, na década de 1920, outro debate ganhou espaço: o da educação. Nesse ponto, dois grupos se opunham: o da Escola Nova (liderado por Anísio Teixeira) e do grupo católico (concentrado no Centro Dom Vital, Liga Católica e os católicos mineiros). A fim de conciliar tão diferentes ideias, Vargas buscou o meio-termo, incluindo toda a intelectualidade, na medida do possível, na máquina estatal ou a ela associados. Notável destaque diz respeito ao limite da conciliação: não se podia criticar o governo – o que explica a prisão de escritores como Graciliano Ramos e Monteiro Lobato.  Assim, a criação de órgãos governamentais na área cultural buscava dois objetivos: evitar e censurar as críticas – mediante ação do DIP – e criar, difundir e fortalecer a cultura e identidade nacional – mediante Ministério da Educação e Saúde. Ambos os órgãos foram inovações do governo Vargas e tinham função complementar na área cultural. O Departamento de Imprensa e Propaganda (DIP), chefiado por Lourival Fontes, seguia padrões de regimes autoritários da Itália e Alemanha, sendo responsável pela censura, 5pela administração do calendário festivo e da exaltação personalista de Vargas. A fim de impor a censura, Fontes fora instruído com métodos de tortura pela própria Gestapo, a qual foi aplicada impiedosamente contra os envolvidos na Intentona Comunista de 1935. Para as festividades nacionais, quatro datas foram eleitas: 19 de abril (aniversário de Vargas), 01 de maio (dia do trabalhador), 07 de setembro (independência nacional) e 10 de novembro (instauração do Estado Novo). A exaltação e construção do “mito Vargas”), por sua vez, teve as mais criativas ações, além de bustos, fotografias e apresentações cívicas, como a publicação de livros infantis (Vargas para Crianças) e programa de rádio que depois se transformaria na “Voz do Brasil”. A ação do DIP, assim, concentrado no período do Estado Novo, fundava-se na concepção autoritária do Estado, que remonta aos escritos de Alberto Torres e encontraria respaldo no contexto internacional de crise do liberalismo e ascensão dos autoritarismos e do fascismo. A ação do Ministério da Educação e Saúde (MES), por sua vez, após inicialmente liderada por Francisco Campos, passou a ser encabeçada pelo notável católico mineiro Capanema, a partir de 1933. Seu chefe de gabinete, Carlos Drummond, e outros altos funcionários, como Melo Franco, tinham ligações diretas com os modernistas de 1922. A política educacional, de forma geral, foi baseada na proposta católica, que prevaleceu na Constituinte de 1933- 1934, mantendo o ensino com separação por gênero e o ensino religioso (contra a proposta laica e sem distinção de gênero do Manifesto da Escola Nova). Não obstante, não se limitou a isso: na nacionalização do ensino, que proibia estrangeiros de serem donos de escolas e o ensino em língua estrangeira, houve implantação de um currículo nacional, em que não apenas a figura de Vargas era exaltada, mas a ideologia de uma miscigenação positiva, o pensamento modernista e a valorização do trabalho eram notáveis. Ao mesmo tempo, o MES esforçou-se em criar mecanismos de proteção cultural, notadamente via SPHAN (Secretaria do Patrimônio Histórico e Artístico Nacional), em 1937, baseando-se na proposta de Mário de Andrade, com quatro livros de tombamento e criação de museus modernos, como o Museu das Missões (Rio Grande do Sul) e o Museu da Inconfidência (Minas Gerais). Ao mesmo tempo, Vargas nomeia Gustavo Barroso para diretoria do Museu Histórico Nacional, criado em 1932. Em contraposição à perspectiva moderna dos museus criados pelo grupo do MES – em que se destacavam arte indígena, objetos do cotidiano, além do Barroco mineiro, com curadoria e objetivo de aprender sobre o passado e a identidade do País – o Museu Histórico Nacional, sob direção de Barroso, incorpora caráter laudatório do passado histórico, com clara predominância da herança europeia, destacando-se exaltação aos bandeirantes e uma noção de Nação perpétua, evolucionista. A concepção de arte nacional de Barroso, não por coincidência, derivava da Escola da Anta, sendo ele um dos maiores expoentes do Integralismo, que seria alijado da política em 1938. No contexto da “era do rádio”, o Estado não ficou alheio às músicas ouvidas pelos brasileiros, e censurou letras como o samba de Wilson Batista, que cantava “ter orgulho de ser tão vadio”. No seio da exaltação ao trabalhismo, criação da CLT, da carteira de trabalho, o sambista passaria a cantar outras estrofes, feliz por ir trabalhar no bonde da cidade. Outra notável ação de Vargas foi a legalização da prática da capoeira, popularizada pelos estudos de Mestre Bimba e sua 6capoeira regional. Reprimida durante a Primeira República, a capoeira passa a ser elevada a patrimônio e orgulho nacional, pela relação latente com a miscigenação do povo brasileiro. Ainda, no campo da arquitetura, destacavam-se a quase ausência de edifícios da Primeira República no livro de tombamento do período, na lógica da rejeição da “república oligárquica”, bem como a construção do Edifício Capanema, internacionalmente reconhecido pelo seu valor artístico. A construção do que seria sede do MES foi objeto de concurso, vencendo o tradicional Archimedes Memória. O projeto, porém, não foi construído, tamanha a influência modernista no Ministério. Contrataram-se Lúcio Costa, Burle Marx e outros notáveis arquitetos, com consultoria de Le Corbusier, que veio ao Brasil para o projeto. Com a inauguração do prédio, a arquitetura brasileira passou a ser internacionalmente admirada, alcançando ápice na construção de Brasília, com Niemeyer. Em todas essas ações, destaca-se o caráter conciliatório e, ao mesmo tempo, contraditório do governo Vargas, inerente à natureza de “Estado de compromisso”: enquanto museus modernos eram inaugurados em Minas, o Museu do Império (notavelmente laudatório) era organizado em Petrópolis; ao passo em que incluía comunistas no MES, Vargas perseguia líderes da Intentona pelo DIP; ao passo em que criava a narrativa do “mito Vargas”, esforçava-se por reconhecer a diversidade dos antepassados na capoeira. Por tudo isso, a política cultural de Vargas foi extremamente diversa e rica, buscando, pelas maneiras mais distintas, a legitimidade do poder através da função simbólica, como ensina Lilia Schwarcz."
        },
        {
            "Nome": "Andrea Kakitani",
            "Inicio_candidato": 20524,
            "Inicio_redação": 20602,
            "Nota": 27.5,
            "Redação": "A ascensão de Getúlio Vargas ao poder ocorreu no contexto de crise política da República oligárquica, nos anos 1920, e crise econômica de 1929, a qual fez o preço do café cair e afetou a economia agroexportadora brasileira. Ainda que a Aliança Libertadora de Vargas e João Pessoa não tenha tido êxito nas eleições de 1929/1930, o grupo chegou ao poder por meio de uma revolução, destituindo Washington Luís. A era Vargas (1930- 1945) caracterizou-se pela formação de um Estado de Compromisso, conciliando interesses das oligarquias estaduais, dos tenentes, dos militares e dos industriais. Tratava-se de um governo centralizador, influenciado pelo corporativismo de Manoilesco, pelo positivismo castilhista, pela Doutrina Social da Igreja (Rerum Novarum e Quadragesimo Anno) e pelo autoritarismo. O regime varguista marcou um ponto de inflexão para o Brasil, pois o modelo agroexportador foi substituído pelo modelo econômico desenvolvimentista, centrado no mercado interno e na indústria. Essa mudança teve consequências para a política exterior, pois a diplomacia passou a orientar-se pela busca de desenvolvimento. Os órgãos governamentais com atuação na área cultural da era Vargas tem como precedente uma comissão brasileira de cooperação intelectual, a qual exercia funções em órgão destinado à cultura da Liga das Nações, espécie de UNESCO. Com o início do Governo provisório (1930- 1934), foram promovidas mudanças no setor cultural: criou-se o Serviço de Cooperação Intelectual, o qual, mais tarde, evoluiria para Departamento 7de Cooperação Intelectual (DCI). Em torno desses órgãos havia uma disputa entre três setores do governo – o DIP, a chancelaria e o MES de Capanema. A promoção da cultura brasileira ficaria a cargo dessas três instâncias, as quais não tinham exatamente o mesmo projeto. Capanema, por exemplo, queria superar o modelo de atuação cultural dos anos 1920, de modo a promover ações como intercâmbio educacional e exposição da identidade brasileira no exterior. Seu ministério, apelidado de “Constelação Capanema”, contratou artistas modernistas, sobretudo do Rio Grande do Sul e de Minas Gerais, para promover e consolidar uma identidade nacional, difundindo elementos da cultura popular (samba, futebol, etc.). Ademais, o MES investiu no projeto de reforma do ensino, adaptando as instituições de 2º grau para a formação de elites e professionais e criando universidades, como a Universidade do Rio de Janeiro. Havia, no entanto, embates entre diferentes grupos, como os católicos e os reformadores liberais – os primeiros queriam ensino religioso nas escolas e uma divisão por gênero; os segundos eram favoráveis ao ensino laico e sem distinção de gêneros. Buscava-se conciliar os interesses dissonantes. Enquanto, via DCI, o governo Vargas valorizava a cultura erudita brasileira no estrangeiro, sendo exemplo disso as apresentações de Villa-Lobos no exterior, acompanhado de sua “embaixada musical; no âmbito interno, promovia-se a cultura popular. A difusão de símbolos populares fazia parte da estratégia de formação de identidade nacional, em substituição às identidades estaduais. As manifestações de cultura popular, todavia, não gozavam de plena liberdade: o carnaval de rua era restringido e, principalmente com o início do Estado Novo, as obras eram censuradas pelo DIP, que não permitia publicações danosas à imagem do governo. Esse controle estatal também era presente na política. Com a urbanização e a industrialização da sociedade brasileira, surgiram partidos de massa: ANL, de esquerda e liderada por Prestes, e AIB, de direita e liderada por Plínio Salgado. Durante o governo provisório e o governo constitucionalista, Vargas usou a AIB para alcançar seus interesses, isto é, reprimir os setores à esquerda. Após a Lei de Segurança Nacional (1935), a ANL foi fechada, o que motivou a Intentona Comunista (derrotada, com líderes enviados ao exílio). Os integralistas pensavam que teriam lugar de destaque no governo após a decretação do Estado de Sítio e o início do Estado Novo (motivado pela divulgação do falso plano de golpe comunista, Plano Cohen), mas Vargas decretou o fechamento de todos os partidos (1938) e reprimiu a AIB em razão do Putsch Integralista. Nos anos 1940, promove-se a “invenção do trabalhismo”, com o auxílio do programa de rádio Hora do Brasil e do ministro do trabalho Alexandre Marcondes Filho. Tratava-se de uma cultura de valorização do trabalhador para constituir uma cidadania tutelada, legitimando o governo. Na frente externa, a política cultural relacionava-se com a equidistância pragmática e a entrada na II GM. Entre 1935 e 1937, teve-se o equilíbrio possível entre Alemanha, com a qual praticava-se o comércio compensado via acordo de 1935, e os EUA, com o qual havia comércio em termos liberais via acordo de 1935 com cláusula da nação mais favorecida. Nesse período, a Alemanha superou os EUA como principal origem das importações brasileiras. Entre 1938 e 1939, há um equilíbrio difícil pela eminência de guerra, a divisão interna entre germanófilos e americanistas e pelo Caso Ritter (resultado do fechamento 8de célula nazista no Brasil). Entre 1939 e 1942, o equilíbrio é rompido, pois o Brasil declara neutralidade na guerra como forma de barganhar financiamento à siderúrgica CSN e o reaparelhamento das Forças Armadas. Além disso, o bloqueio atlântico prejudica o comércio com a Alemanha e inicia-se uma cobeligerância com os EUA (recebimento de armas via Lend and Lease, política econômica voltada aos EUA). Para afastar a influência nazista da América Latina e dissipar o antiamericanismo, os EUA mudam sua política cultural e adotam proposta de Nelson Rockefeller. Desse modo, via OCIAA, os EUA promoviam uma melhora de sua imagem na América Latina e buscavam rejeitar estereótipos negativos dos latinos na cultura norte-americana. Em relação ao Brasil, enalteceu-se figuras como Carmen Miranda e produziram-se filmes da Disney com a personagem Zé Carioca. A política cultural brasileira beneficiou-se desse movimento, de modo que, similarmente aos EUA, Vargas auxiliou na formação de uma indústria cinematográfica que promovesse uma imagem positiva do Brasil nos vizinhos. O resultado do rompimento do equilíbrio pragmático e da política cultural de Roosevelt, sob a Política da Boa Vizinhança, foi a aproximação EUA-Brasil e a definitiva entrada brasileira na guerra. Formava- se uma “aliança especial”. No âmbito interno, durante o Estado Novo, Vargas seguiu atraindo intelectuais ao governo, principalmente aqueles à direita, para dar continuidade à política cultural de integração nacional. Beneficiava-se, assim, uma representação de nação que partisse do Estado e fosse por ele organizada via lógica corporativista. O pensamento nacionalista autoritário destacou-se nesse contexto, com autores como Francisco Campos e Oliveira Vianna. Em relação à arquitetura, ao patrimônio e aos museus, manteve-se orientação dos anos 1930: apesar da diferença ideológica, arquitetos modernistas, como Lucio Costa, realizaram obras para o governo (Ed. Capanema); a preservação do patrimônio deu-se principalmente via nacionalização de recursos (Código de Minas, Código de Águas); e o MES cumpriu função museológica em relação às obras modernistas. Além disso, a abertura de museus e instituições de ensino visava promover uma identidade nacional."
        },
        {
            "Nome": "Daniel Nogueira",
            "Inicio_candidato": 27942,
            "Inicio_redação": 28021,
            "Nota": 27.5,
            "Redação": "A Revolução de 1930 é um marco da modernidade brasileira. Nada obstante, as contradições entre o europeísmo mimetizado presente na Primeira República e a busca por uma manifestação cultural verdadeiramente nacional já se manifestam na década de 1920, como se constata com a Semana de Arte Moderna, o movimento verde- amarelista e o manifesto antropofágico. A Era Vargas é um momento em que todos esses movimentos que existiam foram da estrutura burocrática do Estado são inseridos, de maneira seletiva, nela, para a constituição de uma política cultural nacional. Após chegar ao poder, Vargas cria o ministério da educação, sob o comando de Capanema, um político de influência católica, mas que vai mostrar-se tolerante com manifestações culturais de diferentes matizes ideológicas, abrigando nas estruturas do ministério, inclusive, comunistas. Campanhas de alfabetização e a padronização de livros didáticos auxiliam na criação de uma grade curricular mínima, e a literatura infanto-juvenil, como os livros de Monteiro Lobato, ganha importância. Nesse sentido, é valorizada uma cultura brasileira que não se submete aos cânones europeus, mas que apresenta características de modernidade. A importância do Ministério da Educação também é demonstrada pelo interesse que grupos políticos, como os integralistas, que desejam que Plínio Salgado fosse ministro da educação, tinham em controlá-lo, para poder conduzir esse processo de conformação cultural nacional mediante o sistema nacional de ensino. Além disso, o Ministério das Relações Exteriores também apresenta mudanças, atraindo intelectuais e escritores que conformam a segunda geração modernista, como Vinicius de Moraes, João Cabral de Melo Neto e Guimarães Rosa, que farão uso de suas vivências diplomáticas para a escritura de suas obras. Ademais, uma burocracia para a promoção da cultura brasileira no exterior é formada, no âmbito do Itamaraty. A ideia de apresentar o Brasil como um país moderno e em franco desenvolvimento consolida-se. Nesse sentido, na Era Vargas, passa-se a contrapor esse novo período com o da Primeira República, agora chama de “República Velha”. A criação do Departamento de Imprensa e Propaganda cristaliza a intervenção estatal sobre as manifestações culturais. Além das campanhas educativas, como de saúde e de alfabetização, o DIP forma um significativo aparato de censura, que irá selecionar quais expressões serão toleradas pelo regime, como demonstra a censura e a prisão de Graciliano Ramos. Uma estética do Estado Novo calcada em expressões do realismo fascista e soviético é incentivada de modo a demonstrar Vargas como o líder da nação, primeiro trabalhador e pai dos pobres. Paulatinamente, conforma-se um modelo de identidade nacional mediante a união do samba das camadas populares com o futebol das elites, tudo isso repercutido pelo rádio, meio de comunicação muito usado por Vargas, com a transmissão de seus discursos pela Rádio Nacional. Nesse sentido, havia o controle estatal das manifestações culturais, de modo a criar uma identidade brasileira conformada pelo regime. Esse controle já começa a aparecer com a crise do Diário Carioca, em 1931, que criticava Vargas e acaba 0empastelado pelos apoiadores do presidente, o que enseja o pedido de demissão de todos os ministros gaúchos. Desse fato, já se constata que as manifestações, malgrado a tolerância do Ministério da Educação de Capanema, contrárias ao regime não seriam tolerados facilmente. Ainda assim, há o esforço em se diferenciar do elitismo europeu da Primeira República, e as manifestações culturais negras deixam, em parte, de ser marginalizadas para serem assimiladas, também seletivamente. Vargas cria o Dia da Raça, de modo a, oficialmente, valorizar as contribuições dos afro-brasileiros. Da mesma forma, em 1933, Gilberto Freyre lança Casa-Grande & Senzala, em que expõe sua valorização da negritude brasileira, ainda que sob o paradigma da democracia racial. Desse modo, constitui-se o paradigma de uma nação culturalmente mestiça, em contraponto ao objetivo de embranquecimento populacional que havia na Primeira República. Nada obstante, Vargas irá, embora revogue leis como a da vadiagem que perseguia comunidades negras, exercer o controle sobre manifestações culturais como o carnaval, coibindo posicionamentos críticos ao regime e até mesmo destruindo a praça XI, espaço de carnavalescos e de críticos ao regime, por meio da construção da avenida presidente Vargas. A censura começa a se fazer setnri nas músicas, como “O Bonde de São Januário”, de Cyro Monteiro, que tem a letra alterada para ser favorável ao Estado Novo. Poemas como “Áporo” e “Rosa do Povo”, de Carlos Drummond de Andrade, também exemplificam a atmosfera de repressão. Essa contradição entre uma efervescência cultural e a censura ensejará o Manifesto dos Escritores, em janeiro de 1945, que pedirá o fim da censura, contribuindo para o fim da Era Vargas. A intelectualidade foi usada para a legitimação do caráter moderno do regime varguista. Nesse sentido, o novo prédio do Ministério da Educação, projetado por Le Corbusier, com seus pilotis e vãos libres, é exemplo dessa busca pela nacionalidade. É, também, na Era Vargas que Lúcio Costa e Niemeyer começam seus trabalhos e parcerias, além da consolidação do paisagismo de Burle Marx, todos com reconhecimento nacional e internacional, separando o neoclassicismo e a art déco que vigoravam, majoritariamente, na arquitetura nacional, abrindo caminho para o uso do concreto e das curvas, o que ensejará o brutalismo das décadas seguintes. A preocupação com o patrimônio nacional começa a ser racionalizada por meio da criação do DASP, o que enseja a constituição de outros órgãos, como o IPHAN, de modo a preservar o legado histórico e artístico nacional. Novos museus são criados, como o Museu Nacional, e a elite paulistana inicia o processo para a construção do Museu de Arte de São Paulo (MASP), sob os auspícios de Lina Bo Bardi e de Assis Chateubriand. Dessa forma, há a preocupação com a constituição de uma memória nacional, por intermédio de aparelhos culturais como repositório e divulgação desse patrimônio. A Era Vargas foi um período de consolidação da cultura e da identidade nacionais. Sem embargo, não houve plena liberdade intelectual, com uma assimilação seletiva, de acordo com os interesses do regime. O aparato burocrático, dessa forma, foi expandido e modernizado para abrigar intelectuais e consolidar uma narrativa de ruptura entre a Primeira República, dita “Velha”, e o Estado Novo"
        },
        {
            "Nome": "Vinícius Gonzalez",
            "Inicio_candidato": 34540,
            "Inicio_redação": 34617,
            "Nota": 23.0,
            "Redação": "O período da Era Vargas (1930-1945) foi ocasião de grande efervescência cultural no Brasil, que experimentou o auge dos movimentos modernistas de arte. Do ponto de vista político, havia um premente anseio de desvinculação do Estado brasileiro das bases estéticas europeizantes da Primeira República, tachada de “República Velha”. Tal período também coincidiu com a consolidação de novos meios de expressão artística (mormente o rádio e o cinema) e com a “política da boa vizinhança” dos EUA, que ensejou grande aproximação entre os dois países no plano cultural. A reformulação do Estado brasileiro também implicou a formulação de diversos órgãos incumbidos de promoção e preservação cultural. O período anterior à Era Vargas foi caracterizado, no plano das ideias, pela generalizada crença na superioridade dos povos europeus, como exemplificado pela participação de Batista de Lacerda, diretor do Museu Nacional, no “Congresso Internacional das Raças”, em Londres em 1911. Na arte, havia predomínio da pintura academicista, da arquitetura eclética e das produções eruditas europeias. No Velho Continente, contudo, tais bases estéticas começaram a ruir com o crescimento da popularidade das vanguardas, como o expressionismo, o dadaísmo, o futurismo e o cubismo. Os movimentos vanguardistas foram recebidos com grande entusiasmo por parte de setores da elite brasileira, como Anita Malfatti, que havia estudado na Europa e, no Brasil, seria duramente criticada pelo artigo “Paranoia e mistificação”, de Monteiro Lobato. Não obstante, a arte autoproclamada “futurista” (em contraposição ao “passadismo” visto na arte de outrora) ganhou popularidade entre parte da elite paulista, e o empresário Paulo Prado patrocinou a realização da “Semana de Arte Moderna”, no Theatro Municipal de SP. Após a “Semana de 1922”, observou-se uma clivagem estética entre os modernistas. No “Manifesto Pau-Brasil”, depois ratificado pelo “Manifesto Antropofágico”, Oswald de Andrade advogava por uma “arte brasileira de exportação”, que, tal qual certas tribos indígenas faziam, deveria “deglutir” padrões estéticos europeus e incorporá-los a uma arte genuinamente nacional. Em contrapartida, o “Grupo da Anta”, integrado por nomes como Plínio Salgado e Menotti del Picchia, acusava os antropófagos de subserviência e advogava por uma identidade ferrenhamente nacionalista, baseada no “mito das três raças”, tal qual elaborado na obra “Martim Cererê”, de Cassiano Ricardo. Paralelamente a essa disputa, ocorria grande mudança na museologia brasileira, com a fundação do Museu Histórico Nacional, na esteira da comemoração dos 100 anos de independência; o diretor, Gustavo Barroso, abandonou o paradigma enciclopedista do século XIX (presente, por exemplo, no Museu Nacional) e iniciou um museu temático, com exposições destinadas a laudar a construção do Brasil pelos colonizadores. Tal corrente museológica foi, pouco depois, seguida pelo Museu Paulista, que havia sido criado no século anterior. Após a Revolução de 1930, houve uma maior preocupação do Estado brasileiro com temas culturais. Tal era uma 2preocupação observada no mundo inteiro, decorrente da consolidação dos meios de comunicação em massa (rádio e cinema) e da ascensão do nacionalismo em muitos países, o que implicava um anseio por firmar uma identidade nacional. Foi emblemático, assim, o fato de uma das primeiras medidas do Governo Provisório ter sido a criação do Ministério da Educação e Cultura (MEC), inicialmente sob a chefia de Francisco Campos, mas depois comandado por Gustavo Capanema. O MEC notabilizou-se por uma promoção da identidade cultural nos termos do ideário modernista, rechaçando a concepção de que o “branqueamento” do Brasil seria o único caminho para o progresso. Pelo contrário, o governo Vargas impôs severas restrições à imigração e manifestou preocupação quanto a colônias étnicas europeias no Sul do Brasil, proibindo o ensino em qualquer língua que não o português. Foi também emblemática a construção do “Edifício Capanema” para abrigar o MEC: pela primeira vez, o Estado brasileiro bancava grande obra no estilo arquitetônico modernista, inclusive com a visita do renomado arquiteto Le Corbusier ao canteiro de obras. Quanto aos museus, o governo Vargas criou o “Serviço do Patrimônio Histórico e Artístico Nacional” (SPHAN), com grande influência do intelectual Mário de Andrade. O SPHAN levou a cabo uma significativa mudança na concepção museológica nacional, com a construção de museus como o Museu das Missões (RS), o Museu da Inconfidência (MG) e o Museu do Ouro (MG). Abandonava-se em definitivo a museologia enciclopédica, consistente na exibição de diversos artefatos com pouca relação temática entre si. Ao invés da concepção laudatória idealizada pelo integralista Gustavo Barroso, no entanto, os museus do SPHAN caracterizavam-se pela exibição de objetos da vida cotidiana, como roupas, armas, moedas e cartas. O SPHAN também inaugurou o instituto jurídico do tombamento para a preservação do patrimônio histórico e artístico. Quanto aos edifícios tombados, houve uma nítida preferência pelo barroco, em especial pelo barroco mineiro, consoante o fascínio de vários modernistas por essa tendência arquitetônica, como exemplificado pela visita de Blaise Cendrars ao Brasil. Foi também notável a parca proteção aos edifícios ecléticos da Primeira República, com a exceção notável do Teatro Amazonas, em Manaus. Outro pilar da política cultural da Era Vargas foi o “Departamento de Imprensa e Propaganda” (DIP), chefiado por Lourival Fontes e com uma cultura institucional muito influenciada pelo integralismo. Tal qual seus precursores “verde-amarelistas”, os integralistas do DIP propugnavam uma identidade brasileira calcada no “mito das três raças” - por essa razão, o símbolo de seu movimento era a letra grega “sigma” (na matemática, notação para “somatório). Além de promulgar a ideia de pertencimento a um Brasil fundado pelo heroísmo de três raças, o DIP era responsável pelo controle dos meios de comunicação e por promover um culto à personalidade em torno do presidente Vargas. A popularização do rádio ensejou a realização do programa “Voz do Brasil”, com grande influência na construção do mito de Vagas como o benemérito do trabalhador brasileiro. Consoante a concepção modernista de aproximar arte popular e erudita, a política cultural de Vargas foi também caracterizada pelo esforço em apropriação e controle de manifestações culturais populares. Como a sede do poder estava no Rio de Janeiro, o samba passou a ser um dos principais alvos dessa política. De ritmo 3marginalizado no início do século, o samba passou a ser promovido como símbolo da tradição musical brasileira, inclusive com a sua promoção no estrangeiro, como exemplificado pela popularidade de Cármen Miranda nos EUA. No carnaval, iniciaram-se os “desfiles de escolas de samba”, com enredos laudatórios à concepção de identidade regional adotada pelo regime. Também instrumentalizou- se o futebol, que já era o esporte mais popular do Brasil na década de 1930. O Itamaraty esteve presente durante todo o processo de reformulação das bases estéticas nacionais. Desde a participação dos diplomatas Graça Aranha e Ronald de Carvalho na Semana de 1922, observou-se um crescente esforço da diplomacia brasileira na promoção cultural do país. Tais esforços foram exemplificados pela atuação do embaixador Souza Dantas em Paris, e culminaram no estabelecimento da Divisão de Cooperação Intelectual, no seio do MRE, durante a chancelaria de Oswaldo Aranha. O Brasil cooperou intensamente na difusão da cultura popular de seu povo, favorecida pela “política da boa vizinhança” dos EUA. No plano multilateral, o Brasil contribuiu intensamente nas discussões que culminaram na criação da UNESCO, além de contribuir com artistas como Niemeyer para a construção da sede da ONU, e obras de modernistas como Cândido Portinari, na ONU, e Iberê Camargo, na OMS."
        },
        {
            "Nome": "Anônimo",
            "Inicio_candidato": 42542,
            "Inicio_redação": 42598,
            "Nota": 13.5,
            "Redação": "A Era Vargas corresponde a um período de constituição da moderna ideia de nação no Brasil, à qual corresponde um Estado fortalecido e centralizado capaz de promover uma determinada concepção de cultura. Se, por um lado, intelectuais de diversos matizes aderiram às propostas de Vargas, por outro, a este foi particularmente benéfico o apoio da classe artística e intelectual, cabendo ressaltar que parte da crise do Estado Novo é devido à perda de apoio dessas classes. O governo Vargas tem início em um contexto geral de desencanto com as propostas liberais. Seja na América Latina ou na Europa, as crises posteriores à Primeira Guerra Mundial e, particularmente, a Crise de 29, trazem a noção da necessária presença de um Estado forte e garantidor do bem-estar da nação. No entanto, a construção tanto da ideia de Estado quanto de nação não são auto-evidentes, necessitando construção de um arcabouço que possibilite a união da população em torno de uma ideia comum de povo. Nesse sentido, o governo Vargas é marcado pela colaboração com grupos culturais e intelectuais diversos, como os modernistas, os católicos, os intelectuais e os integralistas. Os modernistas são integrados à ideologia e prática estatal no que foi conceituado como “rotinização do modernismo”. A valorização das diferentes raízes formadoras da cultura brasileira foi marca importante do governo Vargas, assim como proposto pelo Modernismo. 4Nesse sentido, importantes órgãos foram criados com interferência na área cultural. Cabe ressalta o Ministério da Educação, sob direção de Gustavo Capanema, onde está presente pintura de Candido Portinari. Houve busca de uniformizar o ensino por todo o país, o que envolveu a repressão ao ensino da língua materna de imigrantes em regiões onde eram maioria, tendo prevalência do ensino do português. Outro importante meio de uniformização cultural foi o intenso uso do rádio, pelo qual eram transmitidas músicas, novelas e comunicados sobre as atividades do governo, na Hora do Brasil. Algumas manifestações eram, no entanto, alvo de estigmatização. É notável a dupla atuação sobre o samba durante o governo Vargas, pois, enquanto de um lado foi elevado à categoria de reflexo do povo brasileiro, por outro, o sambista foi frequentemente associado à figura do malandro e reprimido sob a lei da vadiagem. Ainda assim, muitos intelectuais tomaram parte no regime, como Carlos Drummond de Andrade, em Minas Gerais, e Oswald de Andrade, em São Paulo. É importante notar que embora muitos intelectuais tivessem orientação comunista, como Jorge Amado, a repressão do governo era acionada sobretudo quando estes faziam críticas diretas ao governo. Outros grupos cooptados pelo governo Vargas foram os católicos, que tiveram artigos inscritos na Constituição de 1934, com a previsão de um padre em hospitais e em áreas militares. O período também marca a construção do Cristo Redentor no Rio de Janeiro e o casamento de Vargas como forma de melhorar a perspective religiosa sobre ele. Cabe, finalmente, ressaltar que o apoio dos artistas e intelectuais tem sua importância confirmada no contexto da crise do Estado Novo, durante a qual um dos eventos de maior relevância foi o Manifesto dos Artistas, em 1943, demandando o retorno à democracia."
        }
    ]
}