{
    "Nota Máxima": 20.0,
    "Nota Média": 13.0,
    "Menor Nota": 4.5,
    "Pergunta": "Ainda quando não prevalecessem essas condições, ainda quando se presumisse a independência e a liberdade na escolha dos mandatários do povo, ainda quando, ao lado do poder que impõe pela força, não existisse o poder que corrompe pelo favoritismo, bastava a existência do Poder Moderador, com as faculdades que lhe dá a Carta, com o veto secundado pela dissolução, para nulificar de fato o elemento democrático. Esse sistema misto é uma utopia, porque é utopia ligar, de modo sólido e perdurável, dois elementos heterogêneos, dois poderes diversos em sua origem, antinômicos e irreconciliáveis - a Monarquia hereditária e a soberania nacional, o poder pela graça de Deus, o poder pela vontade coletiva, livre e soberana de todos os cidadãos. MANIFESTO REPUBLICANO DE 1870. In: MELO, Américo Brasiliense de Almeida e. Os programas dos partidos e o Segundo Império. São Paulo: Typ. De Jorge Seckler, 1878, pp. 68-69, 81, com adaptações. Considerando que o excerto apresentado tem caráter meramente motivador, redija um texto dissertativo a respeito das características sociais, políticas e institucionais do contexto da Proclamação da República. Aborde, necessariamente, os seguintes tópicos: as transformações sociopolíticas, intelectuais e ideológicas da segunda metade do século 19; a criação, a difusão e a recepção do Partido Republicano e do Manifesto Republicano; e os debates públicos nos anos finais da Monarquia no Brasil. ",
    "Padrão de Resposta": "Espera-se que o candidato redija o texto considerando os aspectos a seguir. Q1. O surgimento de uma alternativa política republicana relaciona-se diretamente a um período de profundas transformações sociopolíticas no Brasil. É necessário indicar as características desse processo a partir de exemplos – a Guerra do Paraguai, as disputas em torno da escravidão, a Lei de Terras, entre outros. Q2. Deve-se contextualizar, igualmente, as transformações intelectuais e ideológicas, discutindo perspectivas dissidentes, reformistas ou mesmo revolucionárias, que ganharam força no debate público, especialmente a partir da década de 1870. Q3. No plano político, esse contexto torna viável a alternativa republicana, cabendo discutir episódios como a queda do gabinete Zacarias, a formação do Partido Republicano e os debates na imprensa, de forma a enfatizar, no caso desta última, seu caráter estratégico para a ação política. Q4. É imprescindível apontar a importância do Manifesto Republicano, percorrendo suas principais críticas e propostas, a exemplo dos questionamentos ligados ao Poder Moderador, à noção de “monarquia temperada” e à defesa do federalismo. Q5. Também cumpre discorrer a respeito das consequências imediatas e de médio prazo da criação do Partido Republicano e da publicação do Manifesto, a exemplo do estímulo à criação e conversão de clubes à causa dos republicanos, bem como demarcar graus de adesão e diferenças no bojo da agenda republicana segundo as províncias do Império e (ou) correntes ideológicas. Q6. Cabe examinar os efeitos das causas políticas republicanas à luz da dinâmica eleitoral, indicando, entre outros aspectos possíveis, a formação de um partido efetivo em São Paulo, a ser descrito com base nos grupos sociais que fizeram parte dele, e a força política eleitoral das ideias republicanas em províncias como Rio Grande do Sul, Rio de Janeiro e Minas Gerais. Q7. Outro fenômeno a discutir é a transformação paulatina do vocabulário político ao longo da década de 1880, com o sucesso da propaganda republicana em afirmar a ideia de uma equivalência entre democracia e república a partir do ideal, defendido por várias correntes, de uma extensão da cidadania. Q8. A questão dos grupos sociais que aderiram ao republicanismo deve ser correlacionada à centralidade do debate abolicionista, com a finalidade de mostrar as ambiguidades no posicionamento e o pragmatismo amiúde adotado em relação a esse tema, tendo em vista a necessidade de conciliar os interesses de grupos urbanos e rurais. Q9. O contexto também foi marcado pelo aumento das tensões entre militares e o governo, exemplificadas, entre outros fatores a serem elencados, pelas demandas dos militares pelo direito em discutir abertamente temas que considerassem de interesse. Espera-se que o candidato discuta, ainda, como algumas lideranças, a exemplo de Benjamin Constant, buscaram se aproximar da direção do Partido Republicano, e vice-versa. Q10. Deve-se mostrar também que as críticas intensas à acefalia do poder perante a fragilidade do imperador tomaram parte dos debates públicos, dando margem à construção de uma imagem de apatia nacional. 8Por outro lado, as agitações nas ruas da Corte instigavam a manifestação de um discurso em nome da ordem, servindo de justificativa, segundo certos atores políticos, para uma transição politicamente mediada rumo à República.",
    "Candidatos": [
        {
            "Nome": "Ana Cecília",
            "Inicio_candidato": 5282,
            "Inicio_redação": 5361,
            "Nota": 17.5,
            "Redação": "O 15 de novembro de 1889 teve início com a promulgação da Lei Eusébio de Queiroz (1850), pondo fim ao tráfico de escravos, e com a Lei de Terras (1850), provendo a regulamentação das propriedades rurais. A Lei de Terras, apesar de “ter sofrido o veto dos barões” (José Murilo de Carvalho), representa um primeiro choque do Imperador com a sua base cafeicultora, agravado pelo fim do tráfico negreiro. Ao longo dos anos que se seguiram, outras transformações sociopolíticas e intelectuais na sociedade levariam ao inexorável fim da Monarquia e à Proclamação da República. Se, em 1845, “nada mais Saquarema do que um luzia no poder” (Holanda Cavalcante), a partir dos anos 1860, tal premissa passa a ser cada vez menos verdadeira. Os liberais, no processo do “renascer liberal”, passam a retomar demandas históricas, como a crítica ao Poder Moderador, ao senado vitalício, à lei de reforma do CPC. Ademais, a recorrência das fraudes eleitorais e a insatisfação mesmo de conservadores moderados fazem com que membros do próprio Partido Conservador passem a concordar com algumas demandas liberais. É nesse contexto que surge a Liga Progressista, sob o comando dos liberais, e que Teófilo Otoni e Zacarias Góes de Vasconcelos publicam manifestos atacando frontalmente o Poder Moderador e, ainda assim, são chamados ao gabinete. D. Pedro II entendia a magnitude das transformações que estavam ocorrendo. Leis eleitorais 9tentando reverter o avanço liberal, a exemplo da Segunda Lei dos Círculos, não foram capazes de conter o movimento. O fim da escravidão nos mais diversos países também influenciava nas transformações ideológicas pelas quais passava a sociedade a respeito do tema. Nesse contexto de críticas ao regime, começam a tomar cada vez mais ímpeto as ideias republicanas, e assim é criado o Partido Republicano, dentro do movimento liberal. Vale notar, contudo, que o movimento republicano nunca chegou a ter abrangência nacional, com atuação adstrita ao Centro-Sul, em particular, Rio de Janeiro e São Paulo. Havia, ainda, importantes diferenças entre os partidos dessas duas cidades: no Rio de Janeiro, composto majoritariamente por camadas médias urbanas; em São Paulo, o Partido Republicano Paulista foi fundado por cafeicultores do Oeste paulista, que buscavam concertar posições para a criação de um novo regime, no qual seu poder econômico fosse refletido, em igual magnitude, em poder político. Os republicanos não necessariamente eram abolicionistas, ou vice-versa, e, enquanto durou a escravidão, o Partido ficou, em grande medida, adstrito às fazendas de café de São Paulo e ao debate acadêmico-político – não atingiu as massas, que “assistiram bestializadas ao golpe”. O Manifesto Republicano também surge nesse contexto de crise da Monarquia. Única monarquia entre diversas repúblicas, por meio do Manifesto, o Brasil dizia: “somos da América e queremos ser americanos”, mas, assim como o Partido Republicano, não obteve muito apoio popular. Especialmente após a edição da Lei Saraiva, a população participava muito pouco da política. Contudo, o Manifesto Republicano teve o condão de impelir o governo a tentar realizar algumas reformas demandadas pela oposição (“reform mongering”), sem que para isso fosse necessária a mudança de regime, a exemplo das reformas judicial e militar. Os debates nos anos finais da Monarquia no Brasil voltaram-se, portanto, a quais outras reformas o governo imperial deveria ou não realizar, assumindo o debate sobre a abolição da escravidão uma importância fulcral. Pela primeira vez na história, segundo José Murilo de Carvalho, a população se organizou em caráter não reativo, mas para apoiar a bandeira da abolição: fugas e atividades de grupos como os caifazes eram toleradas, a população comprava camélias e abrigava escravos fugidos. Outro debate público relevante era a respeito da fraude eleitoral, com a Lei Saraiva tentando pôr fim ao problema com a vedação dos votos dos analfabetos. Discutia-se, ainda, a questão do Senado vitalício, do papel do Exército (que não se sentia prestigiado o suficiente após a Guerra do Paraguai), e a permanência do Poder Moderador. A fim de manter- se no poder, D. Pedro II convocou gabinetes para implementar parte dessa agenda, a exemplo do gabinete Ouro Preto, já no final do Império, e da tentativa de pôr fim ao senado vitalício. Sem apoio no parlamento, a impossibilidade de consecução de reformas mais substantivas nos anos 1880 levou ao agravamento da crise. O fim da escravidão foi o estopim para o fim do regime. Se a Lei Eusébio de Queiroz, por um lado, representou a consolidação do Estado Saquarema e foi, ao mesmo tempo, um prelúdio da sua crise, a Lei Áurea confirmou que, com a adesão dos “republicanos do 14 de maio” ao movimento republicano, o Império não teria mais sustentação."
        },
        {
            "Nome": "André Delgado",
            "Inicio_candidato": 21481,
            "Inicio_redação": 21552,
            "Nota": 13.0,
            "Redação": "A dissolução do gabinete progressista pelo Imperador Dom Pedro II em 1868, fazendo uso do Poder Moderador de azo a uma série de questionamentos acerca das instituições monárquicas no Brasil. Acompanhados de grandes transformações nos planos sociopolítico, intelectual e ideológico, além do econômico, tais questionamentos comportam a crise do Império que culminaria na Proclamação da República de 15 de novembro de 1889. Consolidado o Império, sua hegemonia regional e sistema econômico baseado no latifúndio, a Monarquia brasileira vive seu apogeu nos anos 1870. É precisamente neste cenário, todavia, que surgem as sementes de sua contestação. Alijados do poder pela troca autoritária do gabinete Zacarias, os progressistas fundam, em finais de 1860 e início da década seguinte, o Clube Radical e o Partido Republicano, primeira contestação aberta ao regime monárquico. A hegemonia dos conservadores no poder até 1878 dá impulso aos debates públicos e às novas ideias que proliferariam na sociedade brasileira naquele tempo. Passariam a ser contestadas as bases da legitimidade imperial, desde o escravismo e a religião católica, até suas instituições mais características, como o Poder Moderador, o Conselho de Estado e o Senado vitalício. O Manifesto Republicano e a fundação do Partido Republicano são expressão clara dessa contestação. Assinado em 1870 por algumas dezenas de militares, profissionais liberais, alguns poucos proprietários de terras e políticos, principalmente de São Paulo, o Manifesto apontava a incompatibilidade entre o Poder Moderador, que considerava arbitrário e antidemocrático, e o poder soberano do povo (entendido como o conjunto de cidadãos, os aptos a votar e serem votados). O Manifesto não era radical, defendendo a instalação da República de modo pacífico e democrático, sem rupturas bruscas do tecido social. Apesar do início modesto, o Partido Republicano foi ganhando adeptos gradualmente e participando da vida política do país, chegando a eleger deputados para a Câmara e expandindo-se para outras províncias. O Partido Republicano era visto pelo Imperador com estranha simpatia. Dom Pedro afirmava que se não o quisessem mais, iria dar aulas no Colégio Dom Pedro. A adesão cresceu particularmente entre os militares da escola de cadetes, onde Benjamin Constant tornou-se verdadeiro ídolo e propagador da causa republicana e do positivismo de Auguste Comte. O republicano ganhou muitos adeptos de última hora quando da abolição da escravidão pela Lei Áurea, em maio de 1888, vista como traição por boa parte dos proprietários rurais, embora tenha sido amplamente celebrada nas ruas do Rio de Janeiro. O abolicionismo teve particular impacto na crise da Monarquia, repercutindo na “questão militar” e nas relações entre os grupos liberal e conservador no Parlamento. Com a Lei do Ventre Livre em 1871, aumentou o número de libertos e impulsionou-se o movimento abolicionista nos anos 1880, que fazia grande barulho na mídia e nos debates públicos. A recusa dos oficiais do Exército em capturar 5escravos fugidos foi o principal elemento a incitar os militares contra a monarquia. Em 1885, a Lei dos Sexagenários, aprovada, assim como a do Ventre Livre, por um gabinete conservador, incomodou os liberais, pois fora subvertida por Cotegipe em favor dos proprietários de escravos. Outra transformação política relevante da época foi a reforma eleitoral aprovada em 1881. Na contramão da democracia, a reforma reduziu a franquia eleitoral ao proibir o voto aos analfabetos, embora instituísse o voto direto, eliminando o colégio eleitoral que intermediava a eleição dos deputados. Além disso, no campo intelectual e ideológico, as diversas “ideias novas” agitavam o país. Além do republicanismo e do positivismo, o darwinismo, o evolucionismo, o naturalismo e outros “ismos” encontravam no Brasil terreno fértil para serem assimilados e veiculados, conforme os interesses e perspectivas de seus disseminadores. A “questão religiosa”, que opôs o projeto de romanização do clero ao gabinete Rio Branco nos anos 1870, acrescentara mais um elemento à contestação da legitimidade da monarquia. Todas essas questões eram debatidas publicamente nos anos 1880. As características sociais – com cerca de 700 mil escravizados e milhões de libertos, além de uma massa de analfabetos inaptos a votar -, políticas - com aberta contestação ao regime monárquico por parte dos republicanos e da jovem oficialidade militar-, e institucionais – com órgãos anárquicos e incapazes de responder à crise do Império -, indicam que o contexto da Proclamação da República em 1889 era de decadência e envelhecimento do regime monárquico, finalmente sepultado por uma conspiração militar que, mais do que mera quartelada, teve o envolvimento expressivo de setores sociais relevantes, ainda que desprovida de participação popular ampla."
        },
        {
            "Nome": "Felipe Pereira",
            "Inicio_candidato": 10156,
            "Inicio_redação": 10223,
            "Nota": 17.5,
            "Redação": "O fim do 2º Reinado brasileiro, em 1989, decorreu, entre diversos aspectos, devido a mudanças na composição de forças político-sociais cujas origens remetem à Guerra do Paraguai e à disputa entre os partidos conservadores e liberal. Após a Trindade Saquarema (1849-53), houve período da Conciliação de Carneiro Leão, revelando a fratura no partido conservador, de sorte que a facção mais moderada aceitava compor gabinete com liberais moderados, chegando-se a concluir projeto que permitia melhor composição com elites provinciais (Lei de Círculos, 1855). Após divergências quanto à conciliação e período de conservadores puros, foi a vez da Liga Progressista assumir o poder, em 1862, e logo dragado foi para as divergências no Prata. A Guerra do Paraguai (1864-70) revelou que havia contradições sociais profundas na sociedade brasileira. A luta armada envolvendo escravizados demonstrou para o Exército imperial o seu valor, bem como adensava o sentimento em prol da emancipação. Não à toa, Dom Pedro II solicitou 5 projetos de emancipação ao Conselho de Estado, levando a questão inclusive na “Fala do Trono”, em 1866. Além disso, por divergências quanto à condução da guerra por Caxias (conservador), Zacarias Góes abriu mão do gabinete “ligueiro”, levando a nova hegemonia conservadora (1868-78). A partir de então, verifica-se fratura no partido liberal, tendo sido consolidado o Clube da Reforma, com restrições ao Conselho de Estado projetados, e o Clube Radical, prevendo, inclusive, a emancipação dos escravos. De forma a “sequestrar a agenda liberal”, o gabinete Rio Branco, o mais longevo do 2º Reinado, entabulou reformas da Guarda Nacional, Lei dos Terços (1875) e a Lei do Ventre Livre, esta tendo levado a cisão forte entre conservadores “emperrados” (contra qualquer flexibilização na questão servil) e conservadores moderados. As relações entre partidos, Poder Moderador e gabinete foram expostos por J. Nabuco, no discurso de “Sorites”. Não obstante também eram verificadas mudanças na mentalidade das elites, a “Geração de 1870”, influenciada pelo “Bando de Ideias” (darwinismo social, positivismo, racialismo), tentou conformar, em tese, ordem política mais atualizada a seus tempos. A Escola de Recife propugnava o branqueamento racial da sociedade brasileira, Benjamin Constant com as ideias positivistas de August Comte advogam por positivismo e maior atuação da caserna “científica” na política brasileira, e emancipacionistas avaliavam a necessidade de aumentar a migração europeia, como Argentina e EUA já faziam. Nesse contexto, surgiu o Manifesto do Partido Republicano (1870) pelo que seria o Partido Republicano Paulista, de Prudente de Morais. O Manifesto apregoava o fim do Poder Moderador, fim da vitaliciedade do Senado, federalismo, voto direto, “comunhão de espírito” com outros países das Américas, não falava em abolição da escravidão. O Manifesto não foi recebido com muito entusiasmo no cenário político, haja vista a pouca relevância de liberais exaltados na Câmara dos Deputados desde o período regencial. Do mesmo modo, havia outros projetos republicanos, como de facções no Rio de Janeiro e no Rio Grande do Sul (PRR, este de viés mais autoritário).1Deve-se lembrar que o cenário político também estava conturbado por outros aspectos. A Questão Religiosa, envolvendo os limites do Padroado do beneplácito, levaram, segundo alguns autores, à queda de Rio Branco (1875). Esse era um período de exigências de direito da “cidadania em negativo e em positivo”, segundo J. M. de Carvalho. Revolta do Vintém, Quebra-Quilos e a própria postergação do Censo de 1850 para 1872, demonstra as limitações quanto ao Estado. O Censo de 1872, em particular, demonstrava, além da composição racial (maioria somada de negros e miscigenados, em relação a brancos) que as elites precisariam construir novas formas de interação sociedade- Estado. Quanto à “cidadania em positivo”, verifica-se, por outro lado, confluência de movimentos organizados da sociedade civil em torno de uma causa nacional (a abolição). Foram congregadas a Sociedade Abolicionista e a Confederação Abolicionista (1885), além de bancada congressual, sob liderança de Nabuco e seu livre correr entre “salões e ruas”, apresentando intelectualmente em O Abolicionista o projeto e os objetivos com o fim da escravidão. Porém, o processo foi consubstanciado por “flores, votos e balas”. As discussões parlamentares retardaram ao máximo a libertação gradual, chegando-se à lei dos Sexagenários (1885) com poucos benefícios palpáveis. Nesse contexto, intensificou-se a oposição junto a processos de compra de alforrias e emprego do Poder Judiciário (André Rebouças) para fazer valer as leis antiescravistas existentes. Nessa seara, houve a organização de fugas coletivas por caifazes, levando ao ordenamento para o Exército recuperar escravizados fugidos. Militares tarimbeiros, como Sena Madureira, recusavam-se a ser “capitães do mato”. A organização de corpo do Exército formados durante a Guerra do Paraguai demonstrava que os negros tinham enorme valor e não faziam sentido perpetrar a lógica escravista existente. Assim, após Ceará (1884) e Amazonas decretaram o fim da escravidão nos seus estados, e muitas discussões na Câmara, a Lei Áurea (1888) foi aprovada denotando abolição sem reforma agrária (como queria A. Rebouças), mas sem indenização (contra expectativa dos latifundiários do Vale do Paraíba – RJ). Os “barões do café”, embora monarquistas em geral, aproximavam- se, com isso, do partido republicano (“republicanos de última hora”). O partido republicano já congregava os “empresários do café” paulistas que se viam sub-representado na Câmara dos Deputados e nos gabinetes. Modo geral, havia a expectativa de que fossem indenizados pela Abolição. Assim, a congregação de forças políticas levou ao republicanismo ganhar força. “Liberais à americana” uniram-se aos tarimbeiros (Deodoro da Fonseca) e proclamaram a República em novembro de 1889. Mesmo a tentativa de sequestro da agenda republicana pelo Gabinete Ouro Preto foi incapaz de ter mudado os rumos da História, que não teve participação popular (“os bestializados”)."
        },
        {
            "Nome": "Luiza Valladares",
            "Inicio_candidato": 16360,
            "Inicio_redação": 16439,
            "Nota": 17.5,
            "Redação": "Ainda que José Murilo de Carvalho considere que o povo assistiu bestializado à Proclamação da República, a baixa participação popular no movimento de Campo de Santana não significa que não houve debates públicos nos anos finais da monarquia. Com efeito, as transformações sociopolíticas, intelectuais e ideológicas da segunda metade do século XIX indicam uma profunda inflexão na mentalidade política do país, com a qual a monarquia não foi capaz de lidar. No campo sociopolítico, o fim do tráfico (com a Lei Eusébio de Queiroz) deu azo a transformações como a liberação de capitais, o tráfico interprovincial, a escassez de mão de obra. Como consequência, foi dado impulso à imigração, à urbanização e à industrialização, sobretudo com a ascensão da elite cafeicultora do Oeste Paulista. Outro marco da transformação sociopolítica do país foi a Guerra do Paraguai. Além de ter fomentado o sentimento de nacionalismo, deu impulso ao abolicionismo, sobretudo no seio do Exército. A queda do gabinete Zacarias, em 1868, deu azo às insatisfações dos liberais, que culminaram nos Clubes da Reforma Radical e no movimento republicano. Portanto, pode-se identificar na imigração, no abolicionismo, na industrialização e na urbanização as principais transformações sociopolíticas da época.Em relação às transformações intelectuais e ideológicas, cabe destacar os movimentos que progressivamente contestaram as bases da monarquia. O “esvoaçar de novas ideias” trazidas da Europa pela geração de 1870 instigaram não apenas o republicanismo, mas também o cientificismo. Este contestava as bases divinas do poder monárquico e incutia nas elites um ideal renovado de liberalismo. Além disso, as teses racialistas de branqueamento transformavam a relação com a mão de obra, acelerando a transição da imigração europeia, por considerar ser superior à africana, a partir de noções racistas da frenologia. Se a Europa inspirava um novo vento liberal, manifestado nos Clubes e no Novo Partido Liberal, o americanismo crescia entre os adeptos do Republicanismo, que denunciavam o isolamento internacional do Império e se filiavam a uma ideia seminal de pan-americanismo, que se consubstanciou na presença do Império na Conferência de Washington de 1889, apesar da orientação reticente da delegação imperial em relação às propostas estado-unidenses. Outra transformação ideológica é a formada pelo movimento abolicionista, que ganhou força a partir de 1870, conformando verdadeira solidariedade afro-brasileira, apesar dos conservadores emperrados. O Partido Republicano Paulista (PRP) foi formado em 1873, em Itu, congregando cafeicultores receosos dos rumos Imperiais. Sua origem remonta ao Manifesto Republicano de 1870, documento que denunciava o isolamento monárquico (“Somos da América e queremos ser americanos”) e os arbítrios do Imperador. O Manifesto foi obra do Clube Radical, movimento que contestava as bases da monarquia, o poder moderador, o senado vitalício e o Conselho de 3Estado. O Manifesto foi difundido via imprensa e folhetins, nos clubes e associações que os formavam pela oposição liberal ao Império, motivado após a queda do gabinete Zacarias, em 1868. As iniciativas da Coroa para a emancipação (Lei dos Sexagenários e, posteriormente, em 1875 e 1888, as Leis do Ventre Livre e Áurea) contribuíam para que as oligarquias cafeicultoras cerrassem fileiras ao lado dos Republicanos. Cabe frisar, contudo, a heterogeneidade do Republicanismo nos estertores do Império. No Rio de Janeiro, o movimento republicano era composto de profissionais liberais e, apesar de favoráveis ao abolicionismo, capitanearam o Manifesto de 1870, que não menciona a questão da mão de obra. Em São Paulo, onde surge o Partido Republicano, o movimento era composto por cafeicultores do Vale do Paraíba, contrários à abolição e reticentes com as medidas emancipacionistas imperiais. No Exército, o republicanismo era imbuído do positivismo, capitaneado por Benjamin Constant, na Praia Vermelha. Considerava-se que a República seria um estágio social evolutivo mais avançado. O Clube Militar, formado em 1890, congregava militares positivistas e históricos, sob o comando de Deodoro da Fonseca, fazendo convergir os projetos republicanos civil e militar que culminariam na Proclamação da República. Cabe lembrar a participação republicana política. Em 1890, foi eleito deputado republicano na Câmara dos Deputados. Apesar da articulação entre elites e militares, no final da Monarquia debates públicos sobre o abolicionismo e a república tomaram as ruas, com destaque para a imprensa, para os folhetins e para a literatura de Machado de Assis. Revoltas populares evidenciavam a “cidadania em negativo” e o alijamento do povo das decisões políticas, a exemplo da Revolta dos Muckers, no RS, da Revolta dos Quebra-Quilos e da Revolta do Vintém, no RJ. O Republicanismo fulminou as bases monárquicas advogando a coisa pública (“res publica”) e a participação do povo via direitos (ainda que não implementados plenamente) em contraste com o poder divino monárquico."
        },
        {
            "Nome": "Anônimo",
            "Inicio_candidato": 26400,
            "Inicio_redação": 26460,
            "Nota": 4.5,
            "Redação": "Na segunda metade do século 19, evidenciou-se que o Brasil precisava de mudanças. No campo político, o sistema monárquico mostrava-se incapaz de se atualizar e de atender às demandas da população. Do lado dos liberais, existem propostas de reforma constitucional que relativizassem o poder do imperador, destacando a moralização eleitoral, o fim do Moderador, o fim do Senado vitalício e a responsabilização de ministros. Após o fim da Guerra do Paraguai, D. Pedro II havia dissolvido o gabinete progressista, composto por liberais e conservadores moderados, e o Partido Progressista chega ao fim. Esses políticos, então, passam a debater política fora do Parlamento, com a criação do Clube da Reforma, que defendia, principalmente, o fortalecimento do Legislativo. O setor liberal mais exaltado, composto por alguns proprietários de terras e por membros das classes médias urbanas, compôs uma dissidência e criou o Clube Republicano, transformado, posteriormente, no Partido Republicano. Seu projeto de governo fez-se público na publicação do Manifesto Republicano, assinado por nomes como Rui Barbosa e Quintino Bocaiúva. Defendiam a modernização do Brasil, a proclamação da República, um sistema político mais eficiente e menos concentrado. Seus defensores, porém, não necessariamente defendiam a Abolição, entendendo que a causa republicana era prioridade. Alguns de seus membros, como Rui Barbosa, eram entusiastas do sistema federativo norte-americano. Ao mesmo tempo, expandiam- se, entre os militares, que haviam voltado do conflito paraguaio, os ideais positivistas, que também pregavam a moralização da política e a modernização, mas de uma forma"
        }
    ]
}