{
    "Nota Máxima": 20.0,
    "Nota Média": 18.0,
    "Pergunta": "O ENCONTRO  Em 1926, a coluna social Noticiário Elegante registrou a primeira visita que um jovem antropólogo pernambucano, o “Doutor” – como fez questão de frisar o colunista Gilberto Freire – fez ao Rio de Janeiro. Sobre essa visita, fica registrada uma “noitada de violão”, assim chamada pelo próprio escritor em seu diário. Nela, estavam presentes o historiador Sérgio Buarque de Holanda; o promotor Prudente de Moraes Neto; o compositor clássico Heitor Villa-Lobos; o pianista Luciano Gallet; e os sambistas Patrício Teixeira, Donga e Pixinguinha. O encontro juntava, portanto, dois grupos bastante distintos da sociedade brasileira da época. De um lado, representantes da elite, da intelectualidade e da arte erudita e, do outro lado, músicos oriundos das camadas mais pobres da cidade. Dois jovens escritores, que iniciavam as pesquisas que resultaram em Casa-Grande e Senzala, em 1933, e Raízes do Brasil, em 1936, obras fundamentais na definição do que seria brasileiro no Brasil e, à frente deles, Pixinguinha, Donga e Patrício Teixeira, os quais definiam a música que seria, a partir dos anos 30, considerada como o que, no Brasil, existe de mais brasileiro. Essa “noitada de violão” pode servir como alegoria, no sentido carnavalesco da palavra, “da invenção de uma tradição”, aquela do Brasil mestiço, onde o samba ocupa lugar de destaque como elemento definidor de nacionalidade e, como diria Antonio Candido, de “quebra de barreiras”, servindo de elemento unificador ou de canal de comunicação para grupos bastante diversos da sociedade brasileira. VIANNA, Hermano. O mistério do samba. Rio de Janei- ro: Jorge Zahar, UFRJ, 2007, p. 19, com adaptações. Considerando o encontro descrito pelo antropólogo Hermano Vianna, suas reflexões, bem como a cultura brasileira em geral, analise a relevância, no Brasil, das artes como formadoras da identidade nacional. Nesse contexto, comente como as artes, sobretudo a música, podem ser campo privilegiado, no qual é possível, além do debate identitário, o encontro entre a cultura popular e a erudita. ",
    "Padrão de Resposta": "A resposta deverá ser sucinta e bem estruturada, com progressão de argumentos coerentes, conceitualmente bem fundamentada e textualmente coesa, com problematização da questão suscitada e com posicionamento do(a) candidato(a) quanto aos temas que ele(a) próprio(a) deverá propor (i.e., postura analítica, mais que descritiva ou enunciativa). O (A) candidato(a) deverá discorrer, de forma crítica, a respeito da relevância, no Brasil, das artes como formadoras de identidade nacional, citando, por exemplo, a literatura, o cinema, a escultura e, sobretudo, a música popular brasileira. Nesse contexto, o (a) candidato(a) também terá que fazer um comentário que trate da arte como campo privilegiado para o encontro entre a cultura popular e a erudita. A avaliação seguirá o critério comparativo — i.e., e a avaliação individual será feita de acordo com a comparação do nível de outros exercícios. Nesse sentido, embora o (a) candidato(a) possa ter respondido de forma correta, abrangendo os requisitos anteriormente indicados, sua nota poderá ser menor do que a atribuída a outros(as) que tiverem feito o exercício com maior qualidade intelectual, acadêmica e formal. Serão consideradas positivamente citações pertinentes de autores acadêmicos e personalidades reconhecidas, bem como a citação de movimentos estéticos que denotem conhecimento profundo da cultura e da arte brasileira e a complexidade na reflexão acerca do encontro descrito pelo antropólogo Hermano Vianna.",
    "Candidatos": [
        {
            "Nome": "Adriana de Medeiros",
            "Inicio_candidato": 5495,
            "Inicio_redação": 5529,
            "Nota": 19.65,
            "Redação": "O encontro de 1926 descrito por Hermano Vianna explicita uma das características fundamentais a identidade brasileira: a convivência das diferenças, contradição intrínseca do País. Impulsionados pela renovação estética proposta pelos artistas da Semana de Arte Moderna de 1922, escritores e intelectuais da década de 1920 buscavam interpretar o Brasil e entender o “brasileiro”, retratando não apenas o que o Brasil era, mas também o que a Nação almejava ser. Nesse sentido, o contraste entre as representações pictóricas de Modesto Brocos, com A Redenção de Cam, de 1895, e de Tarsila do Amaral, com Operários, de 1933, demonstra a transição do pensamento eugenista no Brasil para a exaltação da miscigenação e das diversas origens e culturas que compõem o País. A emancipação artística do Brasil implicava, portanto, a emancipação da identidade nacional brasileira, que identifica – notadamente após a publicação de Casa-Grande e Senzala, em 1933 – o brasileiro como mestiço, fruto do encontro de culturas e raças e motivo de orgulho nacional. Nesse contexto, a arte refletia a conciliação entre nacional e estrangeiro, harmonizando aparentes contradições na beleza da Aquarela do Brasil e seu “mulato inzoneiro”, na letra de Tom Jobim. Não obstante, o debate sobre o que poderia ser considerado “verdadeiramente” brasileiro, em especial, na música, persistiu por décadas, até ser definitivamente solucionado pela proposta do tropicalismo, em 1967: não há, no Brasil, oposição entre erudito e popular, nacional e estrangeiro, rock ou samba, pois o Brasil é tudo isso."
        },
        {
            "Nome": "Ana Luiza",
            "Inicio_candidato": 8495,
            "Inicio_redação": 8521,
            "Nota": 18.0,
            "Redação": "A identidade nacional não é rígida e fixa, mas um elemento em processo de construção e de transformação. Ela constitui-se com base na ideia de símbolos facilmente reconhecidos, de uma história comum e de um projeto de futuro comunitário. No Brasil, esse processo ocorreu de forma peculiar. Segundo o historiador Evaldo Cabral de Melo, em Um imenso Portugal, o país tornou-se um território, antes de ser uma nação; o desafio do Estado brasileiro, portanto, era criar uma identidade nacional capaz de dar uma sensação de unidade a um povo tão plural. Se, por um lado, no Império, a monarquia exercia essa função de amálgama cultural, por outro, depois da Proclamação da República, foi necessário buscar uma nova referência. Surge, desse modo, o Modernismo, que se propôs a pensar uma identidade genuinamente brasileira. Embora tenha começado entre os filhos da elite cafeicultora paulista, que podia viajar a estudar as vanguardas europeias, aos poucos, consolidou-se a necessidade de dialogar com artistas populares, sobretudo da música, arte de grande importância em uma sociedade pouco alfabetizada. Para que o processo de construção da identidade nacional seja bem- sucedido, a população tem de ser capaz de sentir-se representada pela ideia proposta. Nesse contexto, ocorreu o encontro descrito por Hermano Viana, em “O encontro”, no qual se reuniram representantes da intelectualidade e músicos de bairros pobres do Rio de Janeiro e que ajudou a consagrar o samba como grande símbolo brasileiro. Um país miscigenado requer um projeto artístico que comporte a pluralidade."
        },
        {
            "Nome": "André Delgado",
            "Inicio_candidato": 7098,
            "Inicio_redação": 7122,
            "Nota": 19.0,
            "Redação": "A arte sempre foi relevante na formação da identidade de qualquer povo. Por meio da literatura, da pintura, da escultura e da música, forjam- se elementos de identificação e de unificação cultural, que sedimentam as identidades nacionais. No caso do Brasil, à arte foi concedido papel de destaque na construção da nacionalidade. As telas de Pedro Américo, os poemas de Gonçalves Dias, bem como os escritos do Instituto Histórico e Geográfico Brasileiro, o IHGB, compuseram, desde cedo, o repertório identitário nacional. Na atualidade, o samba tem papel de destaque naquilo que se considera genuinamente brasileiro. O ritmo, com raízes africanas e origem popular, certamente teve influência sobre os grandes estudiosos do Brasil e sobre suas teses. Conforme narrado por Hermano Vianna, houve, em 1926, no Rio de Janeiro, um encontro que reuniu Gilberto Freire, Sérgio Buarque de Holanda e Heitor Villa-Lobos, entre outros representantes da intelectualidade e da arte erudita, com Patrício Teixeira, Donga e Pixinguinha, expoentes da música popular sinônima de brasilidade. O encontro representa, sem dúvida, um momento de “invenção de uma tradição”. A música continua a ser campo privilegiado, tanto para o debate identitário quanto para o encontro entre o popular e o erudito. A recente posse do cantor Gilberto Gil na Academia Brasileira de Letras demonstra essa posição."
        },
        {
            "Nome": "Luiza Valladares",
            "Inicio_candidato": 3888,
            "Inicio_redação": 3921,
            "Nota": 19.65,
            "Redação": "Em O Mistério do Samba, Hermano Vianna descreve como um encontro musical entre intelectuais eruditos, como Heitor Villa-Lobos e Luciano Gallet, e músicos populares, como Donga e Pixinguinha, contribuiu para a “invenção de uma tradição” baseada no samba, uma alusão ao livro de Eric Hobsbawn, A Invenção das Tradições. A nacionalidade brasileira, que os demiurgos Sérgio Buarque de Holanda e Gilberto Freyre, presentes no encontro, buscaram analisar, tem, na arte, um de seus principais pilares. Desde a fundação da Academia Imperial de Belas Artes, passando pelo Modernismo, até a Tropicália, o brasileiro busca encontrar-se em expressões artísticas que descifrem o mistério de sua identidade mestiça e diversa. O Brasil, nesse sentido, nunca foi uma obra pronta; é construído por meio da arte. A música, em particular, é um campo artístico privilegiado, para entender a identidade brasileira. Nela, referências populares e eruditos combinam-se, para formar a sonoridade única do samba. De forma análoga à identidade brasileira, a música afirma a mestiçagem. O mistério do samba, dessa forma, consiste tanto em sua receptividade a influências externas quanto em sua capacidade de influenciar outras sonoridades, promovendo o encontro entre o popular e o erudito. Exemplo disso é a obra de Pixinguinha, que trouxe arranjos eruditos de flauta transversal para o cancioneiro que anima rodas de choro, populares até hoje. As eruditas “Bachianas Brasileiras”, de Villa-Lobos, por sua vez, são inspiradas na brasilidade rítmica do samba, em cantos populares e em sons da natureza."
        }
    ]
}