{
    "Nota Máxima": 60.0,
    "Nota Média": 54.7,
    "Pergunta": "Albert Einstein: “Existe alguma forma de livrar a humanidade da ameaça de guerra? É possível controlar a evolução da mente do homem, de modo a torná-lo à prova das psicoses do ódio e da destrutividade?” Sigmund Freud: “O senhor começa com a relação entre direito e poder. Posso substituir a palavra ‘poder’ por violência? Conflitos de interesse entre os homens se resolvem mediante o emprego da violência. Esse é o estado original, o domínio do poder maior, da violência crua ou apoiada na inteligência. Sabemos que houve um caminho da violência para o direito. A humanidade trocou numerosas, mesmo intermináveis pequenas guerras por raras, mas tanto mais devastadoras grandes guerras. Quando os homens são incitados à guerra, neles há toda uma série de motivos a responder afirmativamente, nobres e baixos. Não se trata de eliminar completamente as tendências agressivas humanas; pode-se tentar desviá-las a ponto de não terem que se manifestar na guerra.Se a disposição para a guerra é uma decorrência do instinto de destruição, então será natural recorrer, contra ela, ao antagonista desse instinto. Tudo o que produz laços emocionais entre as pessoas tem efeito contrário à guerra. Essas ligações podem ser de dois tipos. Primeiro, relações como as que se tem com um objeto amoroso. O outro tipo de ligação emocional é o que se dá pela identificação. Em sua forma atual, a guerra já não oferece oportunidade de satisfazer o antigo ideal heroico, e no futuro, graças ao aperfeiçoamento dos meios de destruição, uma guerra significaria a eliminação de um ou até mesmo de ambos os adversários. Não se podem condenar igualmente todas as espécies de guerras; enquanto houver nações e reinos que estejam dispostos à destruição implacável de outros, esses outros têm que se armar para a guerra. Mas pode não ser uma esperança utópica que a influência desses dois fatores, da atitude cultural e do justificado medo das consequências de uma guerra futura, venha a terminar com as guerras. Tudo o que promove a evolução cultural também trabalha contra a guerra.” VENTURA, D.; SEITENFUS, R. Um diálogo entre Einstein e Freud: por que a guerra? Santa Maria: FADISMA, 2005, p. 21 e 25. FREUD, Sigmund. Obras completas. São Paulo: Cia. das Letras, 2010, v. 18, p. 238 - 250, com adaptações. Com base na leitura dos excertos de troca de cartas entre Albert Einstein e Sigmund Freud no ano de 1932, discorra acerca do papel da diplomacia, fazendo referência a uma ou mais ideias mencionadas nos textos apresentados e a momentos históricos.",
    "Padrão de Resposta": "Com base nas referências oferecidas, o (a) candidato(a) deverá articular uma ou várias ideias mencionadas nos trechos, como causas psicológicas e políticas da guerra, comportamento humano, poder e violência, direito, crescente letalidade da guerra, suas motivações nobres e baixas, instintos de destruição e de união, ligação emocional, identificação, potencial de destruição total, justificação da guerra em alguns casos e evolução cultural. Deve-se demonstrar o papel da diplomacia para evitar a guerra por meio da negociação, da aproximação cultural/identificação, da construção de entidades internacionais, bilaterais ou multilaterais, da solução pacífica de controvérsias, do direito internacional, especialmente humanitário e de controle de armamentos. Poderá citar, como exemplos históricos, o próprio momento entre guerras, que suscitou a troca de correspondências, a evolução do direito humanitário (convenções de Haia e de Genebra), o papel da Organização das Nações Unidas (ONU) e de seus órgãos, e discutir a construção de alianças militares regionais. Poderá mencionar a Guerra Fria, a desagregação da estrutura de defesa no Leste Europeu, as teses de globalização e paz pela expansão de valores ocidentais – democracia, capitalismo – e sua crítica, a ordem do pós-Guerra Fria e sua contestação pelas forças transnacionais do terrorismo e pelo ressurgimento de potências rivais dos Estados Unidos da América, no âmbito da multipolaridade estratégica. A alusão a teorias e a autores de relações internacionais será bem avaliada, da mesma forma que a citação de teses de psicologia social que tratem da questão da violência e dos instintos de destruição e solidariedade humana. Da mesma forma, a menção aos princípios constitucionais da política externa brasileira e à sua aplicação concreta na história merecerão avaliação positiva. Em síntese, a valorização da diplomacia na construção da paz deve ser enfatizada. Serão bem avaliadas referências ao papel da ONU e aos princípios tradicionais e constitucionais da diplomacia brasileira.",
    "Candidatos": [
        {
            "Nome": "Ana Luiza",
            "Inicio_candidato": 23833,
            "Inicio_redação": 23861,
            "Nota": 55.5,
            "Redação": "Em uma carta endereçada a Sigmund Freud, o físico Albert Einstein apresenta um questionamento sobre a possibilidade de erradicação guerra. Segundo o historiador John Keegan, em Uma história da guerra, os conflitos são algo inerente à natureza humana à vida em comunidade. Essa ideia vai ao encontro da argumentação proposta por Freud, que acredita que a violência é o estado original da existência humana. O psicanalista, nesse sentido, propõe a criação de mecanismos que desviem as tendências agressivas das pessoas, de modo que se recorra, cada vez menos, à guerra. Para que isso seja possível, é necessário um esforço, para estabelecer uma cultura avessa à guerra, fundamentada na ampliação dos contatos entre os povos e em princípios avessos à violência. A diplomacia é um instrumento indispensável para a construção da paz, uma vez que favorece o processo de evolução cultural que, um dia, pode levar ao fim da guerra. Segundo o general prussiano Karl von Clausewitz, a guerra acontece, quando a política não fornece um meio adequado de solução de problemas entre os Estados. Nessa lógica, a sociedade internacional precisa ampliar os meios pacíficos de solução de controvérsias, reduzindo os interesses políticos de empregar a violência. A diplomacia dá aos Estados maneiras alternativas de resolver suas disputas, reduzindo a ocorrência de guerras. Na década de 1980, por exemplo, o Vaticano mediou as negociações sobre o Canal de Beagle, território reivindicado pela Argentina e pelo Chile. Evitou-se, dessa forma, a eclosão de um conflito que desestabilizaria toda a América do Sul. Em vez disso, a diplomacia papal contribuiu para o aumento do diálogo entre vizinhos que compartilham uma fronteira extensa, estabelecendo as bases para um processo gradual de construção de confiança e de integração. Além da mediação, existem outros meios pacíficos para a resolução de problemas, como os bons ofícios, as negociações diretas, a arbitragem e os tribunais internacionais. Fortalecê-los significaria multiplicar os elementos de desvio das tendências agressivas humanas mencionados por Freud. O psicanalista destaca, também, o medo das consequências de uma guerra como um desincentivo ao conflito. Durante o período da Guerra Fria, o conflito ideológico entre os Estados Unidos e a União Soviética acarretou uma corrida armamentista, que, por sua vez, fez as potências desenvolverem armas nucleares cada vez mais destrutivas. Nesse contexto, a diplomacia pode exercer um papel de conscientização da comunidade internacional, enfatizando os riscos existentes e provendo informação confiável aos governantes. A ação diplomática teve uma função essencial na construção do regime internacional de não-proliferação nuclear, por meio de tratados que não só falam sobre o desarmamento, mas também exigem que os Estados detentores de tecnologias nucleares apresentem relatórios transparentes sobre seu arsenal e sobre suas políticas de segurança. Além da assinatura do Tratado de Não-Proliferação Nuclear, em 1967, que inaugurou uma fase de maior estabilidade, na Guerra Fria, a diplomacia levou os Estados Unidos e a União Soviética a adotarem, ao longo das décadas de 1970 e de 1980, uma série de acordos que diminuíam o alcance de mísseis que levam armas nucleares. Isso foi consequência da ampliação do medo dos efeitos catastróficos que um ataque nuclear poderia causar.Uma diplomacia bem-sucedida contribui para a construção de uma sociedade internacional que tenha a paz como princípio comunitário. O internacionalista britânico Hedley Bull fez uma diferenciação entre os conceitos de sistema internacional e de sociedade internacional. Se, por um lado, o primeiro se define, apenas, como um grupo de Estados em interação, por outro, o segundo destaca-se pela existência de princípios, regras, normas e valores comuns. Essa ideia de sociedade internacional coaduna-se com a análise de Sigmund Freud, que exalta o papel da evolução cultural contra a guerra. Após a Segunda Guerra Mundial, a diplomacia norte-americana apoiou- se em uma proposta de ordem mundial liberal, em que instituições como a Organização das Nações Unidas incorporariam e promoveriam princípios como o multilateralismo, a igualdade soberana, a solução pacífica de controvérsias e a paz. Embora a ONU não tenha conseguido evitar a ocorrência de conflitos, ela reduziu seu número e criou limitações importantes de conduta dos Estados, como a proibição da anexação territorial por guerra e o fortalecimento do Direito Internacional Humanitário. Desse modo, ela representa uma contribuição importante da diplomacia para o estabelecimento de uma cultura de repúdio à violência. Em 2022, o diálogo entre Albert Einstein e Sigmund Freud sobre a necessidade de livrar a humanidade do flagelo da guerra continua atual. Malgrado alguns avanços jurídicos e políticos, alcançados ao longo do século XX, uma boa parte dos líderes mundiais continua a considerar o recurso à violência uma possibilidade de ação. Freud estava certo, ao afirmar que a sociedade precisa estar informada sobre os riscos da guerra e construir uma cultura de paz. Nesse processo, a diplomacia é um elemento inescapável e valioso, visto que funciona como principal mecanismo coordenador das relações entre os Estados. Nos dias atuais, seu trabalho pode, inclusive, ser facilitado pela revolução tecnológica nos meios de comunicação, que ampliam os contatos entre os povos. Cabe, agora, à própria humanidade decidir se quer utilizá-la para tornar a guerra um fenômeno em desuso."
        },
        {
            "Nome": "Gabriel Joaquim",
            "Inicio_candidato": 18626,
            "Inicio_redação": 18645,
            "Nota": 56.0,
            "Redação": "Por haver enganado a morte em duas ocasiões, Sísifo sofreu uma condenação exemplar de Zeus. O humano foi obrigado a repetir, eternamente, a atividade de tentar empurrar uma pedra até o cume de uma montanha; pouco antes de concluir a tarefa, contudo, Sísifo perde as forças, e a pedra rola até a base do monte. O episódio mostra a repetição estéril de uma atividade que nunca alcança seu objetivo de maneira integral. Analogamente, nas relações internacionais, a diplomacia atua como um Sísifo: conquanto busque alcançar a paz perpétua, a guerra sempre se impõe como circunstância inescapável das relações humanas. Considerando a recorrência “das psicoses do ódio e da destrutividade”, Albert Einstein questionou Sigmund Freud sobre a possibilidade de alteração da mente humana, para que se proscreva a guerra. Apesar de considerar improvável, Freud acreditava que o fenômeno das guerras poderia ser extinto. Hoje, noventa anos depois da troca de cartas entre Einstein e Freud, a guerra ainda é um fenômeno recorrente; a diplomacia, portanto, segue desempenhando papel essencial para que, diante do par antitético violência-direito, a lei prevaleça sobre o poder. A diplomacia serve para construir relações entre diferentes grupos humanos, de forma a evitar a desumanização do outro. Trata-se da “atitude cultural”, referenciada por Freud na troca de cartas. É preciso fomentar o conhecimento mútuo entre diferentes sociedades, para que se evitem as armadilhas do “Orientalismo”. Cunhado por Edward Said, o conceito descreve a falta de conhecimento do Ocidente sobre o Oriente como uma das razões da violência contra estrangeiros identificados como orientais. Hannah Arendt, por sua vez, conceituou a “Banalidade do Mal”, para afirmar que o seguidor ideal do fascismo não é o indivíduo fanatizado, mas, sim, o burocrata padrão que perdeu a capacidade de diferenciar realidade e ficção. Seguindo ordens de seus superiores, Eichmann promoveu a desumanização do outro durante a Segunda Guerra Mundial. À diplomacia, caberia construir relações culturais entre os alemães e os povos que desumanizaram, como judeus e eslavos. Frequentemente, o desconhecimento cultural é acompanhado pela securitização do tema, no plano dos Estados. A diplomacia tem a função de enunciar os interesses securitários de um país, para que as demais nações não violem sua soberania. Trata-se do “medo das consequências de uma guerra”, referenciado por Freud. Segundo o paradigma realista do estudo das relações internacionais, os Estados pensam em termos de balança de poder. O equilíbrio de poder militar, garantido pelo desenvolvimento das armas de destruição em massa, inviabilizou o enfrentamento direto entre EUA e URSS durante a Guerra Fria. Os diplomatas russos e norte-americanos foram responsáveis por comunicar uns aos outros os interesses securitários de seus países. Na Crise dos Mísseis, os norte-americanos conseguiram comunicar que a instalação de silos nucleares em Cuba representava um risco muito grande aos EUA e que não seria tolerada. Em contrapartida, os soviéticos obtiveram a remoção de mísseis da Turquia. Sob o risco de destruição mútua, a diplomacia serviu para comunicar os interesses securitários de cada nação, de forma a evitar uma guerra nuclear. Além do diálogo durante a crise, os diplomatas passaram a desenvolver regras de restrição aos seus arsenais nucleares. A diplomacia tem o papel de criar normas internacionais que promovam a lei em detrimento do uso da força. Trata-se da evolução da violência para o direito, referenciada por Freud na troca de cartas. Após os horrores da Segunda Guerra Mundial, diplomatas de todo o mundo assinaram a Carta das Nações Unidas. Pela primeira vez, acordou-se a proscrição geral da guerra, positivada no art. 2 (4) do documento. De acordo com teóricos liberais das relações internacionais, as instituições podem reforçar a defesa da paz; Keohane afirma que o aprofundamento das relações cria uma “interdependência complexa” capaz de mitigar a ocorrência de guerras. Apesar de a ONU haver sido capaz de evitar a ocorrência de outra guerra sistêmica desde 1945, conflitos de dimensões menores foram recorrentes. A invasão do Iraque pelos EUA ocorreu em flagrante violação da Carta da ONU, e coube à diplomacia buscar soluções para que o ilícito não se repetisse. A recente invasão da Ucrânia pela Rússia foi condenada pela Assembleia Geral das Nações Unidas; o conflito serve para lembrar que, diferentemente da crença de Freud, a guerra segue presente nas relações internacionais. Em O Mito de Sísifo, Albert Camus ressignificou a figura do homem condenado à punição eterna. Para o filósofo francês, é preciso imaginar Sísifo feliz. Apesar de fracassar eternamente, Sísifo ganha consciência do valor de sua tarefa toda vez que desce a montanha, para recomeçar seu labor. Os diplomatas, como Sísifos felizes, devem esforçar-se para obter satisfação em sua interminável tarefa de promoção da paz perpétua. Construir relações culturais entre comunidades diferentes, comunicar os interesses securitários de seus países e formular regras internacionais são as ferramentas de que a diplomacia dispõe, para que o direito prevaleça sobre a violência."
        },
        {
            "Nome": "Leonardo Maciura",
            "Inicio_candidato": 5047,
            "Inicio_redação": 5076,
            "Nota": 58.0,
            "Redação": "A troca de cartas entre Albert Einstein e Sigmund Freud ocorreu em um período em que a diplomacia falhava em conter e em prevenir conflitos. O questionamento de Einstein e a resposta pessimista de Freud, que enxergava o fim das guerras como uma ideia utópica, são, portanto, compreensíveis. No entanto, a diplomacia evoluiu consideravelmente desde então. Após o final da Segunda Guerra Mundial, a diplomacia mostrou- se capaz de conter as tendências agressivas humanas, de produzir laços emocionais entre os países e de promover a aproximação cultural. Dessa forma, em resposta à indagação de Einstein, torna-se evidente que a diplomacia, ao contribuir para estreitar os vínculos entre os povos, pode livrar a humanidade da ameaça da guerra. Freud sustenta que a violência é o “estado original” do ser humano, de modo que seria impossível eliminá- la. Pode-se, contudo, tentar mitigá-la. Com efeito, a diplomacia é o principal instrumento capaz de conter as tendências agressivas humanas. Na Conferência de São Francisco, em 1945, os Estados participantes lograram a aprovação do artigo 2º, § 4º, da Carta das Nações Unidas. Esse dispositivo proibiu o uso da força nas relações internacionais, embora haja exceções, como a legítima defesa. Ademais, a ONU inovou ao promover a criação das operações de paz, as quais se destinam a prevenir e a solucionar conflitos armados. Durante a crise de Suez, por exemplo, a UNEF-I foi essencial para assegurar o cessar fogo. No século XXI, a MINUSTAH, por meio do auxílio de especialistas das mais diversas áreas, contribuiu para aperfeiçoar as instituições do Haiti. Por fim, deve-se reconhecer que, durante a Guerra Fria, Estados Unidos e União Soviética não se enfrentaram em uma guerra direta, o que só foi possível graças à existência de contatos diplomáticos regulares. Assim, embora conflitos continuem existindo, a diplomacia evitou outra guerra de grandes proporções. A atividade diplomática também pode ser entendida como uma antagonista ao instinto de destruição, uma vez que permite o segundo tipo de ligação emocional mencionado por Freud, a identificação. As missões diplomáticas e as conferências internacionais são espaços em que os países podem intensificar o conhecimento recíproco e promover a aproximação. Nos anos 1960, a Conferência das Nações Unidas para o Comércio e Desenvolvimento (UNCTAD) resultou na formação do G77, grupo de países em desenvolvimento que, devido a interesses comuns, pleiteava a reforma da ordem internacional. Muitos desses países eram consideravelmente diferentes, de modo que, na ausência da diplomacia, dificilmente se aproximariam. Outros blocos e agrupamentos também permitiram maior identificação entre nações. A proximidade geográfica foi a base para a formação do MERCOSUL, ao passo que, no âmbito do fórum IBAS, África do Sul, Brasil e Índia se reconhecem como democracias multiétnicas e multiculturais. Mais recentemente, no contexto do conflito na Ucrânia, o presidente ucraniano, Volodimir Zelensky, busca ressaltar a identificação em seus discursos no parlamento de diversos países. Assim, em virtude de produzir laços emocionais entre os povos, a diplomacia possui o papel de construir pontes, prevenindo conflitos armados.A diplomacia tem, demais, a função de promover a aproximação cultural. Como, segundo Freud, “tudo o que promove a evolução cultural também trabalha contra a guerra”, trata-se de outro aspecto que comprova o poder, intrínseco à atividade diplomática, de fomentar a paz. A aproximação cultural, feita por meio das missões diplomáticas ou de feiras no exterior, fortalece o conhecimento mútuo e inibe o desejo de se recorrer à força militar. Essa foi a estratégia utilizada pelos EUA durante a Segunda Guerra Mundial, quando Washington buscava o apoio dos países latino-americanos. A personagem Zé Carioca, por exemplo, aproximou o povo brasileiro ao povo norte-americano. Além disso, é frequente a prática de intercâmbio entre academias diplomáticas, o que gera redução de desconfianças e intensificação das relações bilaterais. Finalmente, deve-se destacar que a diplomacia brasileira confere papel central a questões culturais. As novelas brasileiras são apreciadas em Angola, e as escolas brasileiras de futebol são fatores de aproximação com a Rússia. Portanto, a diplomacia, por possibilitar o intercâmbio cultural, diminui a possibilidade do recurso à violência. O papel da diplomacia é nobre. A atividade diplomática cerceia as tendências agressivas humanas, permite a formação de laços emocionais e promove a aproximação cultural. Em virtude dessas funções, é possível responder afirmativamente à indagação feita por Einstein. A diplomacia é uma forma de livrar a humanidade da ameaça de guerra, embora o esforço seja interminável, como no mito de Sísifo. O fim completo dos conflitos continua a ser uma utopia, como pensava Freud. No entanto, os avanços da atividade diplomática indicam um futuro auspicioso."
        },
        {
            "Nome": "Mateus de Andrade",
            "Inicio_candidato": 14435,
            "Inicio_redação": 14467,
            "Nota": 56.7,
            "Redação": "A partir da criação da Liga das Nações em 1919, o principal objetivo da humanidade passou a ser a prevenção da guerra. Em 1932, em carta dirigida a Sigmund Freud, Albert Einstein reflete essa meta ao perguntar qual seria a maneira de evitar conflitos armados. Em sua resposta, Freud menciona que o número de conflagrações poderia ser reduzido por meio da promoção do amor e da identidade, os quais amenizariam as tendências agressivas do homem. Freud, porém, esqueceu- se de mencionar o papel da diplomacia, pois ela sempre foi a principal razão de os humanos terem vivido prolongados períodos de paz. Logo, embora ainda existam conflitos, a principal função da diplomacia é evitar a guerra por meio da valorização do amor entre as nações e de uma identidade global pacífica. O amor, em âmbito internacional, é representado por relações fraternais entre os países, enquanto a identidade pacífica é entendida como sendo o enaltecimento da proibição à guerra. A diplomacia tem a capacidade de evitar guerras, pois promove o amor entre os povos. Durante o período no qual Getúlio Vargas esteve no governo do Brasil, a diplomacia do país era fortemente influenciada pelo Positivismo, ideologia que enaltece o amor, a ordem e o progresso. Como consequência, o Brasil evitou a guerra entre Peru e Colômbia ao mediar a controvérsia territorial sobre a região de Letícia. O diplomata brasileiro Afrânio Franco logrou impedir a conflagração armada, pois evidenciou as relações de fraternidade entre Peru e Colômbia, países andinos com origens semelhantes. Apesar da diplomacia brasileira não mais orientar-se pelo Positivismo, na atualidade, os servidores brasileiros ainda buscam promover o amor e a irmandade. Prova disso é o envolvimento do Brasil na Conferência de Anápolis durante o governo de Lula da Silva, ocasião na qual o Brasil salientou o laço fraternal entre os povos árabes e muçulmanos com o intuito de evitar o recrudescimento do conflito na Palestina. Portanto, ao valorizar o amor, a diplomacia é capaz de fortalecer a paz. A propósito, mesmo quando a diplomacia falha em salientar o amor entre os povos, ela pode impedir a guerra, pois o exercício de relações diplomáticas cria uma cultura pacifista. A Organização das Nações Unidas (ONU), um dos principais espaços de atuação diplomática, comprova a criação dessa identidade voltada à paz, pois, em sua Carta, proíbe a solução de controvérsias por meio do uso da força. Logo, todo representante de seu país na ONU, por meio de um processo de aculturação, é gradualmente influenciado pelo pacifismo vigente nessa instituição. Essa cultura orientada à proscrição da violência também se verifica em âmbito sul-americano, vista a diplomacia praticada no Mercosul. Inicialmente um bloco comercial, ele rapidamente se inclinou ao pacifismo por meio da diplomacia. Evidência disso foram os Protocolos de Brasília e Olivos, que, respectivamente, criaram e reformaram um mecanismo regional pacífico de solução de controvérsias. Portanto, a diplomacia, amplamente exercida em órgãos internacionais, também evita ações armadas, pois cria uma identidade pacifista. No entanto, embora a diplomacia contribua para a paz, ainda ocorrem conflitos internacionais. Isso acontece, pois há países que desprezam a atuação de diplomatas, coibindo a valorização do amor e do pacifismo no plano internacional. O presidente Emmanuel Macron, por exemplo, dissolveu a instituição responsável pela formação de diplomatas na França, expondo sua nação à violência, já que os assuntos externos do país poderão ser conduzidos por funcionários públicos sem experiência diplomática. Como não estão habituados à diplomacia, esses servidores não sofreram a influência do amor e do pacifismo próprios à atuação do diplomata. Logo, a guerra ainda ocorre em função da ausência da diplomacia, e não em razão da falha dela. Desse modo, percebe-se como o amor e a identidade pacifista promovidos pela diplomacia são capazes de evitar conflitos armados. Ademais, se conflitos ainda acontecem, isso não se deve à diplomacia, mas sim à falta dela. Portanto, a diplomacia é e sempre será a principal responsável por impedir o flagelo da guerra."
        },
        {
            "Nome": "Patrícia Camargo",
            "Inicio_candidato": 29375,
            "Inicio_redação": 29406,
            "Nota": 54.7,
            "Redação": "A diplomacia é tradicionalmente associada à prevenção de conflitos armados. De fato, a diplomacia desempenha papeis diferentes, mas complementares, que contribuem para o arrefecimento de tensões no mundo inteiro. Isso porque, como advertiu Sigmund Freud a Albert Einstein em 1932, o avanço das tecnologias implica a eliminação mútua dos adversários em conflitos militares e as guerras sem resolução têm consequências trágicas. Para a psicólogo, o estreitamento dos laços emocionais entre as pessoas figura como alternativa à guerra. A diplomacia, portanto, é capaz de atuar nessas três frentes de solução pacífica de controvérsia, o que tem reflexos positivos na sociedade internacional como um todo. De forma geral, o papel da diplomacia pode ser associado à própria necessidade de sobrevivência do Estado, o que se reflete na prevenção de conflitos. Como recorda Freud, algumas guerras são capazes de destruir não apenas um adversário, mas todos os combatentes. No contexto da Guerra Fria, por exemplo, havia a percepção de que um conflito entre os EUA e a URSS conduzia à destruição mútua dos envolvidos. Como consequência, foi nesse período que os contatos diplomáticos entre os países se intensificaram, culminando na prática, vigente até hoje, de acordos de redução de armamentos nucleares. Nesse momento, a diplomacia foi o meio pelo qual os EUA e a URSS desenvolveram certo grau de confiança mútua, evitando a escalada de tensões e contribuindo para a sobrevivência não apenas dos dois países, mas também de todos os outros que seriam afetados por uma guerra nuclear. Igualmente, o papel mediador da diplomacia, por tratar as partes de um conflito como iguais, possibilita a implementação de soluções de compromisso, nas quais nenhum lado tem a vitória absoluta. Isso é particularmente relevante em conflitos de menores dimensões que apresentam certa continuidade, os quais Freud considera tão graves quanto aqueles provocados por guerras maiores. Na Questão de Letícia, por exemplo, Equador, Colômbia e Peru, em diferentes graus de intensidade, disputaram, por décadas, território próximo à fronteira brasileira. Como o impasse militar impedia a vitória definitiva de um dos lados, a questão só foi resolvida por completo após ação diplomática de países da região, inclusive o Brasil, que temiam o transbordamento de conflito pela Amazônia. A paz sem vencedores, portanto, foi consequência direta da diplomacia regional, que pôs fim ao último conflito territorial sul-americano decorrente do colonialismo ibérico. Além disso, a diplomacia também tem o papel de aproximar culturas, conquistando corações e mentes para além das fronteiras de um Estado. Para Freud, a criação de laços emocionais é a própria antítese da guerra, o que pode ser verificado em ações de diplomacia cultural no Leste Asiático, por exemplo. Termos como “Hanfeng”, na China, e “Hallyu”, na Coreia do Sul, englobam uma série de ações diplomáticos que visam a apresentar a cultura desses países para a região, promovendo a ideia de uma identidade asiática comum, baseada na filosofia budista e confucionista, mesmo após séculos de guerra. Isso tem reflexos importantes na estabilidade da região, que, em que pese a ausência de mecanismos formais de solução de controvérsias, vem construindo canais diplomáticos informais, inclusive com a participação de artistas dos países asiáticos. Assim, há relação direta entre prevenção de conflitos e os papeis desempenhados pela diplomacia. A depender do tipo de conflito, a diplomacia pode ser instrumentalizada para a proteção da integridade dos Estados, a medicação entre iguais e a aproximação cultural. De forma geral, os reflexos dessa atuação são positivos para toda a comunidade internacional. Como explicou Freud, tudo que promove a evolução cultural colabora para a prevenção de guerras, e a diplomacia, com seus diversos papeis, está na dianteira desse processo."
        },
        {
            "Nome": "Pedro Guilherme",
            "Inicio_candidato": 10013,
            "Inicio_redação": 10060,
            "Nota": 57.5,
            "Redação": "As cartas trocadas por Albert Einstein e Sigmund Freud são um exemplo relevante de como a Primeira Guerra Mundial provocou novos debates sobre a origem da guerra e sobre a possibilidade da paz. Uma das consequências desses debates foi o surgimento das primeiras teorias sobre as relações entre nações, por autores ditos “liberais” ou “realistas”. A diplomacia está no cerne da questão, uma vez que constitui um âmbito central no qual os Estados interagem, e é uma ferramenta indispensável para a manutenção da paz. Uma das causas tradicionalmente apontadas para a Primeira Guerra é a diplomacia secreta, a qual contribuiria para a desconfiança entre nações e para uma maior propensão à escalada de conflitos em meio a situações de divergência. Freud tangencia essa questão, de certa forma, ao falar sobre a existência de laços emocionais entre pessoas como um instinto antagônico à violência enquanto recurso. A partir desse pressuposto, Freud faz uso da mesma lógica de pensamento utilizada pelos primeiros teóricos das Relações Internacionais: tanto liberais quanto realistas buscavam entender a natureza humana e projetá-la na dimensão estatal, de modo a traçar paralelos quanto aos seus modos de operação. Assim o faz, igualmente, Einstein, quando se questiona acerca da violência no âmbito individual (“mente do homem”) e no âmbito coletivo (“humanidade”). A diplomacia secreta impediria que grupos humanos organizados em Estados construíssem tais laços emocionais necessários para a formação de confiança mútua e para o desvio das tendências agressivas humanas. Um dos objetivos da Liga das Nações, criada após a Primeira Guerra, foi o de estabelecer um espaço onde Estados pudessem congregar-se por meio da diplomacia pública. Ela foi fundada a partir dos ideais liberais defendidos por W. Wilson, presidente dos Estados Unidos à época, os quais deveriam guiar as ações dos Estados não apenas na esfera política, mas também econômica. Autores liberais da época conferiam importância capital à liberdade dos mares e do comércio, por exemplo. Essas mudanças permitiriam que homens e nações repreendessem seus impulsos violentos e, enfim, estabelecessem uma “paz democrática”, noção que advinha de Kant e que se coaduna com as expectativas de Einstein e de Freud quanto à possibilidade de uma “evolução cultural”. A diplomacia seria, portanto, a ferramenta ideal para a cooperação entre países e para a mitigação de conflitos em bases pacíficas. A diplomacia, porém, se mostraria essencial para a promoção da paz ainda em outro âmbito, o da conformação de um equilíbrio de poder. Para além da necessidade de haver mudanças culturais para que se evitasse a guerra, Freud menciona o ímpeto inerente às nações de armarem-se frente a uma ameaça externa, o que teóricos realistas entendiam como a maximização de poder como forma de garantir a sobrevivência estatal. Embora a diplomacia europeia tenha logrado criar a Liga das Nações, houve ausências importantes, e ela não foi capaz de produzir um cenário em que a Alemanha e seus líderes se sentissem seguros. A “paz cartaginesa” imposta por Grã-Bretanha e França agiu em sentido contrário, e pode ser entendida como um condicionante relevante para o novo conflito que se seguiu, uma vez que ela intensificou aquilo que Einstein chamou de “psicoses do ódio e da destrutividade”. Freud aventa a possibilidade de aperfeiçoamento dos meios de destruição de guerra e da aniquilação mútua de adversários, o que viria a concretizar-se com a invenção das armas nucleares e da consequente configuração da “destruição mútua assegurada”. Einstein teve papel importante nesse processo, não apenas por suas contribuições teóricas que permitiram o desenvolvimento tecnológico nuclear, mas também por sua carta enviada a Roosevelt, no sentido de incentivar os norte- americanos a criar tais armamentos, uma vez que a possibilidade de que a Alemanha nazista o fizesse se prenunciava catastrófica. A troca de cartas entre Einstein e Freud traz reflexões atuais acerca das origens e consequências da guerra. Ainda que haja divergências teóricas a esse respeito, a diplomacia constitui- se central para a manutenção da paz. Para tanto, ela é indispensável à promoção da cooperação entre Estados nos âmbitos bilateral, regional e multilateral, mas também ao estabelecimento de um equilíbrio de poder que proporcione segurança a todas as nações."
        }
    ]
}