{
    "Nota Máxima": 20.0,
    "Nota Média": 13.0,
    "Menor Nota": 7.5,
    "Pergunta": "Redija um texto dissertativo explicando o conceito de vantagem comparativa e como ele pode dar origem ao comércio internacional nos modelos tradicionais ricardiano e Hecksher-Ohlin, evidenciando as diferenças entre os dois modelos quanto ao aspecto, e esclareça por que esses modelos não são adequados para se compreender a existência do comércio intrassetorial. Além disso, cite os fatores que diferenciam esses dois modelos no que tange às hipóteses de concorrência monopolística e de economias de escala, e especifique como essas duas hipóteses justificam a presença do comércio intrassetorial.",
    "Padrão de Resposta": "Espera-se que o candidato redija o texto considerando os aspectos a seguir. Q1. Conceito de vantagem comparativa. Vantagem comparativa é a capacidade de um agente ou país de realizar uma atividade de maneira mais eficiente (com menor custo de oportunidade) do que as demais atividades. Um país possui vantagem comparativa na produção de um bem se ele for capaz de produzir esse bem de maneira mais eficiente (com menor custo de oportunidade) do que os demais bens. Q2. Como vantagens comparativas podem dar origem ao comércio internacional? A existência de países com vantagens comparativas na produção de bens diferentes pode dar origem ao comércio internacional ao permitir que cada país se concentre na produção do bem sobre o qual possui vantagem comparativa, exportando parte de sua produção em troca dos bens sobre os quais o país não possui vantagem comparativa. Q3. Vantagens comparativas no modelo ricardiano. No modelo ricardiano, as vantagens comparativas decorrem de diferenças na tecnologia de produção: países diferem na produtividade do trabalho – que é o único fator de produção – entre produtos, e um país terá vantagem comparativa na produção do bem que necessitar da menor quantidade de trabalho por unidade produzida. 6Q4. Vantagens comparativas no modelo Hecksher-Ohlin. No modelo Hecksher- Ohlin, as vantagens comparativas decorrem de diferenças na dotação relativa de fatores de produção (que, ao contrário do modelo ricardiano, são ao menos dois): um país terá vantagem comparativa sobre o bem cuja produção necessitar mais intensivamente do fator de produção que for relativamente abundante naquele país. Q5. Definição de comércio intrassetorial. Comércio intrassetorial ocorre quando há comércio de um mesmo tipo de bem nas duas direções – isto é, quando um mesmo país exporta e importa um mesmo tipo de bem. Q6. Ausência de comércio intrassetorial nos modelos ricardiano e Hecksher- Ohlin. Em ambos os modelos, o comércio decorre do fato de que países concentram sua produção em diferentes bens para aproveitar as vantagens comparativas, de modo que não há razão para o surgimento de comércio internacional de bens semelhantes. Q7. Economias de escala. Nesses dois modelos, há retornos constantes de escala: os custos unitários são constantes, independentemente do volume produzido. A introdução de economias de escala (retornos crescentes de escala) implica que custos unitários serão inversamente proporcionais à quantidade produzida. Q8. Concorrência monopolística. Nos dois modelos, há também concorrência perfeita, isto é, nenhum produtor ou consumidor possui poder de mercado, e os lucros econômicos são nulos. A introdução de concorrência monopolística implica que firmas produzem variedades diferenciadas de um mesmo bem com poder de mercado, mas a existência de um grande número de variedades substitutas faz com que os lucros econômicos também sejam nulos. Q9. Economias de escala e concorrência monopolística podem dar origem ao comércio internacional. A existência de economias de escala e concorrência monopolística pode levar ao surgimento de comércio internacional, mesmo na ausência de diferenças em tecnologias ou dotação de fatores entre países, uma vez que firmas em diferentes países podem se especializar em variedades específicas para aproveitar as economias de escala e trocar o excedente com outros países. Q10. Economias de escala e concorrência monopolística podem explicar o comércio intrassetorial. Nesse caso, é possível que firmas em diferentes países se especializem na produção de variedades de um mesmo tipo de bem, de modo que um mesmo país pode exportar e importar um mesmo produto (em variedades diferentes), dando origem ao comércio intrassetorial. Será avaliada a capacidade do candidato de estabelecer uma tese e sustentá-la coerentemente. A avaliação seguirá o critério comparativo (i.e.). A avaliação individual será feita de acordo com a comparação do nível de outros exercícios. Nesse sentido, embora o candidato possa ter respondido de forma correta, abrangendo os requisitos anteriormente indicados, sua nota poderá ser menor do que a atribuída a outros que fizerem o exercício com maior qualidade intelectual, acadêmica e formal.",
    "Candidatos": [
        {
            "Nome": "Bruno Brito",
            "Inicio_candidato": 12805,
            "Inicio_redação": 12882,
            "Nota": 15.5,
            "Redação": "O comércio internacional é defendido como a fonte da riqueza desde Adam Smith, mas foi David Ricardo quem desenvolveu a teoria das vantagens comparativas, explicando por que mesmo o país que tem vantagem absoluta na produção de 2 produtos frente a outro deverá escolher se especializar em um deles e efetivamente comerciar. Desde então, as teorias do comércio internacional evoluíram e foram complementadas, como demonstram os estudos de Hecksher-Ohlin e de Paul Kruger. O modelo de vantagens comparativas de Ricardo é baseado no 2 x 2: dois produtos e dois países. Sob a lógica ricardiana, a produtividade marginal do trabalho é o fator que determina o produto no qual o país se especializará (e a tecnologia não é conhecimento público). Como pontuado acima, mesmo que o País A seja mais eficiente que o País B na produção de X e Y, ele se especializará no produto em que for relativamente mais eficiente quando comparado a B. O modelo ricardiano leva à especialização total e à divisão internacional do trabalho, e considera economias constantes de escala. O modelo Hecksher-Ohlin de vantagens comparativas difere do ricardiano na medida em que se baseia no 2 x 2 x 2: dois produtos, dois países e dois fatores; ou seja, não é só o fator trabalho que importa. Sob o Modelo Hecksher-Ohlin, a tecnologia é amplamente conhecimento, há mobilidade de fatores entre setores, mas não entre países. Nesse Modelo, a especialização é um resultado da dotação dos fatores entre os países. Assim como o modelo ricardiano, o Modelo Hecksher-Ohlin leva à especialização total e à divisão internacional do trabalho. Portanto, ambos são incapazes de explorar o fato empiricamente constatável de que há comércio intrassetorial, que não existiria se a especialização fosse total. Sob a ótica da imperfeição da concorrência e da circulação da informação, Kruger é um dos economistas que estudam o comércio intrassetorial. Esse modelo de comércio explica tanto o comércio entre matriz e filiais, como o comércio entre países que produzem o mesmo tipo de bem; por exemplo, o comércio de carros japoneses, europeus e americanos entre essas três regiões. Sob essa visão (diferente da de Ricardo), há economias de escala, tanto intrafirma com o seu crescimento, quando para as firmas em geral com o crescimento dos mercados. Com isso, as firmas trabalham com mercados mundiais, inclusive o de outros países produtores. Nesse sentido, aliás, os consumidores têm acesso a mais marcas, ainda que no cômputo total mundial possa haver um número menor de firmas. Outro ponto importante a explicar o comércio intrassetorial é a concorrência monopolística. Trata-se do mercado em que os bens não são homogêneos (premissa da qual partem as teorias das vantagens comparativas), de modo que os produtos têm alguma diferenciação. O exemplo clássico é de restaurantes, mercado onde também não há barreiras à entrada, de modo que a tendência de longo prazo é lucro econômico zero. Porém, pensar no comércio internacional sob essa ótica, da concorrência monopolística, ajuda a entender os esforços de diferenciação entre os produtos: comprar um carro Toyota pode não 1ser o mesmo que comprar um carro BMW, o que contribui para o comércio intrassetorial, dadas as diferenças de qualidade percebidas."
        },
        {
            "Nome": "João Pedro",
            "Inicio_candidato": 5226,
            "Inicio_redação": 5309,
            "Nota": 17.0,
            "Redação": "Os modelos tradicionais de David Ricardo e Hecksher-Ohlin têm como pressuposto a existência de um mercado em concorrência perfeita. Assim, os agentes são tomadores de preços, não há barreiras à entrada, os bens são homogêneos, as informações são simétricas e os retornos de escala são constantes. Partindo desses pressupostos, David Ricardo modela uma economia de fator único em que os ganhos de comércio são extraídos da especialização produtiva em um bem que apresente vantagem comparativa. Uma economia tem vantagem comparativa na produção de um bem quando seu custo de oportunidade em termos de outros bens é menor. Assim, mesmo que a economia tenha vantagens absolutas em mais de um bem, deverá produzir somente o bem com vantagem comparativa (especialização relativa) e adquirir o outro bem por meio de comércio internacional. Dessa forma, o comércio funciona como uma comercialização de fatores de produção e a fronteira de possibilidades de produção da economia como um todo é expandida. O modelo de Hecksher-Ohlin também trabalha com a ideia de vantagem comparativa. Nesse modelo, porém, há mais de um fator de produção, e a vantagem comparativa é explicada pela dotação relativa de fatores de produção. Nesse sentido, a vantagem comparativa é obtida quando se produz o bem que for mais intensivo no fator abundante. Esse modelo pressupõe que as dotações são estáticas. Assim, uma economia abundante em mão-de-obra deveria se especializar em bens intensivos nesse fator. Ao fazer comércio, essas economias estariam comercializando seus respectivos fatores abundantes. Esses modelos não são adequados para explicar o comércio intrassetorial. Essa constatação foi feita por Leontief ao analisar um suposto “paradoxo” no comércio dos EUA, que exportariam bens intermediários e importariam bens de alta complexidade apesar de serem uma economia abundante em capital e mão de obra qualificada. Ocorre, porém, que o comércio intrassetorial permite a segmentação da produção de um bem entre firmas distintas, com o objetivo de extrair economias de escala. Assim, um país como os EUA pode terceirizar parte de sua cadeia produtiva para outros países, beneficiando-se de ganhos de escala externos e internos. Nesse sentido, é necessário relaxar o pressuposto da concorrência perfeita e dos ganhos de escala constantes para explicar o comércio intrassetorial. Quando há economias externas de escala, como no modelo de Kemp, há ganhos de eficiência quando o setor como um todo cresce. A presença de múltiplas firmas em um único setor favorece as trocas intrassetoriais de tecnologia, insumos e fatores de produção, além de favorecer a segmentação produtiva conforme a produtividade relativa de cada fator. Assim, as firmas têm maior eficiência se seu setor for maior. Já as economias internas de escala ocorrem quando há ganhos de eficiência a partir do aumento na escala de produção individual da firma. Assim, se determinada etapa da produção de um bem apresentar economias internas de escala, pode ser mais eficiente deslocá-la para outra firma do mesmo setor, obtendo ganhos de escala mediante o comércio intrassetorial. Esse é o caso do modelo de Panagarya. 8Por fim, a concorrência monopólica ocorre quando se relaxa o pressupostos dos bens homogêneos. Há concorrência monopólica quando muitas firmas produzem bens que são substitutos imperfeitos entre si. Para Krugman, esse é o principal fator a explicar o comércio intrassetorial. O maior poder de mercado das firmas estimula aumentos de escala na produção, mas a relativa semelhança dos bens permite que as firmas do mesmo setor possuam fornecedores similares. Assim, terceirizam parcelas da produção umas às outras, dentro do mesmo setor, de modo a maximizar os ganhos de escala."
        },
        {
            "Nome": "Vinicius Kuczera",
            "Inicio_candidato": 9047,
            "Inicio_redação": 9119,
            "Nota": 17.0,
            "Redação": "O modelo ricardiano representa uma das vertentes da teoria clássica que busca explicar a existência do comércio internacional e a sua composição. As suas premissas são: existência de dois países e 2 produtos, concorrência perfeita, ausência de custos de transporte e ganhos de escala, existência de um único fator de produção (trabalho), existência de funções de produção diferentes entre os países, existência de comércio internacional de fatores de produção. Com base nelas, Ricardo defende que o país deve se especializar no setor que melhor utilize o fator (vantagens comparativas), que tal especialização é benéfica (aumento da utilidade) e gera uma especialização da divisão internacional do trabalho (DIT). O modelo Heckscher-Ohlin, por outro lado, representa uma vertente neoclássica, de modo que há premissas similares (modelo 2+2, c. perfeita, ausência de custos e ganhos de escala). Contudo, nele há 2 fatores de produção (trabalho e tecnologia) e as funções de produção são iguais nos mesmos setores produtivos (independente do país). Como resultado, o modelo advoga que cada país deve se especializar no setor em que o fator intensivo for mais abundante (vantagem comparativa), o que resultaria em maior bem-estar (deslocamento entre produção e consumo, aumento da produção) e especialização da DIT. Ambos os modelos não são adequados para explicar o comércio intrassetorial (fluxo internacional de 9bens pertencentes a um mesmo setor produtivo) porque tal comércio demanda a presença de uma concorrência imperfeita (fenômeno estudado pela teoria contemporânea do comércio internacional). O comércio intrassetorial, assim, é explicado pela existência de diferenciação horizontal e vertical de produtos. No caso da d. horizontal, há produtos com as mesmas qualidades técnicas, mas atributos sensoriais ou estéticos os tornam mais ou menos úteis ao consumidor. A globalização comercial gerou um aumento exponencial do fluxo desses produtos, sobretudo entre países de maior renda (Krugman). Como resultado, os balanços de pagamento registram a exportação/importação de produtos aparentemente iguais. A atuação crescente de transnacionais, capazes de produzir bens com características específicas para cada mercado consumidor, também favoreceu o comércio intrassetorial. Os modelos ricardiano e de H.O. também são inadequados para explicar a concorrência monopolística e a presença de economias de escala. A c. monopolística pressupõe a existência de produtos heterogêneos (marca) e a posse de certo poder de mercado (preço de longo prazo diferente do custo marginal), o que fere pressupostos clássicos e possibilita à firma algum lucro anormal. Tal atributo justifica a internacionalização de empresas (via comércio ou IDE) pois as possibilita cobrir os custos derivados da comercialização fora das fronteiras nacionais. A ausência dessa vantagem específica à propriedade (como patentes) reduziria as possibilidades de proliferação do comércio intrassetorial. O mesmo pode ser dito das economias de escala (redução do custo médio frente ao aumento da produção da firma ou do seu setor). Tais economias, não consideradas pelos modelos clássico e neoclássico, fomentam o comércio internacional (intrassetorial e intrafirmas) e a conquista de novos mercados, o que enseja a formação de grandes oligopólios internacionais. Destaca- se também que economias de escala dinâmicas favorecem firmas líderes (conquista de consumidores, controle do acesso a insumos) e contribuem para a consolidação de especializações não explicadas pelas teorias clássicas (ausência de vantagens c.). Além disso, econômicas externas à firma podem causar perdas a econômicas menores em caso de abertura."
        },
        {
            "Nome": "Anônimo",
            "Inicio_candidato": 16143,
            "Inicio_redação": 16197,
            "Nota": 13.0,
            "Redação": "O conceito de vantagem comparativa foi desenvolvido em oposição ao de vantagem absoluta, defendido por Adam Smith. Para este, apenas haveria comércio quando dois países tivessem vantagens absolutas, cada um em um bem. Isso significa que a produção total desse bem deveria ser maior, em termos absolutos, em comparação à do outro país. Por sua vez, o conceito da vantagem comparativa envolve uma comparação relativa, e não absoluta. Isso significa uma comparação entre as produções de diferentes bens internamente (entre elas) e, depois, externamente (em relação às do outro país). A especialização da produção e da exportação, desse modo, ocorreria em relação à produção do bem em que se tem vantagem comparativa. Como, ao contrário das vantagens absolutas, não é possível não ter vantagens comparativas em nada, ou tê-las em tudo, os países necessariamente comercializariam, aumentando seu bem-estar. Tanto Ricardo quanto Hecksher e Ohlin concordam sobre serem as vantagens comparativas aquilo que explica o comércio internacional; discordam, porém, quanto à origem delas. No modelo ricardiano, elas surgem das diferenças da produtividade relativa do trabalho. Trata-se, nesse sentido, de uma diferença tecnológica entre dois países que, considerando haver apenas um fator de produção, explicam as especializações produtivas e o comércio. Cada país produziria aquele bem em cuja produção apresenta 2maior produtividade relativa do trabalho: deixa de produzir menos de um outro bem que o outro país em relação a esse mesmo bem. No modelo Hecksher-Ohlin, as vantagens comparativas derivam da dotação relativa dos fatores de produção e da intensidade relativa com que esses fatores são utilizados na produção de um bem. Presume-se que os países têm um mesmo nível tecnológico, mas que têm dotações distintas dos fatores trabalho e capital. Nesse modelo, os países especializam-se e exportam aqueles bens que são relativamente intensivos nos fatores de produção relativamente abundantes. Percebe-se que tanto o modelo ricardiano quanto o de Hecksher- Ohlin, ao explicar a origem do comércio com base nas vantagens comparativas, justificam, em última análise, as trocas internacionais na existência de diferença entre os países na produção de dois ou mais bens. O comércio apenas existira de se houvesse diferenças produtivas que justificassem produzir apenas um bem e comprar o outro bem que fosse diferente deste. Trata-se, necessariamente, de um comércio intersetorial, em que os países não compram os mesmos bens que produzem internamente. Para explicar o comércio intrassetorial, é preciso recorrer às teorias que justificam o comércio na existência de economias de escala. Para autores como Krugman, o comércio internacional teria um caráter oligopolista ou até mesmo monopolista, a depender do nível de barreiras à entrada de novas firmas no mercado. Por essa teoria, aquelas firmas que fossem pioneiras em seus mercados teriam a “vantagem do pioneirismo”, conseguindo atingir amplas parcelas do mercado mundial e, portanto, atingir níveis de produção que lhe proporcionassem economias de escala. Desse modo, tomariam grande parte do mercado mundial ou até mesmo ele todo. A despeito disso, na hipótese de formar-se, tão somente, um oligopólio, nada impede que um país que produza dado bem também o compre de empresa estrangeira."
        },
        {
            "Nome": "Anônimo",
            "Inicio_candidato": 19530,
            "Inicio_redação": 19586,
            "Nota": 7.5,
            "Redação": "D. Ricardo avança a noção de “vantagens absolutas” de Adam Smith e cria a noção de “vantagens comparativas” a partir dos conceitos de “produtividade relativa” (a relação entre um fator específico e seu produto) e “custo de oportunidade” (o custo de empregar um fator de uma forma determinada, e não de outras). A partir dessa ideia, Ricardo entende o comércio internacional como sendo sempre positivo, ainda que um país detivesse vantagem absoluta na produção de todos os bens possíveis. O modelo Hecksher-Ohlin, por sua vez, explora as ideias ricardianas, e entende a vantagem comparativa como sendo consequência da dotação relativa de fatores por diferentes produtores: países exportariam bens intensivos em seus fatores de produção abundantes, e importariam bens intensivos em seus fatores de produção escassos. Segundo Ricardo, os lucros de diferentes setores seria o mesmo no longo prazo, uma vez que os produtores utilizariam, primeiramente, seus fatores de alta produtividade relativa e baixo custo de oportunidades; os lucros seriam reinvestidos na produção, que passaria, gradativamente, a utilizar fatores menos produtivos e de maior custo de oportunidade; até o momento em que o lucro de outro setor fosse mais atrativo, ponto no qual o produtor migraria de setor. O modelo Hecksher-Ohlin, por sua vez, entende que a remuneração dos fatores de produção converge no longo prazo, uma vez que o emprego de fatores abundantes aumentaria sua remuneração, inicialmente baixa, enquanto o desemprego de fatores escassos diminuiria sua remuneração inicialmente alta. Uma vez que ambos os modelos interpretam a convergência de lucros e de remuneração de fatores como fenômenos advindos de dinâmicas entre diferentes setores (agricultura em contraposição à manufatura, por exemplo), eles não são adequados para se compreender o comércio intrassetorial. Os aspectos analisados levam em conta elementos entre diferentes setores (como no caso da convergência de lucros de Ricardo) ou de setores iguais, porém exclusivamente empregados ou não empregados em diferentes economias (como no caso das dotações relativas de Hecksher-Ohlin). Na concorrência monopolística, apesar de haver inúmeros produtores, sem barreiras à entrada de novos atores, e produto homogêneo, o lucro econômico não tende a zero, uma vez que há esforço constante dos produtores em diferenciar seus produtos. Nesse sentido, há uma alteração nas relações ricardianas de produtividade relativa e vantagem comparativa, o que impede a convergência de lucros. No modelo Hecksher-Ohlin, isso muda a relação de remuneração dos fatores, uma vez que pode diferenciar preços do produto final, indo além das relações de abundância e escassez. No que tange à escala, Ricardo entende que a produtividade relativa dos fatores é fixa por fator, mas que seu custo de oportunidade é cada vez maior. Hecksher-Ohlin não abarca noções de escala ou tecnologia. As hipóteses de escala e concorrência monopolística justificam a presença do mercado intrassetorial, na medida em que alteram a relação entre emprego de fatores produtos e produto, por diferenciação (concorrência monopolística) ou por queda do custo médio (escala)."
        }
    ]
}