{
    "Nota Máxima": 30.0,
    "Nota Média": 17.0,
    "Menor Nota": 0.0,
    "Pergunta": "Suponha que uma pessoa proponha as seguintes medidas para avançar o crescimento brasileiro: fomentar o aumento das exportações de bens e serviços gerando constantes superavits em conta corrente; estimular a atração do investimento externo, ano a ano, levando a substantivos saldos nas contas de capital e financeira; e promover a diminuição das reservas estrangeiras para reduzir o custo fiscal. A esse respeito, ela argumenta que as maiores economias do mundo consistentemente adotam política dessa natureza.Considerando o exposto e os conhecimentos acerca de balanço de pagamentos, redija um texto dissertativo no qual explique o porquê de essa pessoa estar equivocada e de a proposta não ter como prosperar.",
    "Padrão de Resposta": "Espera-se que o candidato redija o texto considerando os aspectos a seguir. Para verificar que a proposta é contraditória, é necessário entender o que é o balanço de pagamentos e seus componentes – a conta de transações correntes, a conta de capital, a conta financeira e a relação com os haveres da autoridade monetária. Na definição do Banco Central do Brasil, tem-se o seguinte: “o balanço de pagamentos é o registro estatístico de todas as transações – fluxo de bens e direitos de valor econômico – entre os residentes de uma economia e o restante do mundo, ocorridos em determinado período de tempo.” Cada uma dessas transações é classificada como transação corrente, ou como transação de capital ou financeira, o que determina as contas que compõem o balanço de pagamentos. Para a organização das estatísticas, o Banco Central do Brasil adota metodologia que se conforma com a sexta edição do Manual de Balanço de Pagamentos e Posição Internacional de Investimento (BPM6), do Fundo Monetário Internacional (FMI), desde junho de 2015. A conta de transações correntes traz a soma dos resultados da balança comercial, da balança de serviços, da balança de rendas e das transações unilaterais correntes. A balança comercial é o resultado das exportações menos as importações de bens, os definidos como itens físicos e produzidos, sobre os quais direitos de propriedade podem ser estabelecidos e transferidos de uma unidade institucional para outra por meio de transações. A balança de serviços é calculada a partir do resultado dos gastos de não residentes no Brasil, menos os gastos dos residentes no Brasil com serviços no exterior. Entre os serviços apurados, citam-se transportes, viagens internacionais, seguros e serviços governamentais. Em Rendas, são incluídas receitas advindas de salário e ordenado; lucros e dividendos; e juro. Por último, as transferências unilaterais correntes são o resultado líquido dos seguintes tipos de operação: as recebidas por residentes no Brasil têm valor positivo; e as enviadas por residentes no Brasil, valor negativo. A conta capital registra as transferências de ativos não financeiros, não produzidos, e transferências de capital (ativos reais e financeiros). A conta financeira registra fluxos de transações e de capital, e está dividida em investimento direto, investimento em carteira, derivativos, e outros investimentos. Pela definição do BPM6, “direct investment is a category of cross-border investment associated with a resident in one economy having control or a significant degree of influence on the management of an enterprise that is resident in another economy. […]”. A abertura de uma filial de uma empresa estrangeira no Brasil, os empréstimos entre a matriz e as filiais e a detenção do controle de empresas de países diferentes são exemplos de investimento direto. Investimentos em carteira são a aquisição de ações e de outros títulos. Derivativos são contratos cujo valor é determinado a partir de outro ativo (de onde “derivam”). Finalizam os componentes do balanço de pagamentos os haveres da autoridade monetária, que são as reservas internacionais sob controle da administração. São considerados reservas nacionais ouro, direitos especiais de saque (ativos emitidos pelo FMI), posição de reservas no FMI, reservas em moeda estrangeira, além de outros ativos de alta liquidez. 5O cálculo do balanço de pagamentos adota o princípio das partidas dobradas. Por esse princípio, cada transação no balanço de pagamentos será registrada duas vezes, uma como crédito (recursos que entram no País) e outra como débito (recursos que saem do País). No caso da exportação de soja, por exemplo, no valor de 100, essa exportação será registrada como crédito em exportações, mas terá de representar débito em algum outro item. Se o exportador recebeu dólares por sua exportação e os vendeu a um operador de câmbio, haverá um aumento de ativo externo pelo operador de câmbio, o que representa débito. Nesse contexto, a proposta de saldos nas contas de transações correntes, de capital e financeira sem aumento de reservas não pode prosperar porque cada transação que tende a aumentar o saldo em transações correntes tende a reduzir o saldo nas contas de capital e financeira. Por exemplo: uma exportação tem a tendência de aumentar o saldo em transações correntes, porém deve haver um destino para a moeda estrangeira adquirida pela exportação. Se ela for utilizada para adquirir bens ou serviços do exterior, irá cancelar o efeito sobre as transações correntes, assim como ocorrerá se o dinheiro for transferido unilateralmente a um não residente.  Se, porém, a moeda estrangeira for utilizada para a compra de ativos no exterior – ações ou títulos, por exemplo – será aumentado investimento de residentes brasileiros no exterior, o que tende a reduzir o saldo do investimento no Brasil, diminuindo o saldo da conta de capital. Fica claro, portanto, que a tendência de todo saldo em transação corrente é um deficit semelhante nas contas financeira e de capital, e vice-versa. A única exceção para essa tendência advém do fato de as reservas internacionais não estarem incluídas nas contas financeira e de capital. Nesse caso, um país pode estar com saldo nas contas de capital e financeira, mas se todo o saldo nas transações correntes for compensado por aquisição de reservas pela autoridade monetária, será possível manter saldo positivo nos dois aspectos do balanço de pagamentos. Na prática, observa-se que países com superávits em transações correntes tendem a apresentar déficit em investimento externo líquido, e vice-versa. Com efeito, nem os Estados Unidos da América (EUA) e nem a China apresentam consistentemente superavit em ambos. De maneira geral, os EUA acumulam déficit em transações correntes há décadas, enquanto a China apresenta superavit. Do ponto de vista dos investimentos externos, ocorre o inverso e, enquanto os EUA acumulam superavit, a China acumula déficit. Nesse caso, a política chinesa incrementou o nível de reservas a até um pico de US$ 3,9 trilhões em 2014, o que representou quase 40% do produto interno bruto chinês à época. Q1. Definir satisfatoriamente o que é o balanço de pagamentos. Q2. Citar os componentes principais do balanço de pagamentos. Q3. Mencionar as autoridades responsáveis pelo levantamento das estatísticas no Brasil e pela padronização do sistema. Q4. Elaborar os componentes da conta de transações correntes. Q5. Elaborar os componentes da conta capital. Q6. Elaborar os componentes da conta financeira. 6Q7. Explicar o princípio de partidas dobradas. Q8. Explicar como saldos em transações correntes tendem a ser compensados por deficits nas contas de capital e financeira. Q9 e Q10. Explicar como o balanço de pagamentos de duas grandes economias diferem do que sugere o enunciado, a exemplo China e EUA. Será avaliada a capacidade do candidato de estabelecer uma tese e sustentá-la coerentemente. A avaliação seguirá o critério comparativo (i.e.). A avaliação individual será feita de acordo com a comparação do nível de outros exercícios. Nesse sentido, embora o candidato possa ter respondido de forma correta, abrangendo os requisitos anteriormente indicados, sua nota poderá ser menor do que a atribuída a outros que fizerem o exercício com maior qualidade intelectual, acadêmica e formal.",
    "Candidatos": [
        {
            "Nome": "Fernanda Brandão",
            "Inicio_candidato": 9267,
            "Inicio_redação": 9339,
            "Nota": 30.0,
            "Redação": "A estrutura do Balanço de Pagamentos brasileiro, conforme as recomendações do BPM6, constitui-se pela Conta de Transações Correntes (CTC), a qual se subdivide em Balança Comercial (BC), que registra as exportações líquidas, em Balança de Serviços (BS), que registra a troca de serviços com o exterior, em Rendas Primárias (RP), referentes às transações de fatores produtivos, e em Rendas Secundárias (RS), concernentes às transações unilaterais de renda sem contrapartidas. A Conta Capital, por sua vez, registra ativos não produzidos, ao passo que a Conta Financeira (CFIN) elenca os ativos e passivos de residentes referentes a investimento diretos, investimentos em portfólio ou em carteira e outros investimentos. A Conta de Ativos de Reserva, por fim, inserida na CFIN, registra a quantidade de reservas que entram e que saem do país, impactando a elevação ou a dedução da base monetária no mesmo montante. Essa conformação do Balanço de Pagamentos possibilita o registro das transações realizadas entre residentes e não residentes e permite avaliações consistentes acerca de quais medidas são, de fato, adequadas e pertinentes para avançar o crescimento brasileiro. Com base no princípio das partidas dobradas, é possível perceber que a proposta enunciada no excerto da questão é equivocada e contraditória, de modo que não pode ser adotada como estratégia para o crescimento brasileiro. O saldo global do Balanço de Pagamentos deve, sempre, ser igual a 7zero, de sorte que a CFIN, incluindo a Conta de Ativos de Reserva, deve ter valor equivalente ao somatório das receitas e das despesas da CTC e da Conta Capital, descontados eventuais Erros e Omissões. Desse modo, não seria coerente haver constantes superávits na conta-corrente (CTC), sem que isso gerasse contrapartidas na CFIN. O fomento a superávits e o aumento das exportações de bens e serviços geram, primeiramente, a elevação do saldo da Conta de Ativos de Reserva, da CFIN, o que contradiz a hipótese de que deveria haver superávits em CTC, juntamente com a redução das reservas estrangeiras. Além disso, superávits em CTC tendem a gerar uma despoupança externa, o que reduz a capacidade de não residentes de investirem no Brasil com base em ativos financeiros advindos da poupança externa. Com efeito, o saldo da CTC, que consiste na dedução de despesas em face das receitas, deve ter resultado equivalente ao da CFIN, cujo saldo decorre da equação ativos menos passivos, haja vista que não são feitas referências à Conta Capital ou a Erros e Omissões. O estímulo à atração de investimentos externos também se relaciona com o saldo em conta-corrente e com o montante das reservas estrangeiras. Os investimentos externos estão relacionados, em grande medida, às taxas de juros domésticas, considerando também o risco do país e o risco de desvalorização cambial. Desse modo, altas taxas de juros tendem a atrair capitais de curto prazo (investimentos em portfólio), ao passo que desincentivam o investimento direto no país (IDP). Os investimentos diretos (IDP) podem acarretar reduções nas reservas estrangeiras devido às rendas líquidas enviadas ao exterior (RLEE); no entanto as reservas são ampliadas com a atração de capitais de curto prazo, o que, mais uma vez, demonstra o equívoco da proposta analisada.De todo modo, não se pode considerar que a promoção da dedução das reservas estrangeiras seja medida eficaz para o crescimento econômico sustentado ou para a redução do custo fiscal. De fato, há um custo de carregamento associado à elevação de reservas, visto que essas poderiam ser utilizadas para outros fins, como, por exemplo, para realizar o pagamento do serviço da dívida ou de seu principal, deduzindo déficits nominais que comprometem o resultado fiscal. Apesar disso, essa medida não afeta o esforço orçamentário do governo, que é necessário para produzir superávits primários e, efetivamente, reduzir o custo fiscal. Além disso, a manutenção de reservas pode ser importante para momentos de crise cambial ou de choques externos, em que o uso dessas reservas pode ser adequado para ancorar as expectativas dos agentes, por meio das estabilidades cambial e monetária e por meio do crescimento sustentado. Finalmente, não se pode afirmar que as maiores economias do mundo consistentemente adotem políticas dessa natureza. Os Estados Unidos, que apresentam o maior PIB nominal do mundo, apresentaram, em sua trajetória, elevados déficits gêmeos, enquanto a China, com o maior PIB em paridade de poder de compra, possui elevados valores em ativos de reservas estrangeiras. As transações registradas no Balanço de Pagamentos evidenciam que há equilíbrios e contrapartidas nas trocas entre residentes e não residentes e que há complementaridade entre as economias externas e domésticas, de sorte que um jogo de soma-zero não é necessário para a consecução de crescimento econômico."
        },
        {
            "Nome": "Otávio Forattini",
            "Inicio_candidato": 14204,
            "Inicio_redação": 14282,
            "Nota": 27.5,
            "Redação": "O Balanço de Pagamentos é o método do Banco Central para medir as contas externas brasileiras. Atualmente, o cálculo utilizado é o BPM6, que se baseia na análise de fluxos. O sistema de contrapartidas se mantém nesse modelo, e essas se concentram na Conta Financeira do Balanço. O cálculo é obtido pelo saldo da Conta Financeira, subtraindo o saldo da Conta Capital e subtraindo o Saldo de Transações Correntes, para obter o valor correspondente a erros e omissões, preferencialmente próximo a zero. O Saldo de Transações Correntes (STC) é obtido pela soma da Balança Comercial, que é a diferença de bens exportados e importados, da Balança de Serviços, da conta de Renda Primária e da Conta de Renda Secundária. A Renda Primária se refere a juros, aluguéis e serviços, enquanto a Renda Secundária se refere primordialmente a doações. Ambas as contas são obtidas pela diferença da renda recebida no exterior com a renda enviada ao exterior. A Conta Financeira é calculada pela diferença entre o saldo de ativos (investimentos – desinvestimentos) e o saldo de passivos (investimentos – desinvestimentos) de fluxos financeiros, principalmente investimentos em portfólio e investimento externo direto. Já a Conta Capital diz respeito a transferências unilaterais. O Brasil costuma ser deficitário em transações correntes, levemente superavitário na Conta Capital, e deficitário na conta financeira. Na proposta mencionada, os movimentos indicados não trariam os resultados esperados. De modo geral, o aumento das exportações de bens e serviços não necessariamente provoca superávits no saldo de transações correntes, sendo o caso brasileiro evidência dessa relação. De todo modo, em uma economia aberta, com alta mobilidade de capitais e câmbio flutuante, tal como a economia brasileira, os constantes superávits em transações correntes significariam a maior entrada de divisas estrangerias do que a saída, provocando processo de apreciação cambial. A apreciação do Real diante da moeda estrangeira aumentaria o preço do produto no mercado internacional, o que reduziria a competitividade das exportações brasileiras. Consequentemente, haveria uma pressão contrária, de diminuição das exportações, no cenário apresentado. Esse processo é corroborado pelo uso do modelo IS- LM-BP, com expansão da curva IS, em cenário de mobilidade de capitais e câmbio flutuante, seguindo de retorno em direção ao ponto inicial, a depender do grau de mobilidade de capitais. O estímulo à atração de investimento externo levaria antes a um déficit na conta financeira, com a expansão de passivos da conta financeira, levando a um desequilíbrio em relação ao saldo de transações correntes. O intenso investimento externo na economia nacional também contribuiria para a apreciação cambial, prejudicando o cenário de crescimento proposto. A apreciação cambial desestimularia a entrada de investimentos. A sugestão de financiamento da política fiscal pelo uso das reservas internacionais também é insustentável para o crescimento brasileiro. A manutenção de expressivas reservas internacionais é importante para eventuais desequilíbrios do balanço de pagamentos e para o contrapeso à dívida externa. A queima dessas divisas deixara o país sujeito a moratório 9internacional e instabilidade externa, como já ocorreu na história econômica brasileira. A saúde fiscal nacional deveria antes se basear na relação dos gastos com a arrecadação tributária e os espaços para crescimento da demanda e da oferta agregada nacional. O compromisso com o tripé macroeconômico de metas de superávit primário, metas de inflação e câmbio flutuante impede o uso de reservas para saneamento fiscal. O país dispõe de outros instrumentos, como o controle da carga tributária, com aumento ou diminuição de impostos, para a política fiscal. O raciocínio da pessoa em questão também se equivoca em argumentos que esse modelo é utilizado de forma consistente pelas maiores economias mundiais. Países como o Estados-Unidos, Alemanha e França apresentam déficit em suas balanças comerciais. O crescimento da China, por exemplo, é mantido por ação em todos os componentes do Produto Interno Bruto, com estímulos à poupança, ampla massa consumidora, gastos governamentais e saldo positivo da balança comercial. De modo geral, aponta-se para o componente da poupança como principal limitador do crescimento e do desenvolvimento nacional. O aumento nos níveis de poupança privada, governamental e externa no Brasil estimularia o investimento produtivo, com efeitos de longo prazo sobre a oferta agregada brasileira. Se o Brasil é abundante em recursos naturais, ainda carece de investimentos na qualificação da mão de obra, no desenvolvimento tecnológico e no capital produtivo. Uma expansão do mercado consumidor mediante aumento da massa salarial acompanhada de proporcional desenvolvimento tecnológico- produtivo, dentro dos compromissos do tripé macroeconômico, demonstra ser caminho mais eficaz para o país na economia internacional."
        },
        {
            "Nome": "Renato de Mendonça",
            "Inicio_candidato": 19264,
            "Inicio_redação": 19338,
            "Nota": 25.5,
            "Redação": "A proposta da pessoa de acumular constantes superavits em conta corrente (TCC) e substantivos saldos nas contas capital e financeira (CCF) está equivocada porque vai contra a própria composição do balanço de pagamentos. A função do balanço de pagamentos (BP) é registrar todas as transações que uma economia efetua com o resto do mundo em um período determinado. No modelo BPM6, o registro é feito de transações entre residentes e não residentes, de maneira que o somatório de todas as transações deve ser zero. O saldo do BP é dado pela equação TCC + CCF + Erros e omissões = 0. Se a economia acumula superavits em conta corrente e em conta financeira e capital, o saldo do BP estaria equivocado. A conta de transações correntes (TCC) é composta de três contas: a balança comercial de bens e serviços, que é formada por importações e exportações; a conta de Renda Primária, que inclui a remuneração pelos setores de produção (lucros, salários, juros e aluguéis); e a conta de Renda Secundária, que inclui doações e ajuda humanitária. A soma do saldo dessas três contas equivale ao saldo em transações correntes, que compõe a parte “acima da linha” do BP. Pelo princípio das partidas dobradas, transações registradas acima da linha devem ter sua contrapartida registrada na conta baixo da linha – ou seja, a CCF. Caso um país venda um bem para o exterior, essa transação será registrada na conta de exportações, tendo sua contrapartida na conta de reservas internacionais, que compõe a conta financeira. Mesmo que, como a pessoa propõe, o país atraia investimento externo, essa transação será registrada como um passivo na conta financeira, enquanto que a entrada do valor será registrada como uma variação positiva na conta de Ativos de Reserva. A proposta também se equivoca no entendimento da conta Ativos de Reserva. Diferentemente das demais contas do BP, que são de fluxo, a conta de Ativos de reserva é de estoque, onde se registra variações nas reservas estrangeiras em poder da autoridade monetárias. Aumentos nas exportações, coeteris paribus, levam a aumento nas reservas. Igualmente, atração de investimento externo também provoca aumentos nas reservas. Logo, a proposta de diminuir as reservas estrangeiras é contraproducente com as duas primeiras medidas. O argumento de que as maiores economias do mundo consistentemente de desfazem de suas reservas tampouco se sustenta. China e Japão são as 2ª e 3ª economias do mundo em PIB, respectivamente. Ambas detêm grandes contingentes de reservas, em maioria obrigações junto ao Tesouro dos EUA. É fato que a maior economia global, os EUA, tem baixo nível de reservas. Mas isso porque é uma situação à parte, já que ele detém o monopólio da emissão de dólares, principal ativo de reserva. A proposta de acúmulo simultâneo de superavit comercial e atração ode investimento externo também não se coaduna com os princípios macroeconômicos. A Atração de investimento consiste em absorção de poupança externa (SE). Essa prática é comum em países com baixo estoque de poupança doméstica. Há, contudo, a equivalência entre poupança externa e o saldo em transações correntes com o sinal trocado (SE = -TC). A atração 1de poupança externa serve, portanto, para financiar déficits em transações correntes. Se há superavit, não há razão para a tração de financiamento externo, sob o ponto de vista do equilibro do BP`. A exportação de poupança doméstica pode, inclusive, ser um fator positivo para o país de origem: mediante investimento externo direto, o país de destino pode promover seu crescimento interno, levando a maior absorção de importações provenientes do país de origem, o que enseja acúmulo de superavits comerciais para o país investidor. A proposta de acúmulo de superávits comerciais, saldo em investimento eterno na conta capital e financeira e concomitante redução de reservas estrangeiras é incompatível com a estrutura do Balanço de Pagamentos. Em sua sexta versão (BPM6), o balanço apresenta inovações importantes, como a transferência das transações de royalties e propriedade intelectual para a conta da renda primária, em vez da conta capital. Além disso, há agora sessão para a Posição Internacional de Investimentos – PII, onde se pode visualizar com mais facilidade as obrigações passivas e ativas assumidas pelos residentes com não residentes. Cabe dizer que a gestão de reservas internacionais, apesar de apresentar custo de oportunidade à economia pode funcionar como “colchão de liquidez em cenários de choques internos e interrupção dos fluxos internacionais de investimento. É com base nesse entendimento que o Brasil possui, atualmente, mais de 300 bilhões de dólares em reservas, alocadas sob os critérios de segurança, liquidez e rentabilidade. O equilíbrio no BP é fundamental para o bom funcionamento da economia."
        },
        {
            "Nome": "Vinícius Henrique",
            "Inicio_candidato": 24137,
            "Inicio_redação": 24209,
            "Nota": 17.0,
            "Redação": "O balanço de pagamentos de um país reflete a situação deste perante o resto do mundo em termos de troca, sendo que consiste em três contas básicas: transações correntes, conta de capital e conta financeira. O fomento das exportações de bens e serviços não necessariamente acarretará superávits no saldo de transações correntes ou estimular o crescimento, isso porque ele consiste em apenas uma parcela da conta, bem como do PIB. A conta de transações correntes comporta quatro subdivisões: exportações e importações de bens; exportação e importação de serviços; renda primária e renda secundária. A renda primária consiste nas trocas entre residentes e não residentes tendo como fator gerador a produção (juros, salários, etc.). Já a secundária consiste em trocas sem contrapartida na produção (como doações). Veja que se houver um maciço contingente de investimento acumulado de não residentes no país, é possível que a saída de recursos por transferência de renda primária supere os ingressos pelo fomento das exportações. Dentro desse cenário, em considerando como constante a transferência de renda secundária, haveria déficit na conta de transações correntes. Eis o risco da segunda proposição, de estímulo a investimentos externos. Há um equívoco em contabilizá- los na conta de capital, já que os investimentos diretos e em carteira estão compreendidos na conta 2financeira. O investimento não necessariamente melhora os termos de troca de um país, pois o seu produto pode estar totalmente voltado ao consumo interno, portanto não há relação necessária entre superávits e investimento externo, como já mostrado anteriormente. Por fim, outro equívoco e combinar as propostas anteriores com a redução de reservas. Um aumento das exportações e do aporte de investimentos, a princípio, ocasionarão um aumento das reservas internacionais do país. Caso essas reservas estejam disponíveis, haverá uma melhora na liquidez da economia em relação aos seus compromissos internacionais, reduzindo o risco de insolvência. Países com expressivos superávits, como China, Japão e Arábia Saudita, mantêm robustas reservas para se blindar de choques externos, garantindo liquidez (curto prazo) e solvência (longo prazo). Portanto, não faz sentido se desfazer de reservas - pelo contrário, é necessário acumulá-las. Ressalta-se que o balanço de pagamentos retrata um fluxo anual e não é a ferramenta mais adequada para se analisar o crescimento de um país. A medida mais aceita leva em conta também fatores internos: o PIB. Pela ótica do dispêndio, o PI consiste em consumo, investimento, gastos do governo e exportações líquidas. Um aumento nas exportações, em tese, aumentaria o PIB no referente ao setor externo; contudo, há de se verificar os impactos sobre o consumo interno, já que parte das mercadorias poderia ser deslocada para exportações, reduzindo a oferta doméstica e o consumo, apenas alterando o perfil do PIB. É interessante perceber que as reservas de um país podem ser utilizadas como poupança, que nada mais é do que o adiamento de um gasto. O país pode utilizar as suas reservas estrangeiras para estimular setores econômicos, entretanto acabará reduzindo sua capacidade de honrar compromissos com credores internacionais. As reservas, contabilizadas na conta financeira, acabam sendo uma medida sobre as relações de um país com o mundo, sobretudo quando há superávit e sendo utilizadas para recurso interno ou pagar dívida externa. Quanto mais de longo prazo for o perfil da dívida, ou seja, com melhores fundamentos macroeconômicos - incluindo reservas -, maior capacidade o país terá de atrair investidores e captar poupança externa."
        },
        {
            "Nome": "Anônimo",
            "Inicio_candidato": 27854,
            "Inicio_redação": 27908,
            "Nota": 0.0,
            "Redação": "Em um contexto de baixo crescimento econômico, surgem muitas propostas para a rápida elevação da renda. Sem embargo, o conhecimento do funcionamento da contabilidade nacional permite compreender as consequências da proposta apresentada e criticá-la, o que cabe fazer nesse momento. Inicialmente, para aumentar o saldo na balança de bens e serviços, é necessário aumentar a competitividade das mercadorias e serviços nacionais. Ceteris paribus, o principal condicionante da competitividade internacional é o câmbio. Assim sendo, para aumentar esse saldo, como diz a proposta, é necessário desvalorizar o câmbio, o que estimula exportações e restringe importações. Além disso, se a conta corrente do balanço de pagamentos (BP) está positiva, disso decorre que não há necessidade de poupança externa para fechar esse balanço, pelo contrário, há a possibilidade de aplicar a poupança interna em outros países de modo a, futuramente, repatriar essas remessas de lucros e dividendos mediante o aumento da renda primária da conta corrente do BP. Nada obstante, a proposta pugna pela atração de investimento externo; assim sendo, tudo mais constante, a taxa de juro é o principal fator para incentivar o aporte de capitais no Brasil. Consequentemente, o aporte de investimentos mediante a alta dos juros valorizaria o câmbio, anulando o efeito da desvalorização que garantiria o saldo positivo da balança de bens e serviços e, dessa forma, da conta corrente, tudo isso para garantir uma poupança externa desnecessária para fechar o BP, pois há, como mencionado, sobras na conta corrente do BP. Além disso, há a questão das reservas. A subida dos juros para atrair investimentos torna mais custosa a manutenção de reservas em moeda forte, na medida em que elas não apresentam a mesma rentabilidade dos títulos públicos em moeda nacional, já que os juros subiram para atrair investimentos e, nessa conjuntura, o governo gasta mais remunerando esses títulos vendidos a juros altos do que recebe aplicando as reservas na média de juros internacional, que é inferior a nacional, caso contrário não seriam atraídos investimentos. Nada obstante, a venda das reservas, como afirma a proposta, teria efeitos deletérios, pois, ou o governo vende suas reservas e, ceteris paribus, valoriza o câmbio sobremaneira, na medida em que a subida de juros para atração de investimentos inicialmente já elevou o valor da moeda nacional, ou o governo, também para evitar o inchaço dos meios de pagamento, ao passo que vende reservas, coloca títulos da dívida pública no mercado para enxugar esse excesso de liquidez, em uma política monetária contracionista, que também enseja o aumento da taxa de juros. Dessa maneira, de toda forma, a venda de reservas engendraria uma elevação dos juros e uma valorização do câmbio que anularia o efeito inicial da desvalorização cambial para criar superávits na conta corrente do BP. Ademais, a proposta afirma a necessidade de estimular a atração de investimentos, ano a ano, como forma de avançar o crescimento brasileiro. Ora, os juros e rendimentos desses investimentos feitos na conta financeira do BP devem ser pagos na conta de renda primária da conta corrente do 4BP, mas, como demonstrado, com o câmbio valorizado, o saldo da balança de bens e serviços fica afetado, o que, muito provavelmente, enseja déficits na conta corrente que, além de anular os “constantes superávits” da proposta, tornam o país mais dependente da atração de investimento externo para fechar o BP, na medida em que as reservas poderiam auxiliar em momentos de desequilíbrio foram vendidas. Isso criaria um ciclo vicioso em que o país dependeria de altas taxas de juros para fechar o BP, como uma verdadeira âncora, estando vulnerável a choques especulativos e variações de liquidez internacional, em um cenário semelhante ao da crise cambial brasileira de 1999. Dessa forma, praticamente todos os efeitos positivos da proposta seriam anulados: o juro alto para atrair investimento e da venda de reservas valorizaria o câmbio, afetando o superávit de bens e serviços, que seria incapaz de compensar a remessa de rendimentos da renda primária decorrente dos investimentos atraídos; outrossim, sem reservas, o país ficaria com o risco de não fechar seu BP em caso de choques especulativos, acumulando atrasados no saldo final. No contexto da realidade das famílias e dos agentes econômicos, eles sofreriam duplamente: primeiro, com a desvalorização cambial para fomentar a balança comercial e restringir importações e, em segundo momento, com a alta taxa de juros que restringiria a renda e a demanda agregada, além dos riscos decorrentes de uma crise do BP em decorrência da falta de reservas, o que levaria o Brasil a pedir empréstimos a instituições como o FMI, ensejando novos ajustes, com novas desvalorizações cambiais e altas de juros. Solucionar problemas  macroeconômicos não é simples. O balanço de pagamentos apresenta as trocas do país com o resto do mundo, e suas contas são interdependentes. Se a intenção é aumentar o saldo em conta corrente para diminuir a necessidade de poupança externa, é imprudente atrair mais poupança externa ao custo de anular o efeito da alta das exportações. Finalmente, alienar reservas é tornar o país dependente de financiamento externo em caso de choques especulativos."
        }
    ]
}