{
    "Nota Máxima": 20.0,
    "Nota Média": 16.0,
    "Menor Nota": 7.5,
    "Pergunta": "Um operário, em uma fábrica de alfinetes, não treinado no uso das ferramentas ali presentes dificilmente poderia talvez fabricar um único alfinete em um dia, empenhando o máximo de trabalho; de qualquer forma, certamente não conseguirá fabricar 20. Entretanto, da maneira como essa atividade é hoje executada, não somente o trabalho todo constitui uma indústria específica, mas ele está dividido em uma série de setores, dos quais, por sua vez, a maior parte também constitui provavelmente um ofício especial. Um operário desenrola o arame, outro o endireita, um terceiro o corta, um quarto faz as pontas, um quinto o afia nas pontas para a colocação da cabeça do alfinete; para fazer uma cabeça de alfinete, requerem-se três ou quatro operações diferentes; montar a cabeça já é uma atividade diferente, e alvejar os alfinetes é outra; a própria embalagem dos alfinetes também constitui uma atividade independente. […] Vi uma pequena manufatura desse tipo, com apenas 10 empregados, e na qual alguns desses executavam duas ou três operações diferentes. Mas, embora não fossem muito hábeis, conseguiam produzir, entre elas, mais do que 48 mil alfinetes por dia. Assim, já que cada pessoa conseguia fazer 1/10 de 48 mil alfinetes por dia, pode- se considerar que cada uma produzia 4 mil e 800 alfinetes diariamente. SMITH, A. A riqueza das nações: investigação sobre sua natureza e suas causas. São Paulo: Nova Cultural, 1996, v. 1, Coleção Os Economistas, p. 65-66, com adapta- ções. O excerto mostra como várias pessoas trabalhando em conjunto podem produzir mais que a soma do que cada uma produziria por conta própria. A teoria da firma, em economia, trata do processo de produção — não em seus aspectos técnicos, mas nos quantitativos — e dos custos envolvidos. Ela permite que a firma decida quanto vai produzir e vender de seu produto, tendo em vista as condições de mercado (demanda esperada, preços dos insumos, preço do produto final, entre outros fatores). Considerando o excerto apresentado tem caráter meramente motivador, redija um texto dissertativo mostrando como a função de produção determina, em um mercado de concorrência perfeita, a oferta do produtor. Aborde, necessariamente, os seguintes tópicos: 5fatores de produção; descrição geral de uma função de produção; tipos de escala que podem corresponder à função de produção; custos envolvidos; distinção entre curto e longo prazo; e como os custos permitem determinar a oferta do produtor.",
    "Padrão de Resposta": "Espera-se que o candidato redija o texto considerando os aspectos a seguir. A produção de uma firma é o processo de transformação de insumos em produtos. Do ponto de vista econômico, os insumos, ou fatores de produção, podem ser classificados como trabalho (incluindo a mão de obra envolvida na operação dos demais fatores físicos), terra (isto é, o local de produção), capital (incluindo as instalações, ferramentas, máquinas e matérias primais) e capacidade empresarial (a capacidade de organizar os demais fatores da maneira mais eficiente possível). A função de produção permite determinar quanto será produzido a partir da quantidade de cada fator empregado no processo. Ela reflete a tecnologia de produção adotada pela firma. Conforme essa tecnologia, pode- se definir os rendimentos de escala, que mostram a relação entre o crescimento percentual da quantidade de todos os fatores empregados e o crescimento percentual da produção resultante. Há processos com rendimentos crescentes, constantes ou decrescentes de escala, conforme o aumento percentual da produção seja superior, igual ou inferior ao aumento percentual da quantidade de fatores empregados. A firma também depende dos custos de produção de seus bens ou serviços para tomar sua decisão de ofertar. Esses custos são a soma do valor monetário de cada fator utilizado, considerando o custo de oportunidade, ou seja, o melhor retorno que se teria com cada fator caso não fosse usado na produção da firma em questão. Na análise dos custos, a firma deve considerar acerca de quais fatores ela pode tomar decisões. Se puder decidir a respeito de todos os fatores de produção, a análise é de longo prazo. Se, porém, algum 6fator tem sua quantidade fixada, a análise é de curto prazo. Assim, para esses fatores cuja quantidade não pode ser mudada, consideram-se os custos fixos. Por outro lado, no longo prazo, todos os fatores podem ser mudados, e a firma analisa apenas custos variáveis. Para a decisão de quanto produzir, de acordo com o preço de mercado sob concorrência perfeita, a firma deve realizar também a análise do custo médio de cada unidade produzida, ou seja, o custo total da produção rateado pelo total de unidades do produto. Por fim, irá considerar ainda o custo de produzir a próxima unidade do produto, que é o custo marginal. Enquanto o custo marginal está abaixo do custo médio, é mais eficiente para a firma aumentar sua quantidade produzida. Isso significa que a firma apenas produz quantidades que estejam acima do ponto de equilíbrio médio-marginal, ponto em que o custo médio e o marginal se igualam. O preço a ser cobrado deve ser, no mínimo, igual ao custo marginal. Como há concorrência perfeita, a firma se mantém no menor preço possível, e a curva de oferta coincide, então, com a curva de custo marginal, a partir do equilíbrio médio-marginal. É assim que eventos que afetem a estrutura de custos da firma mudam também a curva de oferta, por meio do custo marginal. Q1. Enumerar os fatores de produção (apenas a menção é suficiente, sendo considerados eventuais sinônimos, como “trabalho” e “mão de obra”). Do ponto de vista econômico, os insumos, ou fatores de produção, podem ser classificados como trabalho (incluindo a mão de obra envolvida na operação dos demais fatores físicos), terra (isto é, o local de produção), capital (incluindo as instalações, ferramentas, máquinas e matérias primais) e capacidade empresarial (a capacidade de organizar os demais fatores da maneira mais eficiente possível). Q2. Definir função de produção. A função de produção permite determinar quanto será produzido a partir da quantidade de cada fator empregado no processo. Q3. Classificar os crescimentos de escala. Conforme essa tecnologia, podem-se definir os rendimentos de escala, que mostram a relação entre o crescimento percentual da quantidade de todos os fatores empregados e o crescimento percentual da produção resultante. Há processos com rendimentos crescentes, constantes ou decrescentes de escala, conforme o aumento percentual da produção seja superior, igual ou inferior ao aumento percentual da quantidade de fatores empregados. Q4. Definir os custos de produção (não é necessário separar por fator). Esses custos são a soma do valor monetário de cada fator utilizado, considerando o custo de oportunidade. Em outras palavras, o melhor retorno que se teria com cada fator caso não fosse usado na produção da firma em questão. Q5. Distinguir curto prazo de longo prazo. Se puder decidir a respeito de todos os fatores de produção, a análise é de longo prazo. Se, porém, algum fator tem sua quantidade fixada, a análise é de curto prazo. Q6. Enunciar que, no longo prazo, há apenas custos variáveis. Assim, para esses fatores cuja quantidade não pode ser mudada, consideram-se os custos fixos. Por outro lado, no longo prazo, todos os fatores podem ser mudados, e a firma analisa apenas custos variáveis. Q7. Definir custos médios. A firma deve realizar também a análise do custo médio de cada unidade produzida, que é o custo total da produção rateado pelo total de unidades do produto. 7Q8. Definir custos marginais. Por fim, vai considerar ainda o custo de produzir a próxima unidade do produto, o custo marginal. Q9. Enunciar que, sob concorrência perfeita, a firma produz nos pontos acima do equilíbrio médio-marginal (não é necessário mencionar esse nome). “Enquanto o custo marginal está abaixo do custo médio, é mais eficiente para a firma aumentar sua quantidade produzida. Isso significa que a firma apenas produz quantidades que estejam acima do ponto de equilíbrio médio- marginal, ponto em que o custo médio e o marginal se igualam. Q10. Enunciar que a curva de oferta corresponde à curva de custo marginal a partir do equilíbrio médio-marginal. O preço a ser cobrado deve ser, no mínimo, igual ao custo marginal. Como há concorrência perfeita, a firma se mantém no menor preço possível, e a curva de oferta coincide, então, com a curva de custo marginal, a partir do equilíbrio médio marginal. Caso queira, embora não haja necessidade, o candidato pode usar formulações matemáticas como parte do argumento. Se o fizer, eventuais erros na formulação serão devidamente considerados na correção e pontuação da resposta. Será avaliada a capacidade do candidato de estabelecer uma tese e sustentá-la coerentemente. A avaliação seguirá o critério comparativo (i.e.). A avaliação individual será feita de acordo com a comparação do nível de outros exercícios. Nesse sentido, embora o candidato possa ter respondido de forma correta, abrangendo os requisitos anteriormente indicados, sua nota poderá ser menor do que a atribuída a outros que fizerem o exercício com maior qualidade intelectual, acadêmica e formal.",
    "Candidatos": [
        {
            "Nome": "Adriana de Medeiros",
            "Inicio_candidato": 9547,
            "Inicio_redação": 9622,
            "Nota": 20.0,
            "Redação": "Em um mercado de concorrência perfeita (infinitos ofertantes e demandantes, agente price takers, produto homogêneo, ausência do poder de mercado), o produtor se deparar com uma curva de demanda horizontal (no caso da firma individual), o que indica que, dado o preço de mercado, ele só poderá definir seu nível de oferta. Para tanto, o ofertante seguirá a regra do produto, segundo o qual deve ofertar a quantidade em que custo marginal (Cmg) se iguala à receita marginal (Rmg), que, no caso da concorrência perfeita, será equivalente ao preço. Graficamente, sendo “quantidade” (Q) representada no eixo das abcissas, e o “preço” (P), no das ordenadas, a quantidade ofertada pelo produtor em concorrência perfeita será encontrada no ponto “q”. Para produzir essa quantidade, o ofertante necessita dos insumos descritos na função de produção, qual seja, Q (x) = f (K, L), isto é, a quantidade produzida depende dos fatores de produção “K” (capital) e “L” (trabalho). Importa ressalta que o fator “capital” inclui os insumos relativos a terra (aluguel) e maquinário (tecnologia), mantendo-se “K” para fins de simplificação. Conforme descreveu Smith acerca dos alfinetes, os insumos “K” e “L” submetem-se ao princípio dos rendimentos marginais decrescentes, com magnitudes particulares ao bem, à tecnologia e ao insumo, de modo que se pode descrevê-las como “ α” e “β”. Logo, sendo a função de produção do tipo Cobb-Douglas, Q(x) = f(K, L), 8isto é, a função de produção apresenta os insumos capital e trabalho, cujos rendimentos marginais possuem magnitudes “ α” e “β”. Caso α + β > 1, a função terá rendimentos crescentes de escala, o que significa que, caso os insumos “L” e “K” dobrem, a produção total mais que dobrará; caso α + β < 1, haverá rendimentos decrescentes de escala, de modo que, se “L” e “K” dobrarem, a produção terá resultado menor que o dobro; caso α + β = 1, ter-se-á rendimentos constantes de escala, e, ao dobrar “L” e “K”, o produtor terá o dobro do produto. Comparando- se as isoquantas, no primeiro caso, elas se aproximarão; no segundo caso, elas se afastarão umas das outras; no terceiro caso, a distância entre elas será constante. Ademais de considerar a quantidade, o produtor precisa considerar seus custos, que incluem os custos fixos (que não dependem da quantidade produzida), dos custos variáveis (que variam de acordo com a quantidade) e os custos de oportunidade (perda de oportunidade por não estar investindo em outra atividade). Entre os custos variáveis, têm-se o custo médio (relação entre o custo total e quantidade produzida total) e o custo marginal (custo adicional pela produção de uma unidade a mais). Além desses, o ofertante deve observar a existência de custos afundados (irrecuperáveis), a fim de desconsiderá-los na tomada de decisões. Como, no curto prazo, ao menos um insumo de produção é fixo (enquanto, no longo prazo, todos os insumos são variáveis), algumas decisões do ofertante dependerão do horizonte temporal. Veja-se, por exemplo, como os custos impactam na oferta do produtor. Como já destacado, o produtor determinará sua oferta no ponto em que o custo marginal (Cmg) for igual à receita marginal (Rmg). Todavia, caso o preço de mercado caia, ele deve fazer uma escolha entre continuar produzindo com prejuízo ou suspender atividade. Como, no curto prazo, os custos fixos são irreversíveis (afundados), ele deverá considerar apenas os custos variáveis, representado no gráfico de abcissa “Q” (quantidade) e ordenada “P” (preço) como “Cvme” (custo variável médio). Assim, se o preço for menor que “Cvme”, o produtor deve suspender produção no curto prazo e, no longo prazo, encerar as atividades."
        },
        {
            "Nome": "Jonas Paskauskas",
            "Inicio_candidato": 19876,
            "Inicio_redação": 19948,
            "Nota": 16.0,
            "Redação": "A Teoria da Firma, via de regra, aborda as escolhas produtivas do ofertante com base nos custos envolvidos nos fatores de produção capital (K) e trabalho (L). Por custos relativos ao trabalho, entende-se aqueles relacionados ao pagamento de salários e encargos de trabalhadores, ao passo que o capital tem relação com a estrutura propriamente dita, como máquinas, equipamentos, espaço da fábrica, etc. Os custos de capital geralmente envolvem o pagamento de aluguéis, impostos, manutenção de equipamentos e outros. Assim, os fatores de produção são os elementos usados pelas firmas na produção do bem. No contexto da Teoria da Firma, lida-se com a ideia de que custos fixos, que não variam conforme o aumento ou a redução da atividade produtiva; custos variáveis, que variam conforme se pretende aumentar ou reduzir a quantidade produzida; custo marginal, que cuida do custo adicional que cada nova unidade de fator produtivo variável acrescenta ao custo total, que é assoma dos custos fixos e custos variável; custo total médio, que é a razão entre custo total e quantidade produzida; custo variável médio, sendo a razão entre custo variável e a quantidade produzida; e custo fixo médio, razão entre custo fixo e quantidade produzida. Desse modo, no curto prazo, lida-se com o fator L como fator variável e o fato K como fator fixo, ao passo que, no 2longo prazo, tanto L quanto K são fatores variáveis, na medida em que se considera possível a expansão ou redução quantitativa de fatores ligados ao capital. Considerando-se o curto prazo e admitindo-se que F (P) = [K, L], a curva de custo marginal poderá indicar a quantidade a ser produzida com o fim de maximização do lucro econômico. Isso porque, considerando um mercado de concorrência perfeita, a receita total (R) do produtor será definida pelo produto da quantidade vendida (q) e do preço (P), na fórmula R = P x q. Por outro lado, enquanto tomador preços a receita marginal equivalerá ao preço, na medida em que cada unidade adicional vendida aumentará a receita no exato valor do preço de mercado. Com isso, considerando que a lei dos rendimentos decrescentes importa o progressivo aumento dos custos marginais após breve início de rendimentos crescentes de escala, tem-se que o produtor obterá lucro enquanto o preço do mercado do bem for capaz de cobrir o custo marginal. O lucro econômico máximo, traduzido na maior quantidade de bem estar obtida pelo produtor, ocorrerá quando Cmg = Rmg, a qual equivale a P. Isso porque, ao se igualar o custo marginal ao preço, não será vantajoso ao ofertante acrescentar nova unidade de fator variável (L), o que representaria perda de receita líquida e produtividade. Assim, em um mercado de concorrência perfeita, o lucro econômico buscado equivale a 0 (zero), o que se obtém ao produzir a quantidade onde Cmg = P. Assim, a curva de custo marginal é capaz de revelar a própria curva de oferta, na medida em que, nas hipóteses onde o preço de mercado for insuficiente a cobrir mesmo o custo variável médio, será determinado o ponto de fechamento imediato da empresa, onde a produção será zero. A representação gráfica da presente resposta é exposta a seguir: O ponto A representa onde o preço de mercado equivale ao custo marginal, o que define a quantidade ofertada (qo)."
        },
        {
            "Nome": "Liz Pinhata",
            "Inicio_candidato": 13282,
            "Inicio_redação": 13350,
            "Nota": 20.0,
            "Redação": "Na concorrência perfeita, a oferta de produtos é determinada pelos custos de produção. A curva de oferta do produtor é positivamente inclinada nos eixos custo e quantidade produzida, indicando que os custos aumentam à medida que a quantidade produzida aumenta, pois os insumos estão submetidos à lei dos rendimentos decrescentes. Os principais fatores de produção são o trabalho (empregados) e o capital (máquinas), ainda que a terra também seja considerada como tal, especialmente em relação à produção agrícola. Nesse contexto, a função de produção relaciona positivamente o trabalho e o capital à quantidade produzida: quanto mais insumos empregados, maior será a quantidade produzida. Podem corresponder, à função de produção, escalas crescentes, constantes e decrescentes de escala. Nas escalas crescentes, as quantidades empregadas de insumos levam ao crescimento proporcionalmente maior da quantidade produzida. Nas escalas constantes, a produção é proporcional aos insumos empregados. Já nas escalas decrescentes, a produção cresce a taxa proporcionalmente menor que o aumento dos insumos. Há diversos custos envolvidos na produção. O custo fixo refere- se aos gastos que independem da quantidade produzida e que se diluem quando aumenta a produção (ex.: o salário dos garçons de um restaurante). O custo variável é o que aumenta ou diminui de acordo com a alteração na quantidade produzida (ex.: os ingredientes para o preparo dos pratos de um restaurante). O custo total é a soma do custo fixo e do custo variável. O custo médio é o custo total dividido pela quantidade produzida, equivalendo ao custo de qualquer unidade produzida. O custo marginal é o custo de produção de uma unidade adicional, calculado pela divisão da variação do custo total pela variação na quantidade produzida. Há ainda os custos irrecuperáveis (no exemplo do restaurante, poderia ser o valor que o chef pagou por sua formação em gastronomia) e os custos implícitos, que equivalem ao custo de oportunidade, aquilo que se deixou de ganhar com outra atividade. Na microeconomia, o curto prazo é aquele em que apenas um insumo pode ser alterado (capital ou trabalho) e o longo prazo é o tempo em que todos os insumos se tornaram variáveis. Por isso, no curto prazo, a firma deve paralisar suas atividades se o custo variável médio for maior que o preço (prejuízo); nesse caso, o preço ainda cobre os custos fixos. No mesmo sentido, se o prejuízo permanece no longo prazo, depois da variação de todos os insumos, a firma deveria fechar. Note-se que a firma só deve produzir com preço maior que o custo variável médio. Para maximizar seus lucros, a firma produz quantidade em que a receita marginal seja igual ao custo marginal e ao preço. Como resultado, a curva de oferta do produtor equivale à curva de custo marginal a partir do seu cruzamento com a curva de custo variável médio, o qual acontece no ponto de custo variável médio mínimo. Essa é a forma como os custos permitem determinar a oferta do produtor."
        },
        {
            "Nome": "Renato de Mendonça",
            "Inicio_candidato": 16345,
            "Inicio_redação": 16417,
            "Nota": 20.0,
            "Redação": "Na teoria da firma, a função de produção determina a produção de uma empresa, a quantidade que produzirá e o preço a ser cobrado. A função de produção depende dos fatores de produção (o custo dos fatores, em geral, capital e trabalho); do preço de mercado; das expectativas em torno da demanda; e da tecnologia adotada. Nessa produção, a receita total do produtor será dada pelo produto do preço cobrado e a quantidade produzida (RT = PxQ). Na concorrência perfeita, o produtor pode ampliar sua receita reduzindo os custos ou aumentando a produção. Trata-se das economias ou retornos de escala. Uma firma pode ter retornos constantes de escala (aumento na dotação dos fatores leva a aumento proporcional da produção); retornos crescentes de escala (aumento na dotação dos fatores leva a aumento mais que proporcional da produção [sic] ou retornos decrescentes de escala. No primeiro caso, as isoquantas (curvas que relacionam as quantidades empregadas de fator trabalho e capital) se afastam do centro a distâncias regulares; no segundo, a distâncias menores; e no terceiro, a distâncias maiores. Uma firma pode experimentar um primeiro momento de retornos crescentes de escala, até chegar a um ponto de saturação, a partir de onde terá retornos decrescentes de escala. Uma firma pode controlar sua produção pelos custos envolvidos. Há o custo de oportunidade, que é o custo de não dedicar-se a outra atividade; o custo fixo, que não depende do volume de produção (o aluguel do espaço, por exemplo [sic], o custo variável, que muda com o volume de produção; o custo afundado, que é irrecuperável após assumido; e o custo marginal, que é o custo gerado pela produção de uma unidade adicional do bem. Esses custos também podem ter a vertente média, quando divididos pela quantidade produzida. O comportamento da firma se distingue no curto e no longo prazo. Quanto aos fatores de produção, um dos fatores é considerado fixo no curto prazo; já no longo, ambos são variáveis. Quanto aos custos, o acúmulo de experiência pode levar a aumento da produtividade no longo prazo, com redução do custo unitário. Em um mercado de concorrência perfeita, nem ofertantes nem consumidores são capazes de, individualmente, influenciar o preço de modo que o preço é dado pelo mercado. Para determinar a oferta do produtor, ele deve fixar sua produção no ponto em que o custo marginal equivale ao rendimento marginal (Cmg = Rmg). Como o preço é dado, haverá equivalência entre os três (P = Cmg = Rmg). Nesse ponto, o lucro econômico obtido é zero, sendo o lucro máximo da firma competitiva. Não há incentivos à saída, e todos os custos são compensados. Os custos podem apresentar variações no curto prazo. Se o preço de mercado for menor que o custo total médio (soma do custo fixo médio e do custo variável médio), a firma pode optar por interromper temporariamente as atividades (como no caso da fábrica de sorvete no inverno) ou operar no prejuízo. Contudo, caso o preço esteja abaixo do custo variável médio, a firma deverá encerrar suas atividades. Como se trata de concorrência perfeita, não 1há barreiras à entrada nem à saída; uma firma entrará no mercado se vislumbrar lucro positivo, e sairá se vislumbrar lucro negativo no longo prazo. O amplo conhecimento de sua função de produção é fator essencial para o êxito da firma em concorrência perfeita, reduzindo custos a fim de garantir o lucro econômico máximo, com produção socialmente eficiente nos termos de Pareto."
        },
        {
            "Nome": "Anônimo",
            "Inicio_candidato": 23225,
            "Inicio_redação": 23281,
            "Nota": 7.5,
            "Redação": "Função de produção é uma fórmula matemática que expressa quanto de produto é possível alcançar com determinada quantidade de fatores de produção e determinada tecnologia, ou seja, a forma como esses fatores são combinados entre si. Em um eixo cartesiano onde o eixo X representa um fator de produção e o eixo Y representa outro, as isoquantas lá dispostas representam cada um delas uma função de produção diferente, ao passo que os pontos ao longo de uma mesma isoquanta representam as diferentes formas de combinar aqueles fatores de produção mantendo um mesmo nível de produção. Às funções de produção podem corresponder diferentes formas de escala, de modo que os retornos podem ser diferentes ao longo do tempo. É possível haver escalas internas à firma, quando a redução dos custos médios se faz mediante o aumento do tamanho da firma. E possível, também, que haja escalas externas à firma, relacionadas a questões como ampliação da infraestrutura, o que beneficiará todo o setor e não apenas a firma individualmente. Além disso, também existem escalas relacionadas à experiência da firma, quando esta, por já estar no mercado há bastante tempo, adquiriu “know-how” suficiente que lhe permita reduzir seus custos- médios. Em um mercado competitivo, assim como nas demais estruturas de mercado, existe uma função de produção para o curto prazo e uma para o longo prazo. No curto prazo, existe, ao menos, um fator de produção fixo e um variável. Consequentemente, o produtor depara-se com custos fixos e com custos variáveis. Em contrapartida, no longo prazo, existem apenas fatores de produção variáveis, de modo que os custos envolvidos na produção se tornam variáveis: quanto mais fatores empregados, maiores os custos – embora não necessariamente maior a produção, já que os retornos de escala podem ser crescentes, constantes ou decrescentes, independentemente da produtividade marginal decrescente dos fatores. O produtor, em um mercado competitivo, depara-se, sempre, com uma demanda perfeitamente elástica. Diante dela, produz até o nível em que seu custo marginal, que é crescente, encontra-se com a curva de demanda. Isso porque esta também representa sua curva de receita marginal. Ao igualar custo marginal e receita marginal, a firma estará maximizando seus lucros. Dado que, na concorrência perfeita, não há barreiras à entrada e à saída de firmas, o lucro econômico, a longo prazo, será zero. Isso significa que a receita total média, que equivale ao preço (representado pela curva de demanda), é igual ao custo total médio. Desse modo, percebe-se que, a longo prazo, é possível determinar se a oferta do produtor está em equilíbrio quando há uma situação de igualdade entre custo marginal, receita marginal, preço, receita total média e custo média, esse último estando em seu ponto mínimo. A partir da análise da função de produção e das questões a ela correlatas, como tipos de escala e custos, é possível compreender as escolhas feitas por uma determinada firma. Isso é válido, como visto, tanto no curto quanto no longo prazo."
        }
    ]
}