{
    "Nota Máxima": 30.0,
    "Nota Média": 19.5,
    "Menor Nota": 6.5,
    "Pergunta": "A crise da dívida ocorreu no início da década de 1980 e desestabilizou muitas economias latino-americanas e bancos privados internacionais. Segundo Simonsen e Werlang (1990, p. 460), “como a desfavorável aritmética da dívida conduziu ao colapso da reciclagem competitiva, a sabedoria convencional diz que os países devedores têm, agora, que transferir recursos para o exterior porque eles tomaram empréstimos em excesso no final dos anos 70.” SIMONSEN, M. H.; WERLANG, S. R. O problema da dívida dos países em desenvolvimento: uma análise via teoria dos jogos. In.: Revista Brasileira de Economia, 44(3), 1990, pp. 457-483, com adaptações.Considerando que o excerto de Simonsen e Werlang (1990) tem caráter meramente motivador, redija um texto dissertativo abordando, necessariamente, os seguintes tópicos: as características da reciclagem competitiva que os autores mencionam; o papel dos bancos privados internacionais nesse processo; os riscos percebidos desse tipo de operação; e os motivos para a formação de um cartel de credores no início da década de 1980.",
    "Padrão de Resposta": "Espera-se que o candidato redija o texto considerando os aspectos a seguir. Q1. Ao longo das décadas de 1960 e de 1970, a dívida externa de países em desenvolvido era apontada como sustentável. Q2. Isso ocorria porque as taxas de crescimento das exportações dos países em desenvolvimento estavam acima das taxas de juros internacionais para os empréstimos a esses países. Q3. O empréstimo oficial era percebido como lento e burocrático, de modo que o empréstimo bancário foi preferido pelos países e visto como de pouco risco pelos bancos. Q4. Caso não tivessem contraído esses empréstimos, os países em desenvolvimento teriam sido forçados a contrair suas importações de países industriais, agravando a recessão após o primeiro choque do petróleo. Q5. Esse processo (de empréstimos com bancos privados e rolagem de dívida via tais bancos, e não por canais oficiais) ficou conhecido como reciclagem competitiva. Q6. O aumento da taxa de juros em dólar, que ocorreu nos anos de 1981 e de 1982, modificou esse cenário. Q7. Tal fato provocou o aumento das relações juros versus exportação, em 1982, dos países em desenvolvimento.  Q8. O problema foi diagnosticado como sendo de liquidez e não de solvência, o que favorecia a rolagem das dívidas. Q9. Entretanto, dívida soberana não apresenta efeito colateral da mesma forma que dívidas privadas, o que aumentou o risco para os credores. Q10. Por isso, foi estabelecido o cartel de credores como forma de socializar os riscos da operação de rolagem. Será avaliada a capacidade do candidato de estabelecer uma tese e sustentá-la coerentemente. A avaliação seguirá o critério comparativo (i.e.). A avaliação individual será feita de acordo com a comparação do nível de outros exercícios. Nesse sentido, embora o candidato possa ter respondido de forma correta, abrangendo os requisitos anteriormente indicados, sua nota poderá ser menor do que a atribuída a outros que fizerem o exercício com maior qualidade intelectual, acadêmica e formal.",
    "Candidatos": [
        {
            "Nome": "Ana Cecília",
            "Inicio_candidato": 9183,
            "Inicio_redação": 9258,
            "Nota": 27.5,
            "Redação": "A crise da dívida dos anos 1980 levou à moratória de diversos países latino- americanos nessa década, a exemplo do México e do próprio Brasil. Pôs, ainda, diversos bancos privados internacionais em situação delicada e, até mesmo, pré-falimentar em determinados casos. Essa conjuntura econômica levou ao que Mario Simonsen e Werlang caracterizam como “colapso da reciclagem competitiva”. A reciclagem competitiva consistia em financiar o endividamento por meio de mais endividamento. Prática comum do Brasil ao menos desde o início da República, no contexto do 1º choque do petróleo, de 1973, foi a opção escolhida pelo país para manter os níveis de crescimento econômico. Esse processo de reciclagem competitiva previa taxas de juros flutuantes para os tomadores de empréstimos e funcionou enquanto ainda houve liquidez no mercado financeiro internacional. Era uma opção sobretudo dos países em desenvolvimento, que podiam tomar empréstimos junto a bancos privados internacionais sem ter de dar muitas garantias ou ter de se submeter às condições de austeridade fiscal normalmente impostas pelo FMI para a tomada de empréstimos. O pagamento dos juros e das amortizações movimentavam o sistema financeiro e permitia que novos empréstimos fossem feitos, justificando, assim, o nome “reciclagem”.Nesse processo, como se pode perceber, os bancos privados internacionais assumem importância central, pois era por meio deles que eram realizados os empréstimos. Com pouca regulamentação e com baixa (ou quase inexistente) avaliação de risco, os bancos tornaram-se cada vez mais vulneráveis ao não pagamento dos empréstimos e, quando a impossibilidade de pagamento veio, ocasionada pelo 2º choque do petróleo, a necessidade de socorro aos bancos levou ao próprio colapso do sistema. Dessa primeira experiência, perceberam-se os riscos da aprovação de empréstimos sem garantias, da ausência de regulamentação bancária sobre colchões mínimos de liquidez e limites de alavancagem e da ausência de agências de risco. Era preciso, pois, tornar os bancos mais resilientes a crises, e data da década de 1980 a Convenção da Basileia I, que buscava servir a esse propósito. Ademais, o financiamento do endividamento por meio de mais empréstimos trouxe à tona a vulnerabilidade do mundo em desenvolvimento a esse tipo de operação, com crises inflacionárias que se converteram em crises econômicas e políticas, ao longo de toda a década de 1980, em diversos países do Sul Global. Nesse contexto, formou-se um cartel de credores no início da década de 1980. O principal motivo que levou a essa formação foi o 2º choque do petróleo, de 1979, tributário da diminuição da produção do produto no Oriente Médio, devido à eclosão da Revolução Iraniana. A isso, somou-se a decisão de Paul Volcker, à frente do FED, de aumentar exponencialmente a taxa de juros americana, a fim de controlar a inflação no país e voltar a atrair investimentos externos. A medida fez com que os juros flutuantes das dívidas dos países em desenvolvimento se multiplicassem, e a dívida de muitos deles se tornassem 6impagáveis, como foi o caso do Brasil. Assim, a impossibilidade de pagamento (cunhada de “crise da dívida”), somada à falta de liquidez do sistema financeiro internacional, devido ao arrocho monetário do FED e o fim da “reciclagem dos petrodólares”, levou à falência de bancos privados internacionais e ao colapso do sistema de reciclagem competitiva, sendo requerido, dos países em desenvolvimento, que honrassem, então, com seus compromissos. Assim, surge um cartel de credores no início da década de 1980, que vai tentar impor regras mais rígidas para a contração de empréstimos, em especial, dos países em desenvolvimento. A experiência da crise da dívida na década de 1980 no Brasil colocou em pauta a viabilidade do crescimento por meio do endividamento, assim como a sustentabilidade dessa prática. Se a lição foi aprendida, talvez a década de 1980 não tenha sido de todo “perdida”."
        },
        {
            "Nome": "André Delgado",
            "Inicio_candidato": 3510,
            "Inicio_redação": 3578,
            "Nota": 29.0,
            "Redação": "Os anos 1970 viram o ápice do modelo nacional-desenvolvimentista baseado na industrialização por substituição de importações no Brasil e em toda a América Latina. O modelo, baseado nas ideias cepalinas, segundo as quais a deterioração dos termos de troca prejudicava o desenvolvimento dos países exportadores de commodities, pressupunha altas taxas de investimento na indústria, muitas vezes superiores à capacidade de poupança doméstica (pública e privada) desses países. O principal entrave ao desenvolvimento durante décadas havia sido a tendência ao estrangulamento externo, decorrente da crescente necessidade de importação de bens de capital e insumos industriais. A solução para a escassez de divisas e de investimentos desde o final da década de 1960, vinha na forma de poupança externa. À alta liquidez do sistema financeiro internacional somou-se, a partir de 1973, o enorme volume de poupança obtido pelos países da OPEP com o primeiro choque do petróleo. Ao quadriplicar o preço do barril, os países exportadores se viram diante de um grande volume de recursos, os chamados petrodólares. Incapazes de absorver todo o excesso de poupança em suas economias domésticas, tais países buscavam rentabilidade para esses recursos, aplicando-os nos bancos de países desenvolvidos, em franco processo de internacionalização naquela mesma época. Os petrodólares eram, então, direcionados à empréstimos para os países em desenvolvimento importadores de poupança, no processo denominado reciclagem competitiva. Nada mais era do que o sistema financeiro funcionando como previsto, direcionando os excessos de poupança de alguns países para tomadores de empréstimos interessados em investimentos externos para equilibrar seus balanços de pagamentos e impulsionar seu crescimento. Os bancos privados, principalmente nos EUA e Europa, tiveram papel central nesse mecanismo. Em um ambiente de alta liquidez, emprestavam a juros baixos, porém flutuantes, para a América Latina, que então apresentava altas taxas de crescimento econômico. Os ativos do sistema bancária em face dos países latinos cresceu vertiginosamente ao longo dos anos 1970. No Brasil, um dos principais tomadores, estava em curso o segundo Plano Nacional de Desenvolvimento (II PND) do governo Geisel, que colocou a economia em “marcha forçada”, aumentando aceleradamente o endividamento externo, notadamente das empresas estatais, frente aos bancos privados estrangeiros que intermediavam a canalização dos petrodólares. Tal endividamento acelerado continha riscos consideráveis, tanto pra credores quanto para devedores. Os riscos percebidos desse tipo de operação envolviam o fato de os juros serem flutuantes, podendo levar ao aumento inesperado do custo das dívidas em caso de alteração das condições de liquidez internacional. O excesso de endividamento externo em moeda estrangeira por parte de países em desenvolvimento ensejava riscos relacionados às variações cambiais em caso de desvalorização de suas moedas domésticas. O eventual aperto de liquidez poderia comprometer a capacidade dos devedores de honrar seus compromissos com o serviço da dívida. Por fim, havia o risco sistêmico de 4contaminação dos sistemas financeiros nos países desenvolvidos em caso de insolvência e calote da dívida por parte dos latinos, o que não seria exatamente uma novidade na história. Tais riscos se concretizaram a partir de 1979 com o segundo choque do petróleo. O novo abrupto aumento dos preços do barril desequilibrou rapidamente o setor externo de diversos países, interrompendo o projeto do II PND no Brasil. O primeiro a decretar o calote foi o México em 1982, espalhando o medo de contaminação e interrompendo abruptamente o fluxo de recursos aos países da região. Simultaneamente, o aumento das taxas de juros pelo FED de Paul Volcker, com vistas a controle da inflação que afetava a economia norte-americana, impôs custos adicionais à dívida latino-americana, contraída, lembre- se, a juros flutuantes. Nesse período, o governo do presidente Figueiredo, com Delfim Neto à frente da economia, deu início a negociações com o FMI. Em 1987, o governo Sarney decretaria a moratória da dívida brasileira. Diante da concretização do risco sistêmico, dada a ameaça de defaults generalizados, os bancos privados credores organizaram-se no Clube de Paris em um oligopólio cooperativo de credores, visando a negociações conjuntas. A formalização de um cartel pressupõe um pequeno número de ofertantes com controle de fatia significativa do mercado e dispostos a cooperar, em sua maioria, para a manutenção de altos preços e a garantia de lucros aos oligopolistas, que passam a agir, em conjunto, com o poder de um monopolista. No caso da crise da dívida dos anos 1980, os credores se uniram para assegurar negociações vantajosas aos seus interesses, mantendo sua capacidade de extrair vantagens dos devedores insolventes, os “consumidores” do produto cartelizado, isto é, as dívidas.  Além disso, por meio da formação desse cartel, reduziram seus riscos individuais associados ao calote dos devedores, distribuindo entre si os prejuízos do default e os custos das negociações. Conforme apontam Simonsen e Werlang, os países devedores tiveram que transferir recursos ao exterior, uma vez que haviam tomado empréstimos em excesso no final dos anos 1970. Os sacrifícios foram duradouros no caso do Brasil, que só equalizaria plenamente sua dívida externa nos anos 2000, quando se tornou um credor externo líquido. A situação de outros países, a exemplo da Argentina, é reveladora da desfavorável aritmética da dívida e dos riscos da dívida externa."
        },
        {
            "Nome": "Leonardo Maciura",
            "Inicio_candidato": 13214,
            "Inicio_redação": 13290,
            "Nota": 27.5,
            "Redação": "A década de 1970 foi a origem de muitos problemas para países devedores, especialmente países periféricos, os quais sustentavam o seu processo de desenvolvimento em financiamentos internacionais. Conforme sustentam Simonsen e Werlang, a crise da dívida da década de 1980 decorreu da impossibilidade de se continuar recorrendo à reciclagem competitiva, convertendo a dependência externa em restrição externa. O fenômeno da reciclagem competitiva, amplamente utilizado durante a década de 1970, possui algumas características peculiares. Ao final da Guerra do Yom Kippur (1973), os países árabes produtores de petróleo resolveram restringir a produção, o que ocasionou, em função da alta demanda, grande aumento nos preços. Muitas economias latino- americanas, dentre as quais o Brasil, adotavam políticas industrializantes de substituição de importações, de modo que eram altamente dependentes da importação de petróleo e da captação de empréstimos externos, uma vez que havia ampla liquidez no sistema financeiro internacional no contexto do fim do padrão dólar- ouro, decretado unilateralmente pelos EUA em 1971. Com o 1º Choque do Petróleo, o preço das importações disparou, o que gerou deterioração profunda no balanço de pagamentos desses países. No entanto, ainda havia muita liquidez no sistema financeiro internacional, por conta da reciclagem dos petrodólares, que possuía os seguintes traços: países importadores 7comparavam petróleo; países produtores de petróleo depositavam os recursos advindo das exportações em bancos privados internacionais; esses bancos emprestavam recursos aos países periféricos, para que continuassem seus programas de desenvolvimento. Essa situação se tornou insustentável no final da década de 1970, com o 2º Choque do Petróleo e o aperto monetário promovido pelo FED em 1979. Os países devedores, a partir de então, passaram a enfrentar dois grandes problemas: o fim da liquidez no sistema financeiro internacional e a alta dos juros de forma quase generalizada. Como as dívidas eram a juros flutuantes, pós- fixadas, a dívida externa se tornaria impagável. Além disso, a alta dos juros nos EUA provocava fuga de capitais dos países periféricos, ocasionando maior deterioração no balanço de pagamentos. A dependência externa se convertia em restrição externa. Os bancos privados internacionais, como visto, tiveram papel central nesse processo. Até o 2º Choque do Petróleo, eram os principais destinos dos dólares do petróleo e a principal origem dos empréstimos para as economias periféricas. Com o aperto monetário e a alta dos juros, a dívida externa se tornaria impagável, culminando na crise da dívida na década de 1980, que ficou conhecida, em muitos países, como a “década perdida”. Subitamente, os bancos internacionais viam-se desestabilizados, pois contavam com ativos e créditos podres que, aparentemente, não iriam recuperar. A expectativa era a de que a maturação no processo de ISI nos países devedores conduziria, eventualmente, ao pagamento de empréstimos e ao reequilíbrio no balanço de pagamentos, mas, na prática, prevaleceu a moratória da dívida externa, casos do México, em 1982, e do Brasil, em 1987, e em pedidos de socorro ao FMI. A moratória mexicana contribuiu para agravar ainda mais a crise da dívida, devido ao “efeito contágio”. Os capitais sairiam maciçamente dos países periféricos, retroalimentando a crise. Houve a quebra de muitos bancos privados internacionais, enquanto alguns deles, apoiados pelos governos nacionais, sobreviveram e se tornariam grandes credores dos países periféricos, aos quais só restaria negociar planos de reestruturação da dívida, como o Plano Brady, no caso do Brasil. A reciclagem competitiva apresentava muitos riscos percebidos. De início, apostava na permanência da liquidez no sistema financeiro internacional, embora o sistema já desse sinais de desgaste. Além disso, confiava-se enormemente na maturação dos projetos industriais, os quais tornariam os países periféricos exportadores de produtos de maior valor agregado, revertendo a tendência de déficit – esse foi o caso, no Brasil, da “marcha forçada” de Geisel, em que se optou pelo crescimento com endividamento. Essa estratégia era arriscada porque a maturação seria um produto de longo prazo, não impedindo as crises da dívida. Outro risco diz respeito ao colapso cambial, à desvalorização excessiva e ao incremento da inflação. Com efeito, a inflação, sobretudo de custos, foi um grande problema para os países devedores, já que o preço dos insumos aumentava a passos largos. Para os bancos, os riscos eram, basicamente, de insolvência, o que tolhia a possibilidade de se fornecerem créditos ilimitados. Por fim, voltando aos países periféricos, a alta dos juros desestimulava o consumo e o investimento e contribuía para o ambiente de recessão, que tomou conta dessas economias durante a década de 1980.8Em função desse cenário, os credores internacionais optaram por formar um cartel, no início da década de 1980. Um dos motivos para essa decisão foi a possibilidade de adquirir maior força conjunta ante os países devedores, de modo a facilitar a imposição de medidas mais rígidas e evitar que alguns deles prejudicassem a outros com posturas mais permissivas. Outra razão é o fato de que muitos desses bancos encontravam-se enfraquecidos, à beira da insolvência, de modo que não possuíam alternativas senão negociar em conjunto. Muitas dessas negociações foram assumidas por governos e/ ou instituições internacionais, os quais, a fim de reduzir os custos de transação diante da multiplicidade de credores, optaram pela formação de um cartel de credores. Muitos desses bancos privados internacionais, nesse sentido, eram “too big to fail” – a sua quebra ocasionaria danos enormes no conjunto da economia. Em contrapartida, os países devedores também congregaram esforços para negociar coletivamente o refinanciamento da dívida, com o objetivo de ganhar força. Destaca- se, com essa lógica, o Consenso de Cartagena, de meados dos anos 1980, formado por vários países latino- americanos, dentre os quais o Brasil. A reciclagem competitiva foi a ferramenta utilizada por muitos países latino-americanos na década de 1980 para financiarem os seus projetos de desenvolvimento, especialmente após o I Choque do Petróleo. No entanto, ela pressupunha a existência de ampla liquidez no sistema financeiro internacional. Quando essa liquidez deixou de existir, após o II Choque do Petróleo e o aperto monetário do FED, o resultado foi a crise da dívida, que afetou também os bancos privados internacionais, que efetuavam a rolagem dessa dívida. Iniciava-se a “década perdida” na América Latina, com sucessivas moratórias e calotes. No Brasil, Geisel optou pela “marcha forçada”, enquanto o governo Figueiredo, após o fracasso da estratégia de maxidesvalorização, teve de recorrer ao ajuste recessivo."
        },
        {
            "Nome": "Paloma Scroccaro",
            "Inicio_candidato": 20152,
            "Inicio_redação": 20224,
            "Nota": 19.5,
            "Redação": "O endividamento público é um instrumento importante para a distribuição intertemporal ótima das políticas públicas, tornando possível dissociar, temporariamente, a provisão de bens, por parte dos entes governamentais, da arrecadação de tributos. Na década de 1960 e de 1970, diversas economias latino- americanas passavam pelo processo de industrialização tardia por meio da substituição de importações. Segundo a concepção estruturalista da escola da CEPAL, esse processo seria necessário para que a economia fosse capaz, posteriormente, de produzir bens de capital por conta própria. Para isso, a participação do setor público, cumprindo sua função alocativa, foi essencial no fomento à indústria pesada e à construção de infraestruturas que dessem o suporte energético adequado ao desenvolvimento. No Brasil, a década de 1960 passou por um período de reformas estruturais no sistema financeiro, conhecido como PAEG. O grande problema da economia nacional, assim como em outros países vizinhos, era a falta de um sistema robusto de financiamento a longo prazo. A partir dessas reformas, a década de 1970, sobretudo no início, testemunhou uma fase de muitos investimentos na construção civil e subsídios à agricultura. Isso foi possível graças à abundância de liquidez no sistema internacional e, no caso do Brasil, graças à normativa 4.131 e à resolução 63, que permitiam que empresas e bancos privados fizessem empréstimos diretos. Houve, nesse período, sobre- endividamento da economia, o que se tornou ainda mais grave quando as resoluções 432 e 320, por meio de hedges cambiais, estatizaram a dívida. Quando houve o Primeiro Choque do Petróleo, em 1973, os países produtores do Oriente Médio aumentaram vertiginosamente os preços do barril, gerando uma inflação significativa de custos nos países que, como o Brasil, dependiam da importação do produto. Foi nesse contexto que o ciclo de reciclagem competitiva se instaurou. Os EUA reagiram a esse choque aumentando a oferta de divisas e diminuindo os juros. Os países que haviam tomado muitos empréstimos se viram impulsionados a seguir investindo, como foi o caso do II PND (1974) de Geisel. Como os países produtores de petróleo passaram a receber mais divisas, eles dispunham de mais recursos para fazer investimentos. Esse ciclo (enviar divisas para o pagamento de petróleo e receber divisas para realizar investimentos) também foi chamado de reciclagem dos “petrodólares”. A situação passou a esgotar-se quando houve mais um Choque do Petróleo, em 1979, tendo como reação do FED a contração da política monetária e o aumento dos juros. Sendo assim, o serviço da dívida dos bancos privados e da economia passou a fundamentar a célebre “crise da dívida”, dos anos 1980. Com os movimentos especulativos dos investidores, em meio a esse cenário, houve, no México, o chamado “Setembro Negro”, em 1982, que causou corte brusco no fluxo de capitais para os PEDs. O papel dos bancos privados internacionais, nesse processo, está relacionado à tomada de empréstimos e ao fornecimento de 0crédito para a realização de inversões no setor infraestrutural do país. Como mencionado, a falta de um sistema de financiamento de longo prazo obrigou as economias a realizarem acordos e transações com bancos de grande porte, sobretudo dos EUA e da Europa, onde o sistema financeiro é, tradicionalmente, mais estruturado. Há, ainda, a necessidade de conversão de divisas para a realização de transações comerciais, especialmente com o dólar. Sendo assim, sob o monitoramento do Banco Mundial e os parâmetros de estabilidade dos Acordos de Basileia, os bancos atuam garantindo a movimentação necessária da liquidez tanto para os Estados quanto para entes privados nacionais. Nesse tipo de operação, Sargent & Wallace alertam para os riscos do endividamento excessivo no que nomeiam Teoria Fiscal da Dívida. O aumento da emissão de títulos públicos associados a tomada de empréstimos, segundo os autores, possui um “potencial inflacionário de longo prazo”. Isso porque o custo da dívida vai-se tornando cada vez maior, gerando a possibilidade de haver “default” do governo, caso a dívida seja insustentável, aumentando a fuga de divisas e pressionando pela desvalorização/depreciação da moeda nacional. Pelo lado da segurança financeira internacional, há também o risco de o hiato entre o montante emprestado e a quantia de reservas bancárias levar a crises sistêmicas, especialmente sob ataques especulativos, o que é normalmente monitorado pela regulação preventiva, que exige reservas mínimas dos bancos, ou pela regulação comportamental, que propugna por transações transparentes com pleno acesso a informações. O cartel caracteriza-se por ser um tipo de oligopólio em que há acordo explícito (conluio) para a regulação dos preços. Essa prática é proibida na maior parte das economias, como é o caso do Brasil, por meio do CADE. No mercado internacional de crédito, o cartel que se formou na década de 1980 esteve associado aos grandes retornos de escala do setor petrolífero. Exportadores do Golfo Pérsico, principalmente, usando seu poder de mercado, aumentaram seus lucros, em detrimento da redução da liquidez dos demais países. Sob a instabilidade do contexto internacional e a política restritiva de Ronald Reagan, os investidores também procuravam segurança nas moedas mais fortes, como o dólar e o euro, principalmente. Todo esse cenário impactou economias menores e criou um virtual oligopólio caraterizado de Estados e bancos privados que tinham possibilidade de emprestar. Por essa razão, economistas costumam advogar pela política de equilíbrio orçamentário, de maneira que os países possam reduzir os riscos fiscais, aumentar a credibilidade e diminuir a dependência dessas operações."
        },
        {
            "Nome": "Anônimo",
            "Inicio_candidato": 25965,
            "Inicio_redação": 26020,
            "Nota": 6.5,
            "Redação": "O conceito de reciclagem competitiva mencionado por Simonsen e Werlang foi desenvolvido para descrever a manutenção da competitividade de empresas e setores da economia com base em fatores outros que o retorno auferido pela realização da venda de bens ou serviços. O conceito trata da atuação de elementos externos à firma na manutenção da competitividade, podendo ser tanto empréstimos realizados por agentes privados quanto flexibilidades promovidas pelo poder público, como isenções tarifárias e subsídios. Uma vez que esses auxílios às empresas são cortados, suspensos, há o colapso da reciclagem competitiva, uma vez que as empresas não têm condições de manter o mesmo nível de competitividade e são, portanto, abarcadas por empresas maiores ou destruídas. Essa reciclagem foi presente em vários países da América Latina durante o período de auge do desenvolvimentismo, por meio de vultosos empréstimos, auxílio do governo, protecionismo e reservas de mercado. Nesse contexto, os bancos privados exerceram importante papel, uma vez que grande parcela do capital utilizado pelas empresas para manter suas atividades foi emprestado por esses bancos. Havia, no contexto internacional, sobretudo a partir da crise do petróleo de 1973, uma situação de alta liquidez. Governos do Golfo, para os quais fluiu intenso capital devido ao aumento dos preços do petróleo, depositaram seus dólares em bancos internacionais à espera de lucrativas oportunidades de investimento, são os chamados petrodólares. Na medida em que o lucro só se realiza quando está em circulação, esses dólares foram em grande parte reinvestidos, emprestados, a países da América Latina – que buscavam a todo custo desenvolver-se no período -. No Brasil, foi financiado o II Plano Nacional de Desenvolvimento (II PND) durante o governo Geisel, no qual buscava-se complementar o parque industrial brasileiro antes da diminuição da liquidez internacional. Entre 1973 e 1978, foram realizados importante investimentos em tecnologia, com a criação da Embrapa, por exemplo, em bens de capita, com o estabelecimento da Imbel, como ilustração, e em energia, com a construção da usina de Paulo Afonso, notadamente. A operação, no entanto, não era desprovida de riscos, do ponto de vista dos credores internacionais. De fato, tratava-se de somas bastante elevadas de capital a ser emprestado a países com alto grau de endividamento adquirido nos anos anteriores. Havia dúvidas sobre a capacidade de solvência da dívida, tanto externa quanto interna e, embora a economia apresentasse crescimento, como é o caso do Brasil, o parque industrial continuava incompleto e a economia mantinha elevado grau de protecionismo. A pressão inflacionária era também um risco de vinha se avolumando devido ao alto grau de endividamento público. Finalmente, cabe ressaltar o risco político, onde por um lado havia a possibilidade de moratória decretada por governo ditatoriais, por outro, a queda do governo que levaria a novo regime político. Todos esses fatores levaram à adoção, pelos credores, de altas taxas de juros pós-fixados, porquanto o alto risco demanda maiores retornos, sob a perspectiva do capital. 2Dada a eclosão da crise da dívida nos anos 1980 na América Latina, os bancos passaram a agira como um cartel. O cartel é possível em uma estrutura de mercado oligopolista, com poucos fornecedores – no caso, bancos –. Os ofertantes agem em conluio para estabelecer um determinado preço por seu produto e uma data quantidade a ofertar. Essa articulação entre os fornecedores permite sua atuação como se fosse um mercado monopolista, há uma oferta menor e um preço mais alto do que em mercado competitivo. Dessa forma, há maiores cooptação do excedente do consumidor em favor do monopolista. Cabe ressaltar ainda que, dado o contexto de urgente necessidade de capital para pagamento da dívida, o empréstimo torna-se um bem de baixa elasticidade – considerando-se sua essencialidade. Como consequência, os bancos poderiam ser capazes de cobrar valores ainda maiores pelos empréstimos realizados."
        }
    ]
}