id;generatorModel;BLEU_score;BERTScore_Precision;BERTScore_Recall;BERTScore_F1;rouge1;rouge2;rougeL;rougeLsum;CTC_groundness;CTC_groundness_ref;CTC_factual;CTC_factual_ref
0_João Paulo;gpt4o_temp03;0,08688308814003187;0,7401829957962036;0,7338352799415588;0,7369954586029053;0,47391952309985097;0,16567164179104477;0,19821162444113266;0,2727272727272727;332,7340738475323;334,304806381464;0,7035403585901447;0,7091177575144113
0_João Paulo;gpt4o_temp05;0,07910376773163816;0,740726113319397;0,74220871925354;0,7414667010307312;0,4838963079340141;0,16994492525570418;0,21366849960722703;0,28122545168892377;340,632597476244;336,7158136367798;0,7256567031145096;0,7194398836762297
0_João Paulo;gpt4o_temp07;0,07681410409684342;0,7293285727500916;0,7276702523231506;0,7284984588623047;0,45245398773006135;0,13671274961597543;0,18711656441717792;0,26533742331288346;333,84944850206375;335,71515545248985;0,6983200093694761;0,7042470157730814
0_João Paulo;command_r_plus_08_2024_temp03;0,07595394332207128;0,7200356721878052;0,727625846862793;0,7238108515739441;0,4956896551724138;0,1597122302158273;0,20258620689655174;0,2715517241379311;329,0922647714615;330,13078650832176;0,7121203906395857;0,7172403602623472
0_João Paulo;command_r_plus_08_2024_temp05;0,07794115301852322;0,7229636907577515;0,7274583578109741;0,7252040505409241;0,5069637883008357;0,16317991631799164;0,20612813370473534;0,2771587743732591;325,60552498698235;329,5286765396595;0,707952094837731;0,7187356308979147
0_João Paulo;command_r_plus_08_2024_temp07;0,0816578264704277;0,7271069288253784;0,7262555956840515;0,7266810536384583;0,5106934543097861;0,17131732641142117;0,2099805573558004;0,31756318859364874;326,79066583514214;333,82995146512985;0,7018300379608192;0,7195014017469743
0_João Paulo;gemma_27b_temp03;0,045009544197368447;0,7274898290634155;0,7165300846099854;0,721968412399292;0,39099099099099094;0,13176895306859207;0,18198198198198198;0,2522522522522523;329,88917431235313;329,934107452631;0,7033823130177517;0,7052519045039719
0_João Paulo;gemma_27b_temp05;0,05124175262016571;0,7280930876731873;0,7177914381027222;0,7229056358337402;0,4064748201438849;0,13153153153153152;0,19424460431654675;0,24999999999999994;326,5307828485966;327,6016751527786;0,6952382791860431;0,7001617335805705
0_João Paulo;gemma_27b_temp07;0,05124175262016571;0,7280930876731873;0,7177914381027222;0,7229056358337402;0,4064748201438849;0,13153153153153152;0,19424460431654675;0,24999999999999994;326,5307828485966;327,6016751527786;0,6952382791860431;0,7001617335805705
0_João Paulo;gemma_2_9b_it_temp03;0,05910774898593248;0,7390713095664978;0,716636061668396;0,7276808023452759;0,41894353369763204;0,15145985401459855;0,19489981785063754;0,25318761384335153;318,2772610485554;324,6484346687794;0,6987037182438607;0,7149974038203557
0_João Paulo;gemma_2_9b_it_temp05;0,07286835666825449;0,7276802062988281;0,713153600692749;0,7203437089920044;0,45622895622895626;0,15682967959527824;0,20707070707070707;0,2845117845117845;320,7630076408386;327,4845717549324;0,6932975954869214;0,7092498491207758
0_João Paulo;gemma_2_9b_it_temp07;0,0605587471972157;0,720888614654541;0,7098550796508789;0,7153292894363403;0,442159383033419;0,13733905579399142;0,1919451585261354;0,24335904027420735;321,06507804989815;324,90536510944366;0,7039355667198406;0,7151671158332451
0_João Paulo;llama_405b_temp03;0,06194011233101056;0,7233240008354187;0,7072450518608093;0,7151941061019897;0,44813935075217737;0,12371134020618559;0,20269200316706257;0,278701504354711;335,3389915525913;327,4420336782932;0,7347518489056942;0,7226473000119714
0_João Paulo;llama_405b_temp05;0,04774174766361293;0,7218610048294067;0,7077433466911316;0,7147325277328491;0,42611683848797255;0,13253012048192772;0,19243986254295534;0,24570446735395188;320,233223259449;324,2351094186306;0,6979286092753504;0,7089357629126194
0_João Paulo;llama_405b_temp07;0,06670470215715239;0,7386873960494995;0,7173765301704407;0,7278760075569153;0,4770318021201413;0,16637168141592923;0,22791519434628976;0,2915194346289752;326,02669951319695;325,02913385629654;0,7260384514635685;0,7276858929325553
0_João Paulo;llama_3.1_8b_instruct_temp03;0,05772631334017197;0,7240686416625977;0,7198660373687744;0,7219612002372742;0,49648382559774973;0,15352112676056334;0,2250351617440225;0,29254571026722925;322,19641238451004;325,69392570853233;0,7065936641365874;0,7167650058573367
0_João Paulo;llama_3.1_8b_instruct_temp05;0,055982470377750865;0,712383508682251;0,7116215229034424;0,7120023369789124;0,4565868263473054;0,13343328335832083;0,20359281437125748;0,282934131736527;335,33931201696396;340,15424486994743;0,7144675453503927;0,7282193673007629
0_João Paulo;llama_3.1_8b_instruct_temp07;0,061532117633317264;0,7055339217185974;0,7044999599456787;0,705016553401947;0,4690265486725664;0,13441654357459376;0,2168141592920354;0,27433628318584063;319,9109449982643;327,37069776654243;0,6961634377638499;0,7156662192414789
0_João Paulo;mixtral_22b_temp03;0,06971212230546321;0,7316193580627441;0,70912766456604;0,7201979756355286;0,42940685045948207;0,1489539748953975;0,22055137844611528;0,2606516290726817;337,2498376071453;334,6313840150833;0,7219302771722569;0,721712135216769
0_João Paulo;mixtral_22b_temp05;0,0598288339681701;0,7270240187644958;0,7087157964706421;0,7177532315254211;0,39762107051826673;0,1276595744680851;0,1818181818181818;0,2259983007646559;343,8231093287468;342,6012851893902;0,7178645225132213;0,7170223939068178
0_João Paulo;mixtral_22b_temp07;0,046787124692913934;0,7191118001937866;0,7030900716781616;0,711010754108429;0,4163126593033135;0,1174468085106383;0,18351741716227699;0,25658453695836875;335,6971516907215;324,5456765592098;0,7239288474414863;0,7047257339837505
0_João Paulo;mistral_7b_instruct_v0.3_temp03;0,046327500746017845;0,7343683242797852;0,7119420766830444;0,7229812741279602;0,3985307621671258;0,14167433302667892;0,2130394857667585;0,25528007346189163;344,0822848081589;337,9622143805027;0,7409996370474498;0,7337055742740631
0_João Paulo;mistral_7b_instruct_v0.3_temp05;0,04589132409086028;0,7294995784759521;0,7150967121124268;0,7222263813018799;0,41823056300268097;0,12533572068039392;0,1876675603217158;0,24664879356568362;343,3077229857445;335,8879080414772;0,733864135017582;0,7220073982781055
0_João Paulo;mistral_7b_instruct_v0.3_temp07;0,07061312858092372;0,7407861351966858;0,7219207882881165;0,7312318086624146;0,4746580852775543;0,1514907332796132;0,21882542236524538;0,2654867256637168;334,17314925789833;335,21548956632614;0,7189375770442626;0,724830018305311
0_João Paulo;phi_3_small_8k_instruct_temp03;0,047473331858934945;0,7374634146690369;0,7176687121391296;0,7274314761161804;0,4322960470984021;0,13310867733782644;0,17998317914213624;0,26240538267451635;335,0956119596958;338,53710970282555;0,7190537928950553;0,7280134608348211
0_João Paulo;phi_3_small_8k_instruct_temp05;0,04550425325286485;0,7392160296440125;0,7266428470611572;0,7328754663467407;0,41472172351885095;0,1366906474820144;0,1867145421903052;0,26570915619389585;335,25524801015854;334,6575026810169;0,7173884948094685;0,7201129730425629
0_João Paulo;phi_3_small_8k_instruct_temp07;0,03398292548386738;0,7505539655685425;0,7265406250953674;0,7383520603179932;0,3996194100856327;0,13536701620591038;0,19980970504281634;0,26260704091341575;329,27100962400436;333,7365320622921;0,7109335414919199;0,7245576654579126
0_João Paulo;phi_4_temp03;0,07840552835660296;0,7379186153411865;0,7315340042114258;0,7347124218940735;0,4828685258964143;0,16121308858739025;0,21832669322709164;0,27888446215139445;334,0598400235176;338,5293152332306;0,7040045569924748;0,7158220039863212
0_João Paulo;phi_4_temp05;0,06818771795578912;0,7441660165786743;0,7358070611953735;0,7399629354476929;0,47516556291390727;0,15920398009950248;0,2152317880794702;0,28642384105960267;324,71893364191055;328,96230751276016;0,7117799927206601;0,7222390153828789
0_João Paulo;phi_4_temp07;0,058260729696755685;0,7364253997802734;0,7381294965744019;0,7372764945030212;0,40445586975149955;0,13733905579399142;0,20565552699228792;0,2485004284490146;341,4907068312168;335,2360850572586;0,728661617286065;0,7181204027989332
0_João Paulo;qwen_72b_temp03;0,10144209203596528;0,7362247109413147;0,7265631556510925;0,7313620448112488;0,5236463331048664;0,1784488675360329;0,22344071281699796;0,29335161069225496;329,4765383899212;328,0248468220234;0,7181783725817998;0,7185490018596836
0_João Paulo;qwen_72b_temp05;0,0979660098526529;0,7380117177963257;0,7310642004013062;0,7345215678215027;0,5537340619307832;0,22613981762917934;0,23800850030358225;0,31815421979356406;330,54276010394096;344,9573638141155;0,7097794203781614;0,7422065541440366
0_João Paulo;qwen_72b_temp07;0,11767974973836905;0,7409087419509888;0,7379465699195862;0,7394247055053711;0,532235939643347;0,22527472527472525;0,2318244170096022;0,3100137174211249;332,0529505908489;336,7921724021435;0,7106971352123747;0,7238012416105645
0_João Paulo;qwen2.5_7b_instruct_temp03;0,04017158791402026;0,7244275212287903;0,7172656059265137;0,7208288311958313;0,4410517387616625;0,13254035683942228;0,1628498727735369;0,22391857506361323;331,8541069626808;337,33045122027397;0,7085643730911554;0,7211813086972517
0_João Paulo;qwen2.5_7b_instruct_temp05;0,0;0,7234028577804565;0,7104724645614624;0,7168793678283691;0,42634315424610053;0,10590277777777776;0,1733102253032929;0,23743500866551126;336,5506743490696;338,2467152476311;0,7164020605531394;0,7220271921625324
0_João Paulo;qwen2.5_7b_instruct_temp07;0,04907692596582919;0,7249914407730103;0,7189961671829224;0,7219813466072083;0,41469816272965876;0,12971078001752848;0,19772528433945757;0,25196850393700787;338,52359932661057;338,7894096374512;0,717681742065093;0,7202329372658449
0_João Paulo;sabia3_temp03;0,09051192233272189;0,7397165298461914;0,7503639459609985;0,7450022101402283;0,5066666666666666;0,1513353115727003;0,2177777777777778;0,3111111111111111;324,64889565110207;334,9275550842285;0,7029423576359656;0,7256986103805841
0_João Paulo;sabia3_temp05;0,105858569299165;0,7234888076782227;0,7429029941558838;0,7330673933029175;0,5323636363636364;0,1995630007283321;0,21963636363636366;0,30399999999999994;327,19597685337067;335,75781920552254;0,699383128156849;0,7176859073194803
0_João Paulo;sabia3_temp07;0,07968137694149115;0,7409729957580566;0,7480428218841553;0,7444911003112793;0,5198237885462554;0,16764705882352943;0,21585903083700442;0,2936857562408223;328,4880023598671;334,72681069374084;0,7043225380135517;0,7189097363574832
1_Pedro Mahin;gpt4o_temp03;0,02176257044108655;0,7265339493751526;0,7220749258995056;0,7242975831031799;0,42940038684719534;0,11233053582956747;0,15989684074790458;0,22952933591231464;332,7340738475323;333,31498634815216;0,7035403585901447;0,7059714778381235
1_Pedro Mahin;gpt4o_temp05;0,024684723173815565;0,7156137228012085;0,720523476600647;0,7180601954460144;0,43319838056680166;0,12972972972972974;0,16329284750337386;0,21862348178137653;340,632597476244;332,7456154823303;0,7256567031145096;0,7109683871269226
1_Pedro Mahin;gpt4o_temp07;0,0227217336810747;0,7080754637718201;0,7106449604034424;0,7093578577041626;0,3899537343027098;0,09662475181998677;0,14805023132848644;0,20753469927296758;333,84944850206375;330,91894260048866;0,6983200093694761;0,6935768729915806
1_Pedro Mahin;command_r_plus_08_2024_temp03;0,027387403978479392;0,7123565077781677;0,7138676643371582;0,7131112813949585;0,4309806371018114;0,10131332082551595;0,1561524047470331;0,231105559025609;329,0922647714615;320,73761743307114;0,7121203906395857;0,6972243356938456
1_Pedro Mahin;command_r_plus_08_2024_temp05;0,03812231880872605;0,713355541229248;0,7132571935653687;0,7133063673973083;0,4498480243161094;0,10225197808886183;0,16534954407294833;0,2370820668693009;325,60552498698235;320,9393153190613;0,707952094837731;0,7004412045081456
1_Pedro Mahin;command_r_plus_08_2024_temp07;0,05902642765149087;0,7075247764587402;0,7093758583068848;0,7084490656852722;0,45662100456621;0,12228571428571429;0,17579908675799089;0,2568493150684932;326,79066583514214;327,6800304353237;0,7018300379608192;0,7055354682253856
1_Pedro Mahin;gemma_27b_temp03;0,017026642205583965;0,7155566215515137;0,7108244895935059;0,7131826877593994;0,32600454890068237;0,08504176157934701;0,13646702047005305;0,1956027293404094;329,88917431235313;328,5207820236683;0,7033823130177517;0,7014044785616445
1_Pedro Mahin;gemma_27b_temp05;0,017195018877936702;0,7176119685173035;0,7117679119110107;0,7146779894828796;0,3330809992429977;0,089461713419257;0,14383043149129449;0,19530658591975775;326,5307828485966;327,58763018250465;0,6952382791860431;0,7001800679108676
1_Pedro Mahin;gemma_27b_temp07;0,017195018877936702;0,7176119685173035;0,7117679119110107;0,7146779894828796;0,3330809992429977;0,089461713419257;0,14383043149129449;0,19530658591975775;326,5307828485966;327,58763018250465;0,6952382791860431;0,7001800679108676
1_Pedro Mahin;gemma_2_9b_it_temp03;0,016655224955808234;0,7172634601593018;0,7058013081550598;0,711486279964447;0,33052792654934965;0,08735632183908044;0,15608263198163735;0,2050497322111706;318,2772610485554;317,98809000849724;0,6987037182438607;0,6991548193436042
1_Pedro Mahin;gemma_2_9b_it_temp05;0,02406416390297558;0,721440315246582;0,7111318707466125;0,7162489891052246;0,35790980672870437;0,08458781362007169;0,15891195418754475;0,211882605583393;320,7630076408386;325,76864129304886;0,6932975954869214;0,7052775479414883
1_Pedro Mahin;gemma_2_9b_it_temp07;0,01999696095030911;0,6999765634536743;0,693030834197998;0,6964863538742065;0,3357558139534884;0,06986899563318778;0,1511627906976744;0,1947674418604651;321,06507804989815;318,2936568260193;0,7039355667198406;0,6997757273561814
1_Pedro Mahin;llama_405b_temp03;0,02604809669515991;0,7005516290664673;0,6899700164794922;0,6952205300331116;0,38722826086956524;0,09115646258503401;0,1644021739130435;0,22146739130434778;335,3389915525913;320,13159251213074;0,7347518489056942;0,7042065696973426
1_Pedro Mahin;llama_405b_temp05;0,017817995107397715;0,722573459148407;0,7059304714202881;0,7141549587249756;0,3568827385287691;0,10211524434719184;0,1529497450837582;0,21849963583394025;320,233223259449;329,1990629732609;0,6979286092753504;0,7168114173061707
1_Pedro Mahin;llama_405b_temp07;0,01971082213196341;0,7236863970756531;0,7042738199234009;0,7138481736183167;0,3713646532438479;0,10156833457804333;0,16107382550335572;0,22520507084265473;326,02669951319695;318,73104679584503;0,7260384514635685;0,7107544038809982
1_Pedro Mahin;llama_3.1_8b_instruct_temp03;0,020481135036437052;0,7020943760871887;0,700322151184082;0,701207160949707;0,4083384426732066;0,08839779005524863;0,16922133660331087;0,23053341508277128;322,19641238451004;316,59548661112785;0,7065936641365874;0,6958900419520396
1_Pedro Mahin;llama_3.1_8b_instruct_temp05;0,0;0,7004245519638062;0,6991946697235107;0,6998090744018555;0,4258899676375404;0,0985093972780298;0,16699029126213594;0,23042071197411007;335,33931201696396;329,94879680871964;0,7144675453503927;0,7064657665935217
1_Pedro Mahin;llama_3.1_8b_instruct_temp07;0,020570947594082633;0,696725070476532;0,6972852945327759;0,6970050930976868;0,41150159744408943;0,09980806142034548;0,1674121405750799;0,2338658146964856;319,9109449982643;322,97627770900726;0,6961634377638499;0,7054839090973724
1_Pedro Mahin;mixtral_22b_temp03;0,01680270973888811;0,7194856405258179;0,6944590210914612;0,7067508101463318;0,34850640113798015;0,07692307692307694;0,15789473684210528;0,1948790896159317;337,2498376071453;340,2734460234642;0,7219302771722569;0,729418702102175
1_Pedro Mahin;mixtral_22b_temp05;0,019996837485520752;0,7042157053947449;0,6958972215652466;0,7000318169593811;0,31601731601731603;0,07803468208092486;0,1486291486291486;0,18326118326118326;343,8231093287468;339,427960395813;0,7178645225132213;0,709644038011046
1_Pedro Mahin;mixtral_22b_temp07;0,014389549827054397;0,7007960677146912;0,6876014471054077;0,6941360831260681;0,3535353535353535;0,07514450867052022;0,15873015873015872;0,20634920634920634;335,6971516907215;325,1780564188957;0,7239288474414863;0,7052307824293772
1_Pedro Mahin;mistral_7b_instruct_v0.3_temp03;0,011429667632029463;0,7274997234344482;0,7006685733795166;0,7138320803642273;0,3158705701078583;0,08950617283950618;0,1463790446841294;0,17719568567026195;344,0822848081589;332,8428634405136;0,7409996370474498;0,720166244693831
1_Pedro Mahin;mistral_7b_instruct_v0.3_temp05;0,010833939061998038;0,7165769934654236;0,6983225345611572;0,7073319554328918;0,33433734939759036;0,06485671191553545;0,1430722891566265;0,1686746987951807;343,3077229857445;331,60117650032043;0,733864135017582;0,7104954291792477
1_Pedro Mahin;mistral_7b_instruct_v0.3_temp07;0,022673934085914536;0,7237147092819214;0,6992348432540894;0,7112641930580139;0,39944903581267216;0,11448275862068967;0,16391184573002754;0,21487603305785122;334,17314925789833;328,3907316029072;0,7189375770442626;0,7084993900621639
1_Pedro Mahin;phi_3_small_8k_instruct_temp03;0,015054404565867503;0,7166937589645386;0,7045050859451294;0,710547149181366;0,38197424892703863;0,0830945558739255;0,14878397711015737;0,20886981402002863;335,0956119596958;330,08927950263023;0,7190537928950553;0,7092820193837671
1_Pedro Mahin;phi_3_small_8k_instruct_temp05;0,01515126675055555;0,7271056175231934;0,7113559246063232;0,7191445231437683;0,3567649281934996;0,08932626797880393;0,14512471655328799;0,18442932728647013;335,25524801015854;329,68718260526657;0,7173884948094685;0,7065153628003363
1_Pedro Mahin;phi_3_small_8k_instruct_temp07;0,0;0,7264649271965027;0,7035534977912903;0,7148256897926331;0,3206349206349206;0,0794912559618442;0,1349206349206349;0,19047619047619047;329,27100962400436;327,1941863000393;0,7109335414919199;0,70811447939452
1_Pedro Mahin;phi_4_temp03;0,01760907588367864;0,7228706479072571;0,7149393558502197;0,7188831567764282;0,3961748633879782;0,09849521203830369;0,1557377049180328;0,21311475409836067;334,0598400235176;334,9724898338318;0,7040045569924748;0,7054529050985973
1_Pedro Mahin;phi_4_temp05;0,015124551300526486;0,7174208164215088;0,712626576423645;0,7150156497955322;0,37826393789696544;0,0833922261484099;0,1482004234297812;0,1990119971771348;324,71893364191055;320,2129640877247;0,7117799927206601;0,7023863459919013
1_Pedro Mahin;phi_4_temp07;0,021013467092442447;0,7119776606559753;0,7075901031494141;0,7097770571708679;0,3590116279069767;0,09461426491994178;0,14534883720930233;0,21220930232558138;341,4907068312168;330,25321689248085;0,728661617286065;0,7036561737457911
1_Pedro Mahin;qwen_72b_temp03;0,046976367357926874;0,7162426710128784;0,7071523666381836;0,7116684317588806;0,4352517985611511;0,10444177671068426;0,17386091127098321;0,24220623501199043;329,4765383899212;320,43266558647156;0,7181783725817998;0,700046145214754
1_Pedro Mahin;qwen_72b_temp05;0,04167443282552069;0,7125546932220459;0,7057068347930908;0,7091141939163208;0,4806034482758621;0,12405609492988133;0,1745689655172414;0,25754310344827586;330,54276010394096;328,14297768473625;0,7097794203781614;0,7050054058724758
1_Pedro Mahin;qwen_72b_temp07;0,05384468553052366;0,7192200422286987;0,7166732549667358;0,7179443836212158;0,47750449910018;0,13933933933933937;0,1847630473905219;0,2543491301739652;332,0529505908489;327,31107744574547;0,7106971352123747;0,7015013403167911
1_Pedro Mahin;qwen2.5_7b_instruct_temp03;0,0;0,7115169763565063;0,7133601903915405;0,7124373912811279;0,3443804034582132;0,08802308802308803;0,14697406340057637;0,18876080691642652;331,8541069626808;332,05810433626175;0,7085643730911554;0,7099853093717613
1_Pedro Mahin;qwen2.5_7b_instruct_temp05;0,0160547962037047;0,7149584293365479;0,7082951068878174;0,7116111516952515;0,338958180484226;0,08376193975018369;0,15553925165077037;0,18928833455612618;336,5506743490696;334,82131427526474;0,7164020605531394;0,7137714786856783
1_Pedro Mahin;qwen2.5_7b_instruct_temp07;0,0;0,7199088335037231;0,7169601321220398;0,7184315323829651;0,3550295857988165;0,08444444444444445;0,15384615384615385;0,20414201183431954;338,52359932661057;338,51655727624893;0,717681742065093;0,7184594997003967
1_Pedro Mahin;sabia3_temp03;0,035340670719549175;0,7207698822021484;0,715252161026001;0,7180004119873047;0,4387427838357922;0,09890815671162494;0,16420782552918536;0,2463117382937781;324,64889565110207;323,19934210181236;0,7029423576359656;0,7009973146751816
1_Pedro Mahin;sabia3_temp05;0,034157869303161226;0,6999751329421997;0,7136066555976868;0,7067251205444336;0,45202020202020204;0,11251580278128952;0,16161616161616163;0,2424242424242424;327,19597685337067;321,5356864929199;0,699383128156849;0,6881207845959009
1_Pedro Mahin;sabia3_temp07;0,027800395911993223;0,7183218598365784;0,7138515710830688;0,7160797119140625;0,4481222151495863;0,09560229445506693;0,1642266072565245;0,22533418204964992;328,4880023598671;325,8617815375328;0,7043225380135517;0,6996248949392169
2_Gersínio dos Anjos;gpt4o_temp03;0,06315043177718963;0,712313711643219;0,7060325145721436;0,7091591954231262;0,47356664184661207;0,13721103653989558;0,17721518987341772;0,23529411764705882;332,7340738475323;331,36761406064034;0,7035403585901447;0,7028458276800081
2_Gersínio dos Anjos;gpt4o_temp05;0,048982517966587445;0,7143990993499756;0,7038575410842896;0,7090891599655151;0,4521193092621664;0,13679245283018865;0,17896389324960754;0,23390894819466249;340,632597476244;326,0708514750004;0,7256567031145096;0,6981072985074099
2_Gersínio dos Anjos;gpt4o_temp07;0,051275768840789465;0,7062506079673767;0,703863263130188;0,7050549387931824;0,4505747126436781;0,12279355333844973;0,17164750957854408;0,2329501915708812;333,84944850206375;330,97487285733223;0,6983200093694761;0,6942714609936171
2_Gersínio dos Anjos;command_r_plus_08_2024_temp03;0,06439817569087825;0,7075530290603638;0,7138930559158325;0,7107088565826416;0,4551328068916009;0,14809489575844714;0,17372577171572146;0,24982053122756642;329,0922647714615;321,2035060226917;0,7121203906395857;0,698134156944705
2_Gersínio dos Anjos;command_r_plus_08_2024_temp05;0,06266087474538753;0,7062067985534668;0,7066317200660706;0,7064192295074463;0,4676409185803758;0,12682926829268293;0,1781489213639527;0,2533054975643702;325,60552498698235;318,0835086405277;0,707952094837731;0,6941727733495189
2_Gersínio dos Anjos;command_r_plus_08_2024_temp07;0,05354463375957914;0,7018145322799683;0,7023074626922607;0,7020609378814697;0,44041450777202074;0,11673151750972763;0,16580310880829016;0,2551813471502591;326,79066583514214;325,5638575851917;0,7018300379608192;0,7019654759589363
2_Gersínio dos Anjos;gemma_27b_temp03;0,03765354956027846;0,7085551023483276;0,6968041658401489;0,7026305198669434;0,387038703870387;0,11000901713255185;0,17281728172817282;0,21782178217821785;329,88917431235313;324,3945163190365;0,7033823130177517;0,6921976732272728
2_Gersínio dos Anjos;gemma_27b_temp05;0,032602994824678294;0,7092645168304443;0,6967489123344421;0,7029509544372559;0,36477987421383645;0,09540954095409543;0,16352201257861634;0,21203953279424978;326,5307828485966;323,2208977639675;0,6952382791860431;0,6909449282230116
2_Gersínio dos Anjos;gemma_27b_temp07;0,032602994824678294;0,7092645168304443;0,6967489123344421;0,7029509544372559;0,36477987421383645;0,09540954095409543;0,16352201257861634;0,21203953279424978;326,5307828485966;323,2208977639675;0,6952382791860431;0,6909449282230116
2_Gersínio dos Anjos;gemma_2_9b_it_temp03;0,031382792458382415;0,7173506021499634;0,7034043073654175;0,7103090286254883;0,37488626023657873;0,10938924339106655;0,1856232939035487;0,2311191992720655;318,2772610485554;313,6307933330536;0,6987037182438607;0,6909294978076337
2_Gersínio dos Anjos;gemma_2_9b_it_temp05;0,04736442373895512;0,7120792865753174;0,6965243816375732;0,704215943813324;0,4137931034482759;0,12299915754001685;0,1883936080740118;0,24053826745164003;320,7630076408386;319,6281663775444;0,6932975954869214;0,6942998877927369
2_Gersínio dos Anjos;gemma_2_9b_it_temp07;0,03501404864576156;0,7001150846481323;0,6896204948425293;0,6948281526565552;0,36986301369863017;0,09262435677530016;0,17636986301369864;0,2208904109589041;321,06507804989815;313,80038717389107;0,7039355667198406;0,6915660149326511
2_Gersínio dos Anjos;llama_405b_temp03;0,04821561219676235;0,708611249923706;0,6952660083770752;0,7018752098083496;0,40822784810126583;0,10142630744849446;0,1740506329113924;0,2420886075949367;335,3389915525913;323,5188947021961;0,7347518489056942;0,7129809799147587
2_Gersínio dos Anjos;llama_405b_temp05;0,033156472825651144;0,7124931216239929;0,696811318397522;0,7045649886131287;0,3896995708154507;0,10146173688736028;0,17682403433476393;0,255793991416309;320,233223259449;327,9380677342415;0,6979286092753504;0,7151290450026008
2_Gersínio dos Anjos;llama_405b_temp07;0,05617846056508556;0,7122669816017151;0,6904104948043823;0,701168417930603;0,42012356575463367;0,1308576480990274;0,18005295675198588;0,24007060900264787;326,02669951319695;318,2807413637638;0,7260384514635685;0,7125305997974732
2_Gersínio dos Anjos;llama_3.1_8b_instruct_temp03;0,034633782749034725;0,7103172540664673;0,7023404836654663;0,7063063383102417;0,41321152494729446;0,09852216748768472;0,1770906535488405;0,24033731553056922;322,19641238451004;318,40680903196335;0,7065936641365874;0,7008851247675278
2_Gersínio dos Anjos;llama_3.1_8b_instruct_temp05;0,025303222379842;0,6940465569496155;0,6951135993003845;0,6945796608924866;0,3844427823485415;0,10636704119850188;0,16454749439042632;0,21540762902019447;335,33931201696396;329,47072660923004;0,7144675453503927;0,7057977619124394
2_Gersínio dos Anjos;llama_3.1_8b_instruct_temp07;0,03989085598364204;0,696033239364624;0,6931231021881104;0,6945751309394836;0,42004421518054524;0,1092250922509225;0,17686072218128226;0,2417096536477524;319,9109449982643;319,9159789085388;0,6961634377638499;0,6993350109633277
2_Gersínio dos Anjos;mixtral_22b_temp03;0,05177791145406037;0,7059011459350586;0,6865896582603455;0,6961115002632141;0,40233722871452415;0,10869565217391304;0,18030050083472451;0,23205342237061768;337,2498376071453;329,3840939104557;0,7219302771722569;0,7102602905502506
2_Gersínio dos Anjos;mixtral_22b_temp05;0,03576829822519531;0,6877029538154602;0,6793662309646606;0,683509111404419;0,37351443123938877;0,1054421768707483;0,1697792869269949;0,19864176570458403;343,8231093287468;338,1318307518959;0,7178645225132213;0,7085044486849916
2_Gersínio dos Anjos;mixtral_22b_temp07;0,03151235283831287;0,6997520923614502;0,6862607002258301;0,6929407119750977;0,3701188455008489;0,08163265306122448;0,16298811544991512;0,1969439728353141;335,6971516907215;318,13985136151314;0,7239288474414863;0,6912828354858884
2_Gersínio dos Anjos;mistral_7b_instruct_v0.3_temp03;0,03591871155986073;0,7052741050720215;0,68594890832901;0,695477306842804;0,3724770642201835;0,10845588235294118;0,17247706422018347;0,2165137614678899;344,0822848081589;329,5563678443432;0,7409996370474498;0,7137774954239527
2_Gersínio dos Anjos;mistral_7b_instruct_v0.3_temp05;0,04461935631774276;0,692924439907074;0,6811150312423706;0,6869690418243408;0,38749999999999996;0,11270125223613595;0,16607142857142856;0,21785714285714286;343,3077229857445;327,85921490192413;0,733864135017582;0,7034931983433518
2_Gersínio dos Anjos;mistral_7b_instruct_v0.3_temp07;0,06624010254471782;0,7046387791633606;0,694506049156189;0,6995356678962708;0,4115755627009646;0,12238325281803544;0,18488745980707397;0,23311897106109325;334,17314925789833;324,0940067768097;0,7189375770442626;0,7022883758825414
2_Gersínio dos Anjos;phi_3_small_8k_instruct_temp03;0,0476396361502764;0,702435314655304;0,6949731111526489;0,6986842751502991;0,43697478991596633;0,1212121212121212;0,17142857142857146;0,22352941176470584;335,0956119596958;329,83089980483055;0,7190537928950553;0,7084505207982718
2_Gersínio dos Anjos;phi_3_small_8k_instruct_temp05;0,04215901071045718;0,7125107645988464;0,7016584873199463;0,7070429921150208;0,4179372197309418;0,11500449236298292;0,1739910313901345;0,220627802690583;335,25524801015854;326,97254809737206;0,7173884948094685;0,7028158465436861
2_Gersínio dos Anjos;phi_3_small_8k_instruct_temp07;0,03217222370618413;0,7116918563842773;0,6918363571166992;0,7016236782073975;0,3821292775665399;0,1352380952380952;0,1634980988593156;0,21482889733840302;329,27100962400436;325,7648794353008;0,7109335414919199;0,7063114077437158
2_Gersínio dos Anjos;phi_4_temp03;0,041700181615589575;0,7040350437164307;0,6982966661453247;0,7011541128158569;0,43789808917197454;0,13237639553429026;0,16878980891719744;0,24363057324840764;334,0598400235176;329,75688779354095;0,7040045569924748;0,6953960893785253
2_Gersínio dos Anjos;phi_4_temp05;0,04371474877971043;0,70931077003479;0,7017384767532349;0,705504298210144;0,42349048800661704;0,11930405965202981;0,17204301075268816;0,22332506203473945;324,71893364191055;321,976266592741;0,7117799927206601;0,7056494938976624
2_Gersínio dos Anjos;phi_4_temp07;0,03876827125862757;0,7137351036071777;0,7037414908409119;0,7087030410766602;0,38527397260273966;0,1097770154373928;0,1695205479452055;0,22773972602739725;341,4907068312168;326,4382401108742;0,728661617286065;0,6978803911629845
2_Gersínio dos Anjos;qwen_72b_temp03;0,06033029583620452;0,7013273239135742;0,6964389085769653;0,6988745927810669;0,4534246575342466;0,12208504801097393;0,18630136986301368;0,26986301369863014;329,4765383899212;319,98102831840515;0,7181783725817998;0,7004080078181099
2_Gersínio dos Anjos;qwen_72b_temp05;0,06400514888335834;0,7089841365814209;0,6994474530220032;0,7041835188865662;0,47694174757281554;0,13973268529769137;0,1929611650485437;0,2669902912621359;330,54276010394096;330,59740445017815;0,7097794203781614;0,71135068015725
2_Gersínio dos Anjos;qwen_72b_temp07;0,0774720240445438;0,700998067855835;0,7016572952270508;0,7013275623321533;0,47840986977381766;0,1496225120109815;0,1973954763536669;0,2604523646333105;332,0529505908489;314,834399074316;0,7106971352123747;0,6790210965217328
2_Gersínio dos Anjos;qwen2.5_7b_instruct_temp03;0,027043354571320132;0,7011932134628296;0,6932801604270935;0,6972143054008484;0,38813559322033897;0,07640067911714771;0,1440677966101695;0,21016949152542372;331,8541069626808;329,4124701619148;0,7085643730911554;0,7056571485949498
2_Gersínio dos Anjos;qwen2.5_7b_instruct_temp05;0,020591636586283095;0,7046087384223938;0,6985760927200317;0,7015793919563293;0,39480519480519477;0,08152645273200348;0,15584415584415584;0,21125541125541125;336,5506743490696;332,18873688578606;0,7164020605531394;0,7089282972555534
2_Gersínio dos Anjos;qwen2.5_7b_instruct_temp07;0,033474226314761685;0,714101254940033;0,7087600231170654;0,7114205360412598;0,4143356643356643;0,11558669001751312;0,16433566433566432;0,2062937062937063;338,52359932661057;333,4904523193836;0,717681742065093;0,7094254971134897
2_Gersínio dos Anjos;sabia3_temp03;0,05085697076444294;0,7087571620941162;0,7048777341842651;0,7068121433258057;0,45299777942264985;0,10971089696071164;0,17468541820873426;0,2516654330125832;324,64889565110207;314,8684596121311;0,7029423576359656;0,684685139854749
2_Gersínio dos Anjos;sabia3_temp05;0,05212040509026609;0,6900395154953003;0,7035617828369141;0,6967350244522095;0,4781976744186046;0,1455604075691412;0,18459302325581395;0,2659883720930233;327,19597685337067;316,61397825181484;0,699383128156849;0,6781629864783848
2_Gersínio dos Anjos;sabia3_temp07;0,06405444164902804;0,7098033428192139;0,7087702751159668;0,7092864513397217;0,4739545121056493;0,1396032329169728;0,1702127659574468;0,24651504035216434;328,4880023598671;321,9382586181164;0,7043225380135517;0,6926015011820139
3_Essi Rafael;gpt4o_temp03;0,03246019802995442;0,7158777117729187;0,7168413400650024;0,7163591980934143;0,397427652733119;0,10688989053444946;0,17106109324758845;0,2302250803858521;332,7340738475323;331,7213505208492;0,7035403585901447;0,7032375806102565
3_Essi Rafael;gpt4o_temp05;0,032110419944462835;0,7113569974899292;0,716183602809906;0,7137622237205505;0,40107671601615075;0,10512129380053907;0,16150740242261102;0,22745625841184386;340,632597476244;330,03294628858566;0,7256567031145096;0,7060224720076018
3_Essi Rafael;gpt4o_temp07;0,021548443709206107;0,6910157203674316;0,7025730609893799;0,6967464685440063;0,3796967699406724;0,09372937293729372;0,15161502966381019;0,22808174027686223;333,84944850206375;326,8634450137615;0,6983200093694761;0,6852551836009119
3_Essi Rafael;command_r_plus_08_2024_temp03;0,033195821228868966;0,7029495239257812;0,717695415019989;0,7102459073066711;0,4186915887850467;0,09981285090455395;0,1657320872274143;0,23052959501557635;329,0922647714615;324,2546939253807;0,7121203906395857;0,7035065274612576
3_Essi Rafael;command_r_plus_08_2024_temp05;0,04570517852588419;0,7025102972984314;0,7132360339164734;0,7078325152397156;0,4439053972104306;0,1068609593199757;0,16616130988477865;0,2522741055184961;325,60552498698235;321,9049170911312;0,707952094837731;0,7010184118560716
3_Essi Rafael;command_r_plus_08_2024_temp07;0,047507054272222474;0,6980201601982117;0,7111654877662659;0,7045314908027649;0,4521640091116173;0,12542759407069554;0,16970387243735763;0,26309794988610474;326,79066583514214;322,75607976317406;0,7018300379608192;0,6948573871570475
3_Essi Rafael;gemma_27b_temp03;0,020166799263260232;0,7102299928665161;0,7134549617767334;0,7118387818336487;0,3250188964474679;0,07872823618470856;0,14361300075585792;0,20105820105820107;329,88917431235313;328,10212326049805;0,7033823130177517;0,7009102726683897
3_Essi Rafael;gemma_27b_temp05;0,016652529689759867;0,7111526727676392;0,7117649912834167;0,711458683013916;0,330566037735849;0,08163265306122448;0,15849056603773587;0,21433962264150944;326,5307828485966;327,2946784198284;0,6952382791860431;0,6982796890478508
3_Essi Rafael;gemma_27b_temp07;0,016652529689759867;0,7111526727676392;0,7117649912834167;0,711458683013916;0,330566037735849;0,08163265306122448;0,15849056603773587;0,21433962264150944;326,5307828485966;327,2946784198284;0,6952382791860431;0,6982796890478508
3_Essi Rafael;gemma_2_9b_it_temp03;0,01981923600680049;0,7195908427238464;0,7132654190063477;0,7164141535758972;0,3493516399694889;0,10695187165775402;0,15560640732265446;0,2105263157894737;318,2772610485554;323,81870663166046;0,6987037182438607;0,7102866511718899
3_Essi Rafael;gemma_2_9b_it_temp05;0,037247058490129104;0,7136058807373047;0,709581732749939;0,7115881443023682;0,3911491791577445;0,10721944245889921;0,17130620985010706;0,24553890078515345;320,7630076408386;328,0130003094673;0,6932975954869214;0,7107603762664046
3_Essi Rafael;gemma_2_9b_it_temp07;0,021694861388103948;0,6999787092208862;0,7020881772041321;0,7010318040847778;0,35507246376811596;0,0899854862119013;0,16811594202898553;0,21304347826086953;321,06507804989815;320,8376234471798;0,7039355667198406;0,7049949502828075
3_Essi Rafael;llama_405b_temp03;0,03129744859166444;0,7031114101409912;0,6923036575317383;0,6976656913757324;0,3726287262872629;0,09090909090909093;0,16395663956639567;0,22899728997289973;335,3389915525913;322,31983879208565;0,7347518489056942;0,7079203367233277
3_Essi Rafael;llama_405b_temp05;0,0328096866446364;0,7127216458320618;0,70330810546875;0,7079836130142212;0,37037037037037035;0,10909090909090911;0,1713870733478577;0,2193173565722585;320,233223259449;329,31415489315987;0,6979286092753504;0,7163894984652014
3_Essi Rafael;llama_405b_temp07;0,03584521463788131;0,7202861309051514;0,7066492438316345;0,7134024500846863;0,3836431226765799;0,12509307520476545;0,18587360594795538;0,24535315985130113;326,02669951319695;327,6577966809273;0,7260384514635685;0,7296054553751852
3_Essi Rafael;llama_3.1_8b_instruct_temp03;0,04619246868062603;0,7013437151908875;0,7015382051467896;0,7014409899711609;0,4207951070336391;0,11022657685241885;0,18103975535168193;0,23730886850152905;322,19641238451004;320,24538853764534;0,7065936641365874;0,7037752459446589
3_Essi Rafael;llama_3.1_8b_instruct_temp05;0,031147148717938587;0,6876426935195923;0,6938335299491882;0,69072425365448;0,39122014202711425;0,10989010989010989;0,17559715945771467;0,23628147191736606;335,33931201696396;327,6296241283417;0,7144675453503927;0,7013529896736145
3_Essi Rafael;llama_3.1_8b_instruct_temp07;0,039432032571511955;0,679424524307251;0,6918128132820129;0,6855627298355103;0,4219247928616954;0,11742182514358648;0,1835564053537285;0,25876354365838117;319,9109449982643;315,7384141087532;0,6961634377638499;0,6900318339759228
3_Essi Rafael;mixtral_22b_temp03;0,03182746562396607;0,7062004804611206;0,6917582154273987;0,6989047527313232;0,3631205673758865;0,09659090909090909;0,175886524822695;0,23829787234042552;337,2498376071453;339,0601743757725;0,7219302771722569;0,7290010455192304
3_Essi Rafael;mixtral_22b_temp05;0,01976921896024913;0,7054978609085083;0,6999650001525879;0,7027205228805542;0,34244604316546756;0,09798270893371758;0,15971223021582734;0,19568345323741007;343,8231093287468;344,0861115157604;0,7178645225132213;0,7200407816498887
3_Essi Rafael;mixtral_22b_temp07;0,025990515335738845;0,6986057758331299;0,6877462863922119;0,693133533000946;0,34100719424460435;0,0835734870317003;0,14244604316546763;0,1856115107913669;335,6971516907215;322,06028485298157;0,7239288474414863;0,6994643591782626
3_Essi Rafael;mistral_7b_instruct_v0.3_temp03;0,014634429164879;0,7067282199859619;0,6999572515487671;0,7033264636993408;0,31643625192012287;0,08307692307692306;0,15668202764976957;0,19508448540706605;344,0822848081589;331,1647610068321;0,7409996370474498;0,7174095247306076
3_Essi Rafael;mistral_7b_instruct_v0.3_temp05;0,02331678149706112;0,7063412666320801;0,700332522392273;0,7033240795135498;0,34534534534534533;0,08571428571428572;0,16366366366366367;0,1786786786786787;343,3077229857445;333,4573912024498;0,733864135017582;0,7145644245194454
3_Essi Rafael;mistral_7b_instruct_v0.3_temp07;0,03346487354045736;0,71833735704422;0,7072198987007141;0,7127352952957153;0,3873626373626374;0,11279229711141678;0,16895604395604397;0,2184065934065934;334,17314925789833;331,7035817205906;0,7189375770442626;0,7165062035415687
3_Essi Rafael;phi_3_small_8k_instruct_temp03;0,02050721419685593;0,7153496742248535;0,7037523984909058;0,7095036506652832;0,37803138373751777;0,10428571428571427;0,15977175463623394;0,21255349500713266;335,0956119596958;335,61143493652344;0,7190537928950553;0,7207211199928732
3_Essi Rafael;phi_3_small_8k_instruct_temp05;0,017784567279415197;0,7238678932189941;0,7188099026679993;0,7213300466537476;0,35870384325546345;0,09962264150943398;0,16126601356443104;0,21401657874905802;335,25524801015854;334,3188610970974;0,7173884948094685;0,7175971620807461
3_Essi Rafael;phi_3_small_8k_instruct_temp07;0,014286656810602476;0,7267856001853943;0,7139346599578857;0,7203028202056885;0,33227848101265817;0,10776545166402535;0,1629746835443038;0,2041139240506329;329,27100962400436;332,8103630244732;0,7109335414919199;0,7202311896225986
3_Essi Rafael;phi_4_temp03;0,025680172072795417;0,7072720527648926;0,7093193531036377;0,7082942128181458;0,3923705722070845;0,10231923601637109;0,16621253405994552;0,23569482288828336;334,0598400235176;332,3874562382698;0,7040045569924748;0,7014676028606939
3_Essi Rafael;phi_4_temp05;0,023118501090629684;0,7187249660491943;0,714614748954773;0,7166639566421509;0,38986629134412387;0,10711768851303737;0,163265306122449;0,22237860661505982;324,71893364191055;330,3639632463455;0,7117799927206601;0,7217319719931659
3_Essi Rafael;phi_4_temp07;0,024803635515150704;0,7128515243530273;0,7136472463607788;0,713249146938324;0,33188405797101445;0,08563134978229317;0,1463768115942029;0,20579710144927538;341,4907068312168;325,6112679839134;0,728661617286065;0,69464196749762
3_Essi Rafael;qwen_72b_temp03;0,08562489201948557;0,7155067920684814;0,7190819382667542;0,717289924621582;0,4796650717703349;0,15928143712574852;0,20574162679425836;0,28827751196172247;329,4765383899212;325,1905979216099;0,7181783725817998;0,7115745944719688
3_Essi Rafael;qwen_72b_temp05;0,0835598570008682;0,720750093460083;0,7203024625778198;0,7205262184143066;0,5096774193548387;0,17330462863293863;0,19032258064516128;0,2752688172043011;330,54276010394096;332,79320588707924;0,7097794203781614;0,7143638595062144
3_Essi Rafael;qwen_72b_temp07;0,0651761312967977;0,7095385789871216;0,7184802293777466;0,7139814496040344;0,4703770197486535;0,1665668064709407;0,1855176540993417;0,2788749251944943;332,0529505908489;322,64348688721657;0,7106971352123747;0,6918287954494065
3_Essi Rafael;qwen2.5_7b_instruct_temp03;0,01565682294471115;0,7064096927642822;0,704483151435852;0,7054451107978821;0,3520114942528736;0,07482014388489208;0,15086206896551727;0,1939655172413793;331,8541069626808;329,36498388648033;0,7085643730911554;0,7059727026551378
3_Essi Rafael;qwen2.5_7b_instruct_temp05;0,016347322590010822;0,7034565210342407;0,6977275013923645;0,7005802989006042;0,3467446964155085;0,0717948717948718;0,1506949524506218;0,19751280175566935;336,5506743490696;331,5261930823326;0,7164020605531394;0,7081456511628395
3_Essi Rafael;qwen2.5_7b_instruct_temp07;0,015671847221756102;0,7075201869010925;0,7114934921264648;0,7095012664794922;0,35103244837758113;0,10487444608567208;0,16076696165191742;0,21238938053097348;338,52359932661057;336,4324263930321;0,717681742065093;0,7145089986277562
3_Essi Rafael;sabia3_temp03;0,04718962391056737;0,717348575592041;0,7253857851028442;0,7213447690010071;0,4401791426743442;0,11531069827033953;0,17018554062699937;0,2610364683301344;324,64889565110207;322,7171563208103;0,7029423576359656;0,7004258273278966
3_Essi Rafael;sabia3_temp05;0,05342498270148308;0,7032264471054077;0,7250009179115295;0,7139477133750916;0,47103274559193953;0,14123581336696092;0,18639798488664985;0,2682619647355164;327,19597685337067;322,8693878054619;0,699383128156849;0,6914927779459485
3_Essi Rafael;sabia3_temp07;0,04777502501898008;0,7163093090057373;0,7214565873146057;0,7188737988471985;0,44825396825396824;0,12841703750794659;0,17904761904761907;0,2412698412698413;328,4880023598671;331,31781113147736;0,7043225380135517;0,7112959677097844
4_Fernando Simões;gpt4o_temp03;0,04357075208256394;0,7274448275566101;0,719112753868103;0,7232548594474792;0,43142660234321156;0,11042097998619738;0,16540317022742934;0,23845623707787733;332,7340738475323;332,33870765566826;0,7035403585901447;0,7028278966160382
4_Fernando Simões;gpt4o_temp05;0,048247530064086004;0,7318946123123169;0,7243140339851379;0,7280846238136292;0,45296671490593343;0,15507246376811595;0,191027496382055;0,24023154848046308;340,632597476244;336,1525434553623;0,7256567031145096;0,716610602479355
4_Fernando Simões;gpt4o_temp07;0,04791893794721254;0,7228624224662781;0,7238844633102417;0,7233731150627136;0,4302901627742392;0,12898653437278526;0,17268223637650387;0,24911535739561216;333,84944850206375;332,6526801288128;0,6983200093694761;0,6958120249065698
4_Fernando Simões;command_r_plus_08_2024_temp03;0,059426459203126517;0,7137468457221985;0,7139233946800232;0,7138351202011108;0,4583610926049301;0,13475650433622413;0,1692205196535643;0,2598267821452365;329,0922647714615;319,86147275567055;0,7121203906395857;0,6945240051722994
4_Fernando Simões;command_r_plus_08_2024_temp05;0,06387698932247;0,7111454606056213;0,7111313939094543;0,7111384272575378;0,4711974110032362;0,12832145171743356;0,16828478964401294;0,26925566343042073;325,60552498698235;318,41722828149796;0,707952094837731;0,6933768748068342
4_Fernando Simões;command_r_plus_08_2024_temp07;0,05617761659297236;0,709712028503418;0,7115091681480408;0,7106094360351562;0,46004842615012104;0,1296969696969697;0,16464891041162227;0,2506053268765133;326,79066583514214;323,2580496072769;0,7018300379608192;0,696964850729587
4_Fernando Simões;gemma_27b_temp03;0,0322107618114432;0,7265332937240601;0,7196011543273926;0,7230506539344788;0,3625922887612798;0,11668036154478224;0,14930270713699753;0,23789991796554555;329,88917431235313;332,8361425995827;0,7033823130177517;0,7085468594934426
4_Fernando Simões;gemma_27b_temp05;0,0251109444843896;0,7283151745796204;0,7165402173995972;0,7223796844482422;0,3521703521703522;0,11484823625922888;0,1588861588861589;0,23914823914823916;326,5307828485966;331,0950916111469;0,6952382791860431;0,7045884840044321
4_Fernando Simões;gemma_27b_temp07;0,0251109444843896;0,7283151745796204;0,7165402173995972;0,7223796844482422;0,3521703521703522;0,11484823625922888;0,1588861588861589;0,23914823914823916;326,5307828485966;331,0950916111469;0,6952382791860431;0,7045884840044321
4_Fernando Simões;gemma_2_9b_it_temp03;0,028556104443601456;0,7293858528137207;0,7134642601013184;0,7213371992111206;0,3993371996685998;0,13443983402489626;0,17895608947804473;0,22203811101905552;318,2772610485554;322,22494634985924;0,6987037182438607;0,7071014109195447
4_Fernando Simões;gemma_2_9b_it_temp05;0,03845641340687852;0,7320922613143921;0,7182968258857727;0,7251288890838623;0,4070932922127988;0,1297297297297297;0,17579028527370855;0,2451811873554356;320,7630076408386;325,8606603741646;0,6932975954869214;0,7046899925844342
4_Fernando Simões;gemma_2_9b_it_temp07;0,03306990960907331;0,7134707570075989;0,7058305740356445;0,7096300721168518;0,3918495297805643;0,1098901098901099;0,17554858934169276;0,23510971786833854;321,06507804989815;323,6285527050495;0,7039355667198406;0,7094709011269551
4_Fernando Simões;llama_405b_temp03;0,05879867414324759;0,7360066175460815;0,7134840488433838;0,7245703339576721;0,4737609329446064;0,1605839416058394;0,19387755102040818;0,2769679300291545;335,3389915525913;332,0917778015137;0,7347518489056942;0,728301195303599
4_Fernando Simões;llama_405b_temp05;0,02957026750909148;0,720374345779419;0,6970986723899841;0,7085453867912292;0,38648860958366066;0,1038552321007081;0,1791044776119403;0,22623723487824035;320,233223259449;324,14145001769066;0,6979286092753504;0,7031500556305343
4_Fernando Simões;llama_405b_temp07;0,043749411681670215;0,7391717433929443;0,7155784964561462;0,7271838188171387;0,42868654311039484;0,14205004035512508;0,20145044319097505;0,25946817082997586;326,02669951319695;325,3209670484066;0,7260384514635685;0,7252091535750558
4_Fernando Simões;llama_3.1_8b_instruct_temp03;0,03343073931956486;0,7175109386444092;0,7095685005187988;0,7135176062583923;0,4585238406270412;0,14388489208633096;0,1959503592423253;0,2821685173089484;322,19641238451004;318,19535288214684;0,7065936641365874;0,6996537879985921
4_Fernando Simões;llama_3.1_8b_instruct_temp05;0,03724652845294711;0,7149902582168579;0,7066351175308228;0,7107881307601929;0,45536332179930794;0,1469161469161469;0,17716262975778546;0,285121107266436;335,33931201696396;326,45029747486115;0,7144675453503927;0,6974940735919802
4_Fernando Simões;llama_3.1_8b_instruct_temp07;0,038236323124973395;0,7089224457740784;0,7027850151062012;0,7058404684066772;0,4641638225255973;0,13807245386192754;0,1870307167235495;0,27303754266211605;319,9109449982643;315,51172026991844;0,6961634377638499;0,6890116113658045
4_Fernando Simões;mixtral_22b_temp03;0,0469068867370579;0,7245243787765503;0,7033267617225647;0,7137681841850281;0,40735068912710565;0,1334355828220859;0,1852986217457887;0,24196018376722817;337,2498376071453;339,0291973054409;0,7219302771722569;0,7268924665801665
4_Fernando Simões;mixtral_22b_temp05;0,03806019305414627;0,7237903475761414;0,7024245858192444;0,712947428226471;0,3965785381026439;0,14174454828660438;0,17262830482115085;0,2130637636080871;343,8231093287468;343,2088499069214;0,7178645225132213;0,7157358302789576
4_Fernando Simões;mixtral_22b_temp07;0,026423088742872206;0,715951681137085;0,7010964751243591;0,708446204662323;0,40590979782270603;0,11059190031152648;0,18040435458786935;0,23950233281493002;335,6971516907215;322,19933396577835;0,7239288474414863;0,6964903090514388
4_Fernando Simões;mistral_7b_instruct_v0.3_temp03;0,03280236130592766;0,737999439239502;0,7116442918777466;0,724582314491272;0,37395659432387307;0,1321070234113712;0,17529215358931555;0,21702838063439067;344,0822848081589;336,38745725154877;0,7409996370474498;0,7277018619518654
4_Fernando Simões;mistral_7b_instruct_v0.3_temp05;0,04062567799945795;0,7304736971855164;0,7083565592765808;0,7192451357841492;0,3941368078175896;0,13213703099510604;0,18078175895765472;0,21986970684039084;343,3077229857445;335,41670447587967;0,733864135017582;0,7164786681825039
4_Fernando Simões;mistral_7b_instruct_v0.3_temp07;0,05779054338208002;0,7311922907829285;0,7154582738876343;0,7232397198677063;0,4541420118343195;0,16592592592592592;0,1908284023668639;0,24704142011834315;334,17314925789833;335,38880240917206;0,7189375770442626;0,7223900268475215
4_Fernando Simões;phi_3_small_8k_instruct_temp03;0,03718421863966904;0,7299408316612244;0,7184064984321594;0,7241277098655701;0,43605546995377503;0,12808641975308643;0,18181818181818182;0,23266563944530044;335,0956119596958;334,47263836860657;0,7190537928950553;0,7181053878045549
4_Fernando Simões;phi_3_small_8k_instruct_temp05;0,03045488553166829;0,7368230223655701;0,7180039882659912;0,7272917628288269;0,40228945216680295;0,12776412776412777;0,1766148814390842;0,21259198691741618;335,25524801015854;334,16391295194626;0,7173884948094685;0,7171263275193233
4_Fernando Simões;phi_3_small_8k_instruct_temp07;0,02594335684178628;0,743317186832428;0,7155799269676208;0,7291848659515381;0,36724137931034484;0,13644214162348878;0,17586206896551723;0,22413793103448273;329,27100962400436;335,5214973092079;0,7109335414919199;0,7250471099334604
4_Fernando Simões;phi_4_temp03;0,046360704099723336;0,7360106706619263;0,7261278629302979;0,7310358285903931;0,45307917888563054;0,14096916299559473;0,17155425219941345;0,2697947214076246;334,0598400235176;337,5157392024994;0,7040045569924748;0,7101891334734711
4_Fernando Simões;phi_4_temp05;0,03092139756052025;0,7290858030319214;0,7155617475509644;0,7222604751586914;0,4100227790432802;0,11406844106463879;0,17312072892938496;0,23690205011389523;324,71893364191055;323,3619162142277;0,7117799927206601;0,7075527804154976
4_Fernando Simões;phi_4_temp07;0,038625879391779964;0,7293391227722168;0,7177684307098389;0,7235074639320374;0,36833855799373044;0,1130298273155416;0,16614420062695928;0,22570532915360506;341,4907068312168;333,2776629328728;0,728661617286065;0,7120142632839727
4_Fernando Simões;qwen_72b_temp03;0,0981432592969137;0,7323592305183411;0,7220152020454407;0,7271504402160645;0,47576530612244894;0,16347381864623245;0,20408163265306123;0,2755102040816326;329,4765383899212;322,3273873925209;0,7181783725817998;0,7060029767307581
4_Fernando Simões;qwen_72b_temp05;0,08735324794189937;0,7295278310775757;0,7176652550697327;0,7235478758811951;0,4863325740318907;0,15051311288483465;0,18906605922551253;0,2847380410022779;330,54276010394096;328,0716986358166;0,7097794203781614;0,7067433430283677
4_Fernando Simões;qwen_72b_temp07;0,07814286208653713;0,735930323600769;0,7330297231674194;0,734477162361145;0,5156349712827057;0,17252396166134187;0,204211869814933;0,27185705169112956;332,0529505908489;328,9725832641125;0,7106971352123747;0,7056674595557008
4_Fernando Simões;qwen2.5_7b_instruct_temp03;0,03221150072745536;0,7130742073059082;0,7155545353889465;0,7143122553825378;0,375776397515528;0,104199066874028;0,1599378881987578;0,22826086956521738;331,8541069626808;331,16424787044525;0,7085643730911554;0,7068728058945899
4_Fernando Simões;qwen2.5_7b_instruct_temp05;0,021259065692632285;0,721545398235321;0,7171834111213684;0,7193577885627747;0,38163103721298497;0,10309278350515466;0,166270783847981;0,22961203483768805;336,5506743490696;333,31448143720627;0,7164020605531394;0,7100834616259033
4_Fernando Simões;qwen2.5_7b_instruct_temp07;0,022950469315584095;0,7233318090438843;0,7185917496681213;0,7209539413452148;0,39456869009584666;0,10880000000000001;0,1661341853035144;0,23003194888178913;338,52359932661057;336,9826751947403;0,717681742065093;0,7158980460727916
4_Fernando Simões;sabia3_temp03;0,06063462487279673;0,7295014262199402;0,723150372505188;0,7263121008872986;0,46470185058259084;0,13452299245024021;0,17135023989033582;0,26730637422892395;324,64889565110207;324,3632792532444;0,7029423576359656;0,7028377023982066
4_Fernando Simões;sabia3_temp05;0,04938567193935346;0,7022767663002014;0,7106256484985352;0,7064265608787537;0,4811320754716981;0,14844804318488528;0,18463611859838278;0,28571428571428575;327,19597685337067;317,74601697921753;0,699383128156849;0,6814118412195468
4_Fernando Simões;sabia3_temp07;0,06437855555410982;0,7206243276596069;0,7168028354644775;0,7187084555625916;0,486743711760707;0,13886997957794417;0,18354860639021076;0,2583276682528892;328,4880023598671;329,7106032073498;0,7043225380135517;0,7080037234460607
5_Anônimo;gpt4o_temp03;0,040103824172766527;0,7194433808326721;0,710512638092041;0,7149501442909241;0,38924455825864274;0,10128205128205128;0,14596670934699105;0,21510883482714468;332,7340738475323;335,80234840512276;0,7035403585901447;0,7134886746897416
5_Anônimo;gpt4o_temp05;0,027441676860978995;0,7060658931732178;0,7054386734962463;0,7057521939277649;0,391158740790355;0,10194500335345406;0,15405224380442062;0,23040857334226392;340,632597476244;327,32378405332565;0,7256567031145096;0,7012042155452803
5_Anônimo;gpt4o_temp07;0,045160932670708004;0,7013540863990784;0,7026398181915283;0,701996386051178;0,39238845144356954;0,10249671484888304;0,14304461942257218;0,20866141732283466;333,84944850206375;335,22920110821724;0,6983200093694761;0,7015650476895127
5_Anônimo;command_r_plus_08_2024_temp03;0,047855623531422246;0,7007014155387878;0,7040717005729675;0,702382504940033;0,42928039702233256;0,11180124223602483;0,1575682382133995;0,23821339950372206;329,0922647714615;323,46515598893166;0,7121203906395857;0,7031900573594897
5_Anônimo;command_r_plus_08_2024_temp05;0,059996695006337995;0,7033352851867676;0,7034318447113037;0,7033835649490356;0,464975845410628;0,11487303506650545;0,16666666666666666;0,25;325,60552498698235;322,76041316986084;0,707952094837731;0,70412337289137
5_Anônimo;command_r_plus_08_2024_temp07;0,05425787682557855;0,6993972063064575;0,7013935446739197;0,7003939747810364;0,450368689733409;0,10221465076660986;0,16108905275099264;0,24957458876914346;326,79066583514214;324,30806094408035;0,7018300379608192;0,6999371395391576
5_Anônimo;gemma_27b_temp03;0,02474932680044445;0,7087897062301636;0,7005516290664673;0,7046465873718262;0,3488721804511278;0,10240963855421688;0,1443609022556391;0,20902255639097747;329,88917431235313;330,6019831895828;0,7033823130177517;0,7076641355075088
5_Anônimo;gemma_27b_temp05;0,02142929061115119;0,7104172706604004;0,7021381855010986;0,7062534689903259;0,35135135135135137;0,11127819548872181;0,14414414414414414;0,2042042042042042;326,5307828485966;326,98775497078896;0,6952382791860431;0,6992135623506471
5_Anônimo;gemma_27b_temp07;0,02142929061115119;0,7104172706604004;0,7021381855010986;0,7062534689903259;0,35135135135135137;0,11127819548872181;0,14414414414414414;0,2042042042042042;326,5307828485966;326,98775497078896;0,6952382791860431;0,6992135623506471
5_Anônimo;gemma_2_9b_it_temp03;0,02231920603440488;0,719656229019165;0,7020060420036316;0,7107215523719788;0,36267071320182087;0,12006079027355622;0,1669195751138088;0,21396054628224578;318,2772610485554;322,8609105050564;0,6987037182438607;0,7122731900098277
5_Anônimo;gemma_2_9b_it_temp05;0,03275730787022427;0,7115267515182495;0,699710488319397;0,7055691480636597;0,40056818181818177;0,10241820768136559;0,16051136363636362;0,21306818181818182;320,7630076408386;329,84707087278366;0,6932975954869214;0,7159872276525872
5_Anônimo;gemma_2_9b_it_temp07;0,03359622007629547;0,7039119005203247;0,6938117146492004;0,6988252401351929;0,4037490987743331;0,12707581227436823;0,1687094448449892;0,22494592645998557;321,06507804989815;324,1388849616051;0,7039355667198406;0,7150499721952513
5_Anônimo;llama_405b_temp03;0,03347345212486251;0,7011613845825195;0,6879501938819885;0,6944929957389832;0,40053944706675654;0,11073598919648885;0,16183412002697234;0,24275118004045854;335,3389915525913;322,93939623236656;0,7347518489056942;0,713704592164825
5_Anônimo;llama_405b_temp05;0,019083600141513325;0,708019495010376;0,6935807466506958;0,7007257342338562;0,36127167630057805;0,09840810419681621;0,1647398843930636;0,19942196531791906;320,233223259449;325,83709847927094;0,6979286092753504;0,7127249147377762
5_Anônimo;llama_405b_temp07;0,02598861988146201;0,7170854806900024;0,6957791447639465;0,7062716484069824;0,3579881656804733;0,10666666666666667;0,15828402366863903;0,22189349112426035;326,02669951319695;319,344979763031;0,7260384514635685;0,7157411416371663
5_Anônimo;llama_3.1_8b_instruct_temp03;0,04349149879691486;0,7027966976165771;0,7019472718238831;0,7023717761039734;0,43239951278928135;0,11707317073170732;0,17295980511571257;0,24847746650426314;322,19641238451004;321,0298557281494;0,7065936641365874;0,7078374873189365
5_Anônimo;llama_3.1_8b_instruct_temp05;0,05147504234439381;0,6995538473129272;0,6925294399261475;0,6960239410400391;0,4267352185089975;0,12998712998712997;0,16580976863753216;0,25835475578406175;335,33931201696396;330,5698638558388;0,7144675453503927;0,708023326069701
5_Anônimo;llama_3.1_8b_instruct_temp07;0,06266789981940223;0,6922624111175537;0,6914947032928467;0,6918783187866211;0,44796954314720816;0,14104193138500634;0,1738578680203046;0,2576142131979695;319,9109449982643;319,9781637787819;0,6961634377638499;0,6997950875291638
5_Anônimo;mixtral_22b_temp03;0,039951222938109425;0,7039405107498169;0,6793537735939026;0,6914286017417908;0,37544107268877913;0,11448763250883394;0,16654904728299225;0,2032462949894143;337,2498376071453;334,5869598686695;0,7219302771722569;0,7193072397919262
5_Anônimo;mixtral_22b_temp05;0,021081860094599284;0,704632580280304;0,6789714097976685;0,6915640234947205;0,3335719398711525;0,0903225806451613;0,14316392269148176;0,20042949176807448;343,8231093287468;342,0187614560127;0,7178645225132213;0,7150741881015255
5_Anônimo;mixtral_22b_temp07;0,020645644591650553;0,6977754831314087;0,6822202205657959;0,6899101734161377;0,34359341445955616;0,07455197132616487;0,15032211882605584;0,18324982104509663;335,6971516907215;324,9953764677048;0,7239288474414863;0,7041769969697093
5_Anônimo;mistral_7b_instruct_v0.3_temp03;0,020406808060268605;0,7154380083084106;0,6904157400131226;0,7027041912078857;0,30863254392666156;0,09028309104820198;0,13903743315508021;0,20168067226890754;344,0822848081589;333,54292327165604;0,7409996370474498;0,7228098759464189
5_Anônimo;mistral_7b_instruct_v0.3_temp05;0,023978817726202178;0,7063735723495483;0,6865143775939941;0,6963024139404297;0,33607169529499625;0,0912490650710546;0,14488424197162061;0,15683345780433158;343,3077229857445;336,4852589070797;0,733864135017582;0,7208483032736124
5_Anônimo;mistral_7b_instruct_v0.3_temp07;0,03402418863984448;0,7071182727813721;0,6874200105667114;0,697130024433136;0,380041011619959;0,1163586584531143;0,1572112098427888;0,2228298017771702;334,17314925789833;330,3227761089802;0,7189375770442626;0,7114619454332426
5_Anônimo;phi_3_small_8k_instruct_temp03;0,03121483610094742;0,7060595154762268;0,691926896572113;0,698921799659729;0,39034776437189495;0,1222459132906894;0,15188076650106458;0,20865862313697658;335,0956119596958;333,4508968293667;0,7190537928950553;0,7159204802676743
5_Anônimo;phi_3_small_8k_instruct_temp05;0,021138342939623026;0,724809467792511;0,7021455764770508;0,7132975459098816;0,3478260869565218;0,0990990990990991;0,1484257871064468;0,20389805097451275;335,25524801015854;336,4957305788994;0,7173884948094685;0,721950948822732
5_Anônimo;phi_3_small_8k_instruct_temp07;0,0152072136820055;0,7250520586967468;0,6977730989456177;0,711151123046875;0,32730133752950435;0,1118991331757289;0,14004720692368214;0,19354838709677422;329,27100962400436;332,4773395359516;0,7109335414919199;0,7218293933891783
5_Anônimo;phi_4_temp03;0,032526431143068774;0,7078336477279663;0,6960660815238953;0,7019006013870239;0,41491525423728814;0,0991174473862865;0,16542372881355932;0,22508474576271187;334,0598400235176;336,0399327278137;0,7040045569924748;0,7095717247794656
5_Anônimo;phi_4_temp05;0,03271078928588808;0,7209137678146362;0,7115282416343689;0,7161902785301208;0,3949579831932773;0,10238429172510519;0,15126050420168066;0,2142857142857143;324,71893364191055;327,4820684790611;0,7117799927206601;0,717378971974055
5_Anônimo;phi_4_temp07;0,0214688281189099;0,7086451053619385;0,7066665887832642;0,7076544761657715;0,3244412400865177;0,09963898916967509;0,14708002883922133;0,20475847152126891;341,4907068312168;337,25950053334236;0,728661617286065;0,7221980211197161
5_Anônimo;qwen_72b_temp03;0,08434955554618019;0,7194900512695312;0,7125768661499023;0,7160167694091797;0,5038713519952353;0,16100178890876563;0,197736748064324;0,27754615842763547;329,4765383899212;328,9976222217083;0,7181783725817998;0,7210220972112581
5_Anônimo;qwen_72b_temp05;0,07356525305453497;0,7151772379875183;0,7022535800933838;0,7086564302444458;0,4895554365291912;0,12761394101876672;0,17996786288162828;0,2763792179967863;330,54276010394096;332,07964742183685;0,7097794203781614;0,71522736584439
5_Anônimo;qwen_72b_temp07;0,06097342781943104;0,7072095274925232;0,7020597457885742;0,7046251893043518;0,4767580452920143;0,12291169451073986;0,17520858164481526;0,25387365911799764;332,0529505908489;322,22168788313866;0,7106971352123747;0,6939895251802369
5_Anônimo;qwen2.5_7b_instruct_temp03;0,010597943454639255;0,7156873941421509;0,7032637596130371;0,7094211578369141;0,3345246604717656;0,07730851825340014;0,13295210864903503;0,1958541815582559;331,8541069626808;330,9963132441044;0,7085643730911554;0,7080003504075256
5_Anônimo;qwen2.5_7b_instruct_temp05;0,009668995867098724;0,7045018672943115;0,6999579071998596;0,7022225856781006;0,3406113537117904;0,07580174927113703;0,13973799126637554;0,18922852983988353;336,5506743490696;333,4055243432522;0,7164020605531394;0,7113498618205388
5_Anônimo;qwen2.5_7b_instruct_temp07;0,02428786357270588;0,7089295983314514;0,7000349760055542;0,7044541835784912;0,36096845194424065;0,11168258633357826;0,1467351430667645;0,1922230374174615;338,52359932661057;336,86552146077156;0,717681742065093;0,7169454427910786
5_Anônimo;sabia3_temp03;0,05992542291044812;0,7155505418777466;0,7142434120178223;0,7148964405059814;0,44458598726114645;0,1288265306122449;0,16178343949044585;0,25095541401273885;324,64889565110207;328,70003464818;0,7029423576359656;0,7125540113332225
5_Anônimo;sabia3_temp05;0,05240366711748888;0,6975003480911255;0,7120130062103271;0,7046819925308228;0,4614420062695925;0,12429378531073447;0,1755485893416928;0,2495297805642633;327,19597685337067;327,38253480196;0,699383128156849;0,701483431633781
5_Anônimo;sabia3_temp07;0,046894165050392074;0,7115887999534607;0,7087621688842773;0,7101725935935974;0,45512010113780027;0,12278481012658228;0,17572692793931735;0,24525916561314792;328,4880023598671;334,0009917318821;0,7043225380135517;0,7174979535388012
